family,free_fraction,kappa,local_instability_beta,coexistence_beta,magnetization_jump
pair,0.17,0.16479184330021645370928678553837886,1.7767395188301847136075853105899832,1.7554296172738545516021792483382758,0.43543779053442924292470996032906756
pair,0.19,0.16479184330021645370928678553837886,1.6991403174008282893156561832297223,1.6969275343216758259875109168876365,0.27270950021703093412170819488800802
pair,0.2,0.16479184330021645370928678553837886,1.6666666666666666666666666666666667,,
pair,0.21,0.16479184330021645370928678553837886,1.6372956759156372712193492471661907,,
pair,0.23,0.16479184330021645370928678553837886,1.5858033663303479550075572383784351,,
pair,0.3,0.16479184330021645370928678553837886,1.452918402214122787825389711636522,,
chain,0.13702819956616052060737527114967462,0.15549772632449925675388232474879567,1.9105678646964810374342035811962443,1.8795148213715460582267902485797646,0.43741832641129362895348220858994174
chain,0.15702819956616052060737527114967462,0.15549772632449925675388232474879567,1.8075691436374375426308517144161094,1.8045463468392947557082989282572713,0.272090627474859054095334976078748
chain,0.16702819956616052060737527114967462,0.15549772632449925675388232474879567,1.7662835249042145593869731800766284,,
chain,0.17702819956616052060737527114967462,0.15549772632449925675388232474879567,1.7296522245119730816744840766099649,,
chain,0.19702819956616052060737527114967462,0.15549772632449925675388232474879567,1.6667823925070720831065210005236867,,
chain,0.26702819956616052060737527114967462,0.15549772632449925675388232474879567,1.5104112720700317132554797711771989,,
