N,family,lambda,preparation,between_readings,within_interval,seconds
10000000000000000000000000000000010,packet,-2,2.4675500068442728e-18,1.7537615523845937e-36,2.3198699841103934e-36,0.6830214760266244
10000000000000000000000000000000010,packet,-1,3.7953831278635695e-18,4.149061426788346e-36,5.48836473986387e-36,0.7010982928331941
10000000000000000000000000000000010,packet,0,6.890279005374155e-18,1.3674524550723558e-35,1.8088615872021053e-35,0.7752582710236311
10000000000000000000000000000000010,packet,1,1.4965834411095503e-17,6.451199771170776e-35,8.533625731667849e-35,0.7568810139782727
10000000000000000000000000000000010,packet,2,3.140075458843055e-17,2.8400029339207138e-34,3.756746492834104e-34,0.8544235799927264
10000000000000000000000000000000010,signed_packet,-2,2.4675500068442728e-18,1.7537615523845937e-36,2.3198699841103934e-36,1.8735378780402243
10000000000000000000000000000000010,signed_packet,-1,3.795383127863569e-18,4.149061426788346e-36,5.4883647398638694e-36,2.160366630880162
10000000000000000000000000000000010,signed_packet,0,6.890279005374155e-18,1.3674524550723558e-35,1.8088615872021053e-35,2.3131610970012844
10000000000000000000000000000000010,signed_packet,1,1.4965834411095503e-17,6.451199771170776e-35,8.533625731667849e-35,2.177825976163149
10000000000000000000000000000000010,signed_packet,2,3.140075458843055e-17,2.8400029339207138e-34,3.756746492834104e-34,2.352602995932102
10000000000000000000000000000000010,signed_packet_chain,-2,2.4675500068442728e-18,1.7537615523845937e-36,2.3198699841103934e-36,2.1369012950453907
10000000000000000000000000000000010,signed_packet_chain,-1,3.795383127863569e-18,4.149061426788346e-36,5.4883647398638694e-36,2.1535827880725265
10000000000000000000000000000000010,signed_packet_chain,0,6.890279005374155e-18,1.3674524550723558e-35,1.8088615872021053e-35,2.218462856952101
10000000000000000000000000000000010,signed_packet_chain,1,1.4965834411095503e-17,6.451199771170776e-35,8.533625731667849e-35,2.4937067879363894
10000000000000000000000000000000010,signed_packet_chain,2,3.140075458843055e-17,2.8400029339207138e-34,3.756746492834104e-34,2.799153558909893
100000000000000000000000000000000010,packet,-2,7.803078261991976e-19,1.753761552384594e-37,2.3198699841103934e-37,0.6492263788823038
100000000000000000000000000000000010,packet,-1,1.2002055277022953e-18,4.149061426788347e-37,5.48836473986387e-37,0.6616422128863633
100000000000000000000000000000000010,packet,0,2.1788975371021892e-18,1.3674524550723557e-36,1.8088615872021055e-36,0.7610848019830883
100000000000000000000000000000000010,packet,1,4.732612382398651e-18,6.451199771170776e-36,8.53362573166785e-36,0.838795477990061
100000000000000000000000000000000010,packet,2,9.929790474742367e-18,2.840002933920714e-35,3.7567464928341047e-35,0.8820804539136589
100000000000000000000000000000000010,signed_packet,-2,7.803078261991976e-19,1.753761552384594e-37,2.3198699841103934e-37,1.8324767858721316
100000000000000000000000000000000010,signed_packet,-1,1.2002055277022953e-18,4.149061426788347e-37,5.48836473986387e-37,2.014840981224552
100000000000000000000000000000000010,signed_packet,0,2.1788975371021892e-18,1.3674524550723557e-36,1.8088615872021052e-36,2.058680708054453
100000000000000000000000000000000010,signed_packet,1,4.732612382398651e-18,6.451199771170776e-36,8.53362573166785e-36,2.534237870015204
100000000000000000000000000000000010,signed_packet,2,9.929790474742367e-18,2.840002933920714e-35,3.7567464928341047e-35,2.7224784961435944
100000000000000000000000000000000010,signed_packet_chain,-2,7.803078261991976e-19,1.753761552384594e-37,2.3198699841103934e-37,2.105350171914324
100000000000000000000000000000000010,signed_packet_chain,-1,1.2002055277022953e-18,4.149061426788347e-37,5.48836473986387e-37,2.2466178240720183
100000000000000000000000000000000010,signed_packet_chain,0,2.1788975371021892e-18,1.3674524550723557e-36,1.8088615872021052e-36,2.3298340009059757
100000000000000000000000000000000010,signed_packet_chain,1,4.732612382398651e-18,6.451199771170776e-36,8.53362573166785e-36,2.49805411696434
100000000000000000000000000000000010,signed_packet_chain,2,9.929790474742367e-18,2.840002933920714e-35,3.7567464928341047e-35,2.7072976659983397
1000000000000000000000000000000000010,packet,-2,2.4675500068442733e-19,1.753761552384594e-38,2.3198699841103934e-38,0.664712349884212
1000000000000000000000000000000000010,packet,-1,3.795383127863569e-19,4.149061426788347e-38,5.48836473986387e-38,0.6632513769436628
1000000000000000000000000000000000010,packet,0,6.890279005374155e-19,1.3674524550723559e-37,1.8088615872021055e-37,0.7288034879602492
1000000000000000000000000000000000010,packet,1,1.4965834411095504e-18,6.451199771170777e-37,8.53362573166785e-37,0.7444090389180928
1000000000000000000000000000000000010,packet,2,3.1400754588430554e-18,2.8400029339207142e-36,3.7567464928341045e-36,0.815570121165365
1000000000000000000000000000000000010,signed_packet,-2,2.4675500068442733e-19,1.753761552384594e-38,2.3198699841103934e-38,1.825995383085683
1000000000000000000000000000000000010,signed_packet,-1,3.795383127863569e-19,4.149061426788347e-38,5.48836473986387e-38,1.9126006949227303
1000000000000000000000000000000000010,signed_packet,0,6.890279005374155e-19,1.3674524550723559e-37,1.8088615872021053e-37,1.9474761951714754
1000000000000000000000000000000000010,signed_packet,1,1.4965834411095504e-18,6.451199771170777e-37,8.53362573166785e-37,2.2160369330085814
1000000000000000000000000000000000010,signed_packet,2,3.1400754588430554e-18,2.8400029339207142e-36,3.7567464928341045e-36,2.3196454199496657
1000000000000000000000000000000000010,signed_packet_chain,-2,2.4675500068442733e-19,1.753761552384594e-38,2.3198699841103934e-38,2.103893117979169
1000000000000000000000000000000000010,signed_packet_chain,-1,3.795383127863569e-19,4.149061426788347e-38,5.48836473986387e-38,2.541942093987018
1000000000000000000000000000000000010,signed_packet_chain,0,6.890279005374155e-19,1.3674524550723559e-37,1.8088615872021053e-37,2.270754123106599
1000000000000000000000000000000000010,signed_packet_chain,1,1.4965834411095504e-18,6.451199771170777e-37,8.53362573166785e-37,2.4444694300182164
1000000000000000000000000000000000010,signed_packet_chain,2,3.1400754588430554e-18,2.8400029339207142e-36,3.7567464928341045e-36,2.6453113320749253
10000000000000000000000000000000000010,packet,-2,7.803078261991976e-20,1.7537615523845938e-39,2.3198699841103935e-39,0.6524780851323158
10000000000000000000000000000000000010,packet,-1,1.2002055277022952e-19,4.149061426788347e-39,5.48836473986387e-39,0.6498115898575634
10000000000000000000000000000000000010,packet,0,2.178897537102189e-19,1.367452455072356e-38,1.8088615872021055e-38,0.684727740008384
10000000000000000000000000000000000010,packet,1,4.732612382398651e-19,6.451199771170777e-38,8.53362573166785e-38,0.7463083229959011
10000000000000000000000000000000000010,packet,2,9.929790474742368e-19,2.840002933920714e-37,3.7567464928341047e-37,0.814595899078995
10000000000000000000000000000000000010,signed_packet,-2,7.803078261991976e-20,1.7537615523845938e-39,2.3198699841103935e-39,1.7974886558949947
10000000000000000000000000000000000010,signed_packet,-1,1.2002055277022952e-19,4.149061426788347e-39,5.48836473986387e-39,1.8739767090883106
10000000000000000000000000000000000010,signed_packet,0,2.178897537102189e-19,1.367452455072356e-38,1.8088615872021055e-38,1.9061755631119013
10000000000000000000000000000000000010,signed_packet,1,4.732612382398651e-19,6.451199771170777e-38,8.53362573166785e-38,2.082227654987946
10000000000000000000000000000000000010,signed_packet,2,9.929790474742368e-19,2.840002933920714e-37,3.7567464928341047e-37,2.289682039991021
10000000000000000000000000000000000010,signed_packet_chain,-2,7.803078261991976e-20,1.7537615523845938e-39,2.3198699841103935e-39,2.041549073997885
10000000000000000000000000000000000010,signed_packet_chain,-1,1.2002055277022952e-19,4.149061426788347e-39,5.48836473986387e-39,2.1513476530089974
10000000000000000000000000000000000010,signed_packet_chain,0,2.178897537102189e-19,1.367452455072356e-38,1.8088615872021055e-38,2.183971287915483
10000000000000000000000000000000000010,signed_packet_chain,1,4.732612382398651e-19,6.451199771170777e-38,8.53362573166785e-38,2.413344566943124
10000000000000000000000000000000000010,signed_packet_chain,2,9.929790474742368e-19,2.840002933920714e-37,3.7567464928341047e-37,2.6360030330251902
100000000000000000000000000000000000010,packet,-2,2.467550006844273e-20,1.7537615523845939e-40,2.3198699841103937e-40,0.7308284919708967
100000000000000000000000000000000000010,packet,-1,3.7953831278635695e-20,4.149061426788347e-40,5.48836473986387e-40,0.7729624258354306
100000000000000000000000000000000000010,packet,0,6.890279005374155e-20,1.3674524550723558e-39,1.8088615872021053e-39,0.6758041218854487
100000000000000000000000000000000000010,packet,1,1.4965834411095505e-19,6.451199771170777e-39,8.53362573166785e-39,0.9016831540502608
100000000000000000000000000000000000010,packet,2,3.1400754588430556e-19,2.840002933920714e-38,3.7567464928341045e-38,0.9662752929143608
100000000000000000000000000000000000010,signed_packet,-2,2.467550006844273e-20,1.7537615523845939e-40,2.3198699841103937e-40,1.8505875910632312
100000000000000000000000000000000000010,signed_packet,-1,3.7953831278635695e-20,4.149061426788347e-40,5.48836473986387e-40,2.096276402939111
100000000000000000000000000000000000010,signed_packet,0,6.890279005374155e-20,1.3674524550723558e-39,1.8088615872021053e-39,2.03893955796957
100000000000000000000000000000000000010,signed_packet,1,1.4965834411095505e-19,6.451199771170777e-39,8.53362573166785e-39,2.218879068037495
100000000000000000000000000000000000010,signed_packet,2,3.1400754588430556e-19,2.840002933920714e-38,3.7567464928341045e-38,2.4989591089542955
100000000000000000000000000000000000010,signed_packet_chain,-2,2.467550006844273e-20,1.7537615523845939e-40,2.3198699841103937e-40,2.1976486269850284
100000000000000000000000000000000000010,signed_packet_chain,-1,3.7953831278635695e-20,4.149061426788347e-40,5.48836473986387e-40,2.311004363000393
100000000000000000000000000000000000010,signed_packet_chain,0,6.890279005374155e-20,1.3674524550723558e-39,1.8088615872021053e-39,2.2106606119778007
100000000000000000000000000000000000010,signed_packet_chain,1,1.4965834411095505e-19,6.451199771170777e-39,8.53362573166785e-39,2.437261644983664
100000000000000000000000000000000000010,signed_packet_chain,2,3.1400754588430556e-19,2.840002933920714e-38,3.7567464928341045e-38,2.706542673986405
1000000000000000000000000000000000000010,packet,-2,7.803078261991977e-21,1.753761552384594e-41,2.3198699841103935e-41,0.7007773311343044
1000000000000000000000000000000000000010,packet,-1,1.2002055277022952e-20,4.1490614267883467e-41,5.48836473986387e-41,0.7385550369508564
1000000000000000000000000000000000000010,packet,0,2.178897537102189e-20,1.3674524550723558e-40,1.8088615872021054e-40,0.8252862310037017
1000000000000000000000000000000000000010,packet,1,4.732612382398651e-20,6.4511997711707765e-40,8.53362573166785e-40,0.7704911809414625
1000000000000000000000000000000000000010,packet,2,9.929790474742368e-20,2.840002933920714e-39,3.7567464928341045e-39,0.9246602798812091
1000000000000000000000000000000000000010,signed_packet,-2,7.803078261991977e-21,1.753761552384594e-41,2.3198699841103935e-41,1.8201091408263892
1000000000000000000000000000000000000010,signed_packet,-1,1.2002055277022952e-20,4.1490614267883467e-41,5.48836473986387e-41,1.9828639160841703
1000000000000000000000000000000000000010,signed_packet,0,2.178897537102189e-20,1.3674524550723558e-40,1.8088615872021054e-40,1.9477324658073485
1000000000000000000000000000000000000010,signed_packet,1,4.732612382398651e-20,6.4511997711707765e-40,8.53362573166785e-40,2.2281525370199233
1000000000000000000000000000000000000010,signed_packet,2,9.929790474742368e-20,2.840002933920714e-39,3.7567464928341045e-39,2.4241703290026635
1000000000000000000000000000000000000010,signed_packet_chain,-2,7.803078261991977e-21,1.753761552384594e-41,2.3198699841103935e-41,2.3109491229988635
1000000000000000000000000000000000000010,signed_packet_chain,-1,1.2002055277022952e-20,4.1490614267883467e-41,5.48836473986387e-41,2.2698436498176306
1000000000000000000000000000000000000010,signed_packet_chain,0,2.178897537102189e-20,1.3674524550723558e-40,1.8088615872021054e-40,2.1972287851385772
1000000000000000000000000000000000000010,signed_packet_chain,1,4.732612382398651e-20,6.4511997711707765e-40,8.53362573166785e-40,2.648147387895733
1000000000000000000000000000000000000010,signed_packet_chain,2,9.929790474742368e-20,2.840002933920714e-39,3.7567464928341045e-39,2.7868853551335633
10000000000000000000000000000000000000010,packet,-2,2.467550006844273e-21,1.753761552384594e-42,2.3198699841103937e-42,0.8213578830473125
10000000000000000000000000000000000000010,packet,-1,3.795383127863569e-21,4.1490614267883466e-42,5.48836473986387e-42,0.9597674701362848
10000000000000000000000000000000000000010,packet,0,6.890279005374155e-21,1.367452455072356e-41,1.8088615872021054e-41,0.7299623000435531
10000000000000000000000000000000000000010,packet,1,1.4965834411095504e-20,6.451199771170777e-41,8.53362573166785e-41,0.833675917936489
10000000000000000000000000000000000000010,packet,2,3.140075458843055e-20,2.8400029339207143e-40,3.756746492834105e-40,0.8924227650277317
10000000000000000000000000000000000000010,signed_packet,-2,2.467550006844273e-21,1.753761552384594e-42,2.3198699841103937e-42,2.052756065968424
10000000000000000000000000000000000000010,signed_packet,-1,3.795383127863569e-21,4.1490614267883466e-42,5.48836473986387e-42,2.0495186490006745
10000000000000000000000000000000000000010,signed_packet,0,6.890279005374155e-21,1.367452455072356e-41,1.8088615872021054e-41,2.186466913903132
10000000000000000000000000000000000000010,signed_packet,1,1.4965834411095504e-20,6.451199771170777e-41,8.53362573166785e-41,2.205672441981733
10000000000000000000000000000000000000010,signed_packet,2,3.140075458843055e-20,2.8400029339207143e-40,3.756746492834105e-40,2.499908101046458
10000000000000000000000000000000000000010,signed_packet_chain,-2,2.467550006844273e-21,1.753761552384594e-42,2.3198699841103937e-42,2.1137223578989506
10000000000000000000000000000000000000010,signed_packet_chain,-1,3.795383127863569e-21,4.1490614267883466e-42,5.48836473986387e-42,2.3223750761244446
10000000000000000000000000000000000000010,signed_packet_chain,0,6.890279005374155e-21,1.367452455072356e-41,1.8088615872021054e-41,2.2741774988826364
10000000000000000000000000000000000000010,signed_packet_chain,1,1.4965834411095504e-20,6.451199771170777e-41,8.53362573166785e-41,2.5171338450163603
10000000000000000000000000000000000000010,signed_packet_chain,2,3.140075458843055e-20,2.8400029339207143e-40,3.756746492834105e-40,2.8802277920767665
100000000000000000000000000000000000000010,packet,-2,7.803078261991976e-22,1.753761552384594e-43,2.3198699841103935e-43,0.6637439779005945
100000000000000000000000000000000000000010,packet,-1,1.2002055277022953e-21,4.149061426788347e-43,5.48836473986387e-43,0.6844246599357575
100000000000000000000000000000000000000010,packet,0,2.178897537102189e-21,1.3674524550723558e-42,1.8088615872021055e-42,0.7280340560246259
100000000000000000000000000000000000000010,packet,1,4.732612382398651e-21,6.451199771170777e-42,8.53362573166785e-42,0.7921664451714605
100000000000000000000000000000000000000010,packet,2,9.929790474742368e-21,2.840002933920714e-41,3.7567464928341045e-41,0.8332755570299923
100000000000000000000000000000000000000010,signed_packet,-2,7.803078261991976e-22,1.753761552384594e-43,2.3198699841103935e-43,1.8408589318860322
100000000000000000000000000000000000000010,signed_packet,-1,1.2002055277022953e-21,4.149061426788347e-43,5.48836473986387e-43,1.928556137951091
100000000000000000000000000000000000000010,signed_packet,0,2.178897537102189e-21,1.3674524550723558e-42,1.8088615872021055e-42,1.9231596169993281
100000000000000000000000000000000000000010,signed_packet,1,4.732612382398651e-21,6.451199771170777e-42,8.53362573166785e-42,2.112385675078258
100000000000000000000000000000000000000010,signed_packet,2,9.929790474742368e-21,2.840002933920714e-41,3.7567464928341045e-41,2.3109954718966037
100000000000000000000000000000000000000010,signed_packet_chain,-2,7.803078261991976e-22,1.753761552384594e-43,2.3198699841103935e-43,2.0761479230131954
100000000000000000000000000000000000000010,signed_packet_chain,-1,1.2002055277022953e-21,4.149061426788347e-43,5.48836473986387e-43,2.1478715362027287
100000000000000000000000000000000000000010,signed_packet_chain,0,2.178897537102189e-21,1.3674524550723558e-42,1.8088615872021055e-42,2.2994859700556844
100000000000000000000000000000000000000010,signed_packet_chain,1,4.732612382398651e-21,6.451199771170777e-42,8.53362573166785e-42,2.657362536061555
100000000000000000000000000000000000000010,signed_packet_chain,2,9.929790474742368e-21,2.840002933920714e-41,3.7567464928341045e-41,3.0170167949981987
1000000000000000000000000000000000000000010,packet,-2,2.467550006844273e-22,1.7537615523845939e-44,2.3198699841103934e-44,0.635768610984087
1000000000000000000000000000000000000000010,packet,-1,3.7953831278635694e-22,4.1490614267883467e-44,5.48836473986387e-44,0.6607177318073809
1000000000000000000000000000000000000000010,packet,0,6.890279005374155e-22,1.367452455072356e-43,1.8088615872021055e-43,0.8339024879969656
1000000000000000000000000000000000000000010,packet,1,1.4965834411095505e-21,6.451199771170777e-43,8.53362573166785e-43,0.8256663519423455
1000000000000000000000000000000000000000010,packet,2,3.1400754588430553e-21,2.8400029339207142e-42,3.7567464928341045e-42,0.8445412789005786
1000000000000000000000000000000000000000010,signed_packet,-2,2.467550006844273e-22,1.7537615523845939e-44,2.3198699841103934e-44,1.9924389459192753
1000000000000000000000000000000000000000010,signed_packet,-1,3.7953831278635694e-22,4.1490614267883467e-44,5.48836473986387e-44,1.9847947300877422
1000000000000000000000000000000000000000010,signed_packet,0,6.890279005374155e-22,1.367452455072356e-43,1.8088615872021055e-43,2.111142722889781
1000000000000000000000000000000000000000010,signed_packet,1,1.4965834411095505e-21,6.451199771170777e-43,8.53362573166785e-43,2.326292422832921
1000000000000000000000000000000000000000010,signed_packet,2,3.1400754588430553e-21,2.8400029339207142e-42,3.7567464928341045e-42,2.3793730090837926
1000000000000000000000000000000000000000010,signed_packet_chain,-2,2.467550006844273e-22,1.7537615523845939e-44,2.3198699841103934e-44,2.218009617179632
1000000000000000000000000000000000000000010,signed_packet_chain,-1,3.7953831278635694e-22,4.1490614267883467e-44,5.48836473986387e-44,2.172240355052054
1000000000000000000000000000000000000000010,signed_packet_chain,0,6.890279005374155e-22,1.367452455072356e-43,1.8088615872021055e-43,2.2408493228722364
1000000000000000000000000000000000000000010,signed_packet_chain,1,1.4965834411095505e-21,6.451199771170777e-43,8.53362573166785e-43,2.488275157986209
1000000000000000000000000000000000000000010,signed_packet_chain,2,3.1400754588430553e-21,2.8400029339207142e-42,3.7567464928341045e-42,2.6418579949531704
10000000000000000000000000000000000000000010,packet,-2,7.803078261991976e-23,1.753761552384594e-45,2.3198699841103935e-45,0.634182628011331
10000000000000000000000000000000000000000010,packet,-1,1.2002055277022954e-22,4.1490614267883463e-45,5.48836473986387e-45,0.6750644100829959
10000000000000000000000000000000000000000010,packet,0,2.178897537102189e-22,1.367452455072356e-44,1.8088615872021052e-44,0.682837886037305
10000000000000000000000000000000000000000010,packet,1,4.732612382398651e-22,6.451199771170777e-44,8.53362573166785e-44,0.7479367558844388
10000000000000000000000000000000000000000010,packet,2,9.929790474742367e-22,2.8400029339207142e-43,3.756746492834105e-43,0.800113971112296
10000000000000000000000000000000000000000010,signed_packet,-2,7.803078261991976e-23,1.753761552384594e-45,2.3198699841103935e-45,1.8079155872110277
10000000000000000000000000000000000000000010,signed_packet,-1,1.2002055277022954e-22,4.1490614267883463e-45,5.48836473986387e-45,1.8900447508785874
10000000000000000000000000000000000000000010,signed_packet,0,2.178897537102189e-22,1.367452455072356e-44,1.8088615872021052e-44,1.9173228750005364
10000000000000000000000000000000000000000010,signed_packet,1,4.732612382398651e-22,6.451199771170777e-44,8.53362573166785e-44,2.103298228001222
10000000000000000000000000000000000000000010,signed_packet,2,9.929790474742367e-22,2.8400029339207142e-43,3.756746492834105e-43,2.4026769769843668
10000000000000000000000000000000000000000010,signed_packet_chain,-2,7.803078261991976e-23,1.753761552384594e-45,2.3198699841103935e-45,2.2349485410377383
10000000000000000000000000000000000000000010,signed_packet_chain,-1,1.2002055277022954e-22,4.1490614267883463e-45,5.48836473986387e-45,2.220215371111408
10000000000000000000000000000000000000000010,signed_packet_chain,0,2.178897537102189e-22,1.367452455072356e-44,1.8088615872021052e-44,2.266360074048862
10000000000000000000000000000000000000000010,signed_packet_chain,1,4.732612382398651e-22,6.451199771170777e-44,8.53362573166785e-44,2.673175777075812
10000000000000000000000000000000000000000010,signed_packet_chain,2,9.929790474742367e-22,2.8400029339207142e-43,3.756746492834105e-43,3.1231927080079913
100000000000000000000000000000000000000000010,packet,-2,2.467550006844273e-23,1.753761552384594e-46,2.3198699841103935e-46,0.7792775190901011
100000000000000000000000000000000000000000010,packet,-1,3.7953831278635693e-23,4.1490614267883465e-46,5.48836473986387e-46,0.7949497099034488
100000000000000000000000000000000000000000010,packet,0,6.890279005374155e-23,1.3674524550723558e-45,1.8088615872021052e-45,0.7518023538868874
100000000000000000000000000000000000000000010,packet,1,1.4965834411095506e-22,6.451199771170777e-45,8.53362573166785e-45,0.7391975291538984
100000000000000000000000000000000000000000010,packet,2,3.1400754588430557e-22,2.840002933920714e-44,3.7567464928341046e-44,0.9755129818804562
100000000000000000000000000000000000000000010,signed_packet,-2,2.467550006844273e-23,1.753761552384594e-46,2.3198699841103935e-46,1.9508107129950076
100000000000000000000000000000000000000000010,signed_packet,-1,3.7953831278635693e-23,4.1490614267883465e-46,5.48836473986387e-46,2.0618387451395392
100000000000000000000000000000000000000000010,signed_packet,0,6.890279005374155e-23,1.3674524550723558e-45,1.8088615872021052e-45,1.9961255530361086
100000000000000000000000000000000000000000010,signed_packet,1,1.4965834411095506e-22,6.451199771170777e-45,8.53362573166785e-45,2.2811208630446345
100000000000000000000000000000000000000000010,signed_packet,2,3.1400754588430557e-22,2.840002933920714e-44,3.7567464928341046e-44,2.480518891941756
100000000000000000000000000000000000000000010,signed_packet_chain,-2,2.467550006844273e-23,1.753761552384594e-46,2.3198699841103935e-46,2.4202006820123643
100000000000000000000000000000000000000000010,signed_packet_chain,-1,3.7953831278635693e-23,4.1490614267883465e-46,5.48836473986387e-46,2.2777333059348166
100000000000000000000000000000000000000000010,signed_packet_chain,0,6.890279005374155e-23,1.3674524550723558e-45,1.8088615872021052e-45,2.2185331280343235
100000000000000000000000000000000000000000010,signed_packet_chain,1,1.4965834411095506e-22,6.451199771170777e-45,8.53362573166785e-45,2.419024049071595
100000000000000000000000000000000000000000010,signed_packet_chain,2,3.1400754588430557e-22,2.840002933920714e-44,3.7567464928341046e-44,2.8132070368155837
1000000000000000000000000000000000000000000010,packet,-2,7.803078261991976e-24,1.753761552384594e-47,2.3198699841103935e-47,0.6370119140483439
1000000000000000000000000000000000000000000010,packet,-1,1.2002055277022952e-23,4.1490614267883465e-47,5.48836473986387e-47,0.6609183319378644
1000000000000000000000000000000000000000000010,packet,0,2.178897537102189e-23,1.3674524550723558e-46,1.8088615872021055e-46,0.7033664968330413
1000000000000000000000000000000000000000000010,packet,1,4.732612382398651e-23,6.451199771170777e-46,8.53362573166785e-46,0.7976119250524789
1000000000000000000000000000000000000000000010,packet,2,9.929790474742367e-23,2.840002933920714e-45,3.7567464928341047e-45,0.8226955260615796
1000000000000000000000000000000000000000000010,signed_packet,-2,7.803078261991976e-24,1.753761552384594e-47,2.3198699841103935e-47,1.848864357918501
1000000000000000000000000000000000000000000010,signed_packet,-1,1.2002055277022952e-23,4.1490614267883465e-47,5.48836473986387e-47,1.8854448408819735
1000000000000000000000000000000000000000000010,signed_packet,0,2.178897537102189e-23,1.3674524550723558e-46,1.8088615872021055e-46,1.9665054641664028
1000000000000000000000000000000000000000000010,signed_packet,1,4.732612382398651e-23,6.451199771170777e-46,8.53362573166785e-46,2.192870785947889
1000000000000000000000000000000000000000000010,signed_packet,2,9.929790474742367e-23,2.840002933920714e-45,3.7567464928341047e-45,2.2841468090191483
1000000000000000000000000000000000000000000010,signed_packet_chain,-2,7.803078261991976e-24,1.753761552384594e-47,2.3198699841103935e-47,2.135661432053894
1000000000000000000000000000000000000000000010,signed_packet_chain,-1,1.2002055277022952e-23,4.1490614267883465e-47,5.48836473986387e-47,2.1390442189294845
1000000000000000000000000000000000000000000010,signed_packet_chain,0,2.178897537102189e-23,1.3674524550723558e-46,1.8088615872021055e-46,2.2753096017986536
1000000000000000000000000000000000000000000010,signed_packet_chain,1,4.732612382398651e-23,6.451199771170777e-46,8.53362573166785e-46,2.498858128907159
1000000000000000000000000000000000000000000010,signed_packet_chain,2,9.929790474742367e-23,2.840002933920714e-45,3.7567464928341047e-45,2.87212733598426
10000000000000000000000000000000000000000000010,packet,-2,2.467550006844273e-24,1.753761552384594e-48,2.3198699841103936e-48,0.6756576420739293
10000000000000000000000000000000000000000000010,packet,-1,3.7953831278635695e-24,4.149061426788347e-48,5.48836473986387e-48,1.0045578691642731
10000000000000000000000000000000000000000000010,packet,0,6.890279005374155e-24,1.3674524550723558e-47,1.8088615872021053e-47,0.7300926400348544
10000000000000000000000000000000000000000000010,packet,1,1.4965834411095506e-23,6.451199771170777e-47,8.53362573166785e-47,0.8793770289048553
10000000000000000000000000000000000000000000010,packet,2,3.1400754588430555e-23,2.8400029339207142e-46,3.756746492834105e-46,0.9836358269676566
10000000000000000000000000000000000000000000010,signed_packet,-2,2.467550006844273e-24,1.753761552384594e-48,2.3198699841103936e-48,1.882045925129205
10000000000000000000000000000000000000000000010,signed_packet,-1,3.7953831278635695e-24,4.149061426788347e-48,5.48836473986387e-48,1.9166032639332116
10000000000000000000000000000000000000000000010,signed_packet,0,6.890279005374155e-24,1.3674524550723558e-47,1.8088615872021053e-47,2.317405625944957
10000000000000000000000000000000000000000000010,signed_packet,1,1.4965834411095506e-23,6.451199771170777e-47,8.53362573166785e-47,2.1393211698159575
10000000000000000000000000000000000000000000010,signed_packet,2,3.1400754588430555e-23,2.8400029339207142e-46,3.756746492834105e-46,2.444281879113987
10000000000000000000000000000000000000000000010,signed_packet_chain,-2,2.467550006844273e-24,1.753761552384594e-48,2.3198699841103936e-48,2.0899218309205025
10000000000000000000000000000000000000000000010,signed_packet_chain,-1,3.7953831278635695e-24,4.149061426788347e-48,5.48836473986387e-48,2.2571793750394136
10000000000000000000000000000000000000000000010,signed_packet_chain,0,6.890279005374155e-24,1.3674524550723558e-47,1.8088615872021053e-47,2.185141800902784
10000000000000000000000000000000000000000000010,signed_packet_chain,1,1.4965834411095506e-23,6.451199771170777e-47,8.53362573166785e-47,2.4450499310623854
10000000000000000000000000000000000000000000010,signed_packet_chain,2,3.1400754588430555e-23,2.8400029339207142e-46,3.756746492834105e-46,2.6688854191452265
100000000000000000000000000000000000000000000010,packet,-2,7.803078261991976e-25,1.753761552384594e-49,2.3198699841103934e-49,0.6799833909608424
100000000000000000000000000000000000000000000010,packet,-1,1.2002055277022952e-24,4.149061426788347e-49,5.48836473986387e-49,0.6549899009987712
100000000000000000000000000000000000000000000010,packet,0,2.178897537102189e-24,1.3674524550723558e-48,1.8088615872021053e-48,0.7399070200044662
100000000000000000000000000000000000000000000010,packet,1,4.732612382398651e-24,6.451199771170776e-48,8.53362573166785e-48,0.8274510051123798
100000000000000000000000000000000000000000000010,packet,2,9.929790474742367e-24,2.840002933920714e-47,3.7567464928341047e-47,0.8874068448785692
100000000000000000000000000000000000000000000010,signed_packet,-2,7.803078261991976e-25,1.753761552384594e-49,2.3198699841103934e-49,1.8922922450583428
100000000000000000000000000000000000000000000010,signed_packet,-1,1.2002055277022952e-24,4.149061426788347e-49,5.48836473986387e-49,1.9501215710770339
100000000000000000000000000000000000000000000010,signed_packet,0,2.178897537102189e-24,1.3674524550723558e-48,1.8088615872021053e-48,1.9273412451148033
100000000000000000000000000000000000000000000010,signed_packet,1,4.732612382398651e-24,6.451199771170776e-48,8.53362573166785e-48,2.2311988030560315
100000000000000000000000000000000000000000000010,signed_packet,2,9.929790474742367e-24,2.840002933920714e-47,3.7567464928341047e-47,2.3725172360427678
100000000000000000000000000000000000000000000010,signed_packet_chain,-2,7.803078261991976e-25,1.753761552384594e-49,2.3198699841103934e-49,2.0375640450511128
100000000000000000000000000000000000000000000010,signed_packet_chain,-1,1.2002055277022952e-24,4.149061426788347e-49,5.48836473986387e-49,2.141845015110448
100000000000000000000000000000000000000000000010,signed_packet_chain,0,2.178897537102189e-24,1.3674524550723558e-48,1.8088615872021053e-48,2.2812910929787904
100000000000000000000000000000000000000000000010,signed_packet_chain,1,4.732612382398651e-24,6.451199771170776e-48,8.53362573166785e-48,2.4198553399182856
100000000000000000000000000000000000000000000010,signed_packet_chain,2,9.929790474742367e-24,2.840002933920714e-47,3.7567464928341047e-47,2.6868245350196958
1000000000000000000000000000000000000000000000010,packet,-2,2.467550006844273e-25,1.753761552384594e-50,2.3198699841103936e-50,0.6436657079029828
1000000000000000000000000000000000000000000000010,packet,-1,3.795383127863569e-25,4.1490614267883467e-50,5.48836473986387e-50,0.675292890984565
1000000000000000000000000000000000000000000000010,packet,0,6.890279005374155e-25,1.367452455072356e-49,1.8088615872021053e-49,0.6748949401080608
1000000000000000000000000000000000000000000000010,packet,1,1.4965834411095505e-24,6.451199771170777e-49,8.53362573166785e-49,0.7390450888779014
1000000000000000000000000000000000000000000000010,packet,2,3.1400754588430553e-24,2.840002933920714e-48,3.756746492834105e-48,0.8271498940885067
1000000000000000000000000000000000000000000000010,signed_packet,-2,2.467550006844273e-25,1.753761552384594e-50,2.3198699841103936e-50,1.8597317300736904
1000000000000000000000000000000000000000000000010,signed_packet,-1,3.795383127863569e-25,4.1490614267883467e-50,5.48836473986387e-50,1.9343164088204503
1000000000000000000000000000000000000000000000010,signed_packet,0,6.890279005374155e-25,1.367452455072356e-49,1.8088615872021053e-49,1.9313022729475051
1000000000000000000000000000000000000000000000010,signed_packet,1,1.4965834411095505e-24,6.451199771170777e-49,8.53362573166785e-49,2.0839056288823485
1000000000000000000000000000000000000000000000010,signed_packet,2,3.1400754588430553e-24,2.840002933920714e-48,3.756746492834105e-48,2.4879837569314986
1000000000000000000000000000000000000000000000010,signed_packet_chain,-2,2.467550006844273e-25,1.753761552384594e-50,2.3198699841103936e-50,2.0324929349590093
1000000000000000000000000000000000000000000000010,signed_packet_chain,-1,3.795383127863569e-25,4.1490614267883467e-50,5.48836473986387e-50,2.1443746590521187
1000000000000000000000000000000000000000000000010,signed_packet_chain,0,6.890279005374155e-25,1.367452455072356e-49,1.8088615872021053e-49,2.1605872120708227
1000000000000000000000000000000000000000000000010,signed_packet_chain,1,1.4965834411095505e-24,6.451199771170777e-49,8.53362573166785e-49,2.3658911928068846
1000000000000000000000000000000000000000000000010,signed_packet_chain,2,3.1400754588430553e-24,2.840002933920714e-48,3.756746492834105e-48,2.725857243174687
10000000000000000000000000000000000000000000000010,packet,-2,7.803078261991976e-26,1.753761552384594e-51,2.3198699841103937e-51,0.6806871120352298
10000000000000000000000000000000000000000000000010,packet,-1,1.2002055277022953e-25,4.1490614267883465e-51,5.48836473986387e-51,0.6801544199697673
10000000000000000000000000000000000000000000000010,packet,0,2.178897537102189e-25,1.3674524550723558e-50,1.8088615872021053e-50,0.8375819148495793
10000000000000000000000000000000000000000000000010,packet,1,4.732612382398651e-25,6.451199771170777e-50,8.53362573166785e-50,0.7577424158807844
10000000000000000000000000000000000000000000000010,packet,2,9.929790474742367e-25,2.8400029339207142e-49,3.756746492834104e-49,0.8453664309345186
10000000000000000000000000000000000000000000000010,signed_packet,-2,7.803078261991976e-26,1.753761552384594e-51,2.3198699841103937e-51,1.8075476558879018
10000000000000000000000000000000000000000000000010,signed_packet,-1,1.2002055277022953e-25,4.1490614267883465e-51,5.48836473986387e-51,1.9963653031736612
10000000000000000000000000000000000000000000000010,signed_packet,0,2.178897537102189e-25,1.3674524550723558e-50,1.8088615872021053e-50,1.922796166036278
10000000000000000000000000000000000000000000000010,signed_packet,1,4.732612382398651e-25,6.451199771170777e-50,8.53362573166785e-50,2.1692577190697193
10000000000000000000000000000000000000000000000010,signed_packet,2,9.929790474742367e-25,2.8400029339207142e-49,3.756746492834104e-49,2.3313960540108383
10000000000000000000000000000000000000000000000010,signed_packet_chain,-2,7.803078261991976e-26,1.753761552384594e-51,2.3198699841103937e-51,2.0553363009821624
10000000000000000000000000000000000000000000000010,signed_packet_chain,-1,1.2002055277022953e-25,4.1490614267883465e-51,5.48836473986387e-51,2.244642290053889
10000000000000000000000000000000000000000000000010,signed_packet_chain,0,2.178897537102189e-25,1.3674524550723558e-50,1.8088615872021053e-50,2.2293293699622154
10000000000000000000000000000000000000000000000010,signed_packet_chain,1,4.732612382398651e-25,6.451199771170777e-50,8.53362573166785e-50,2.4330137360375375
10000000000000000000000000000000000000000000000010,signed_packet_chain,2,9.929790474742367e-25,2.8400029339207142e-49,3.756746492834104e-49,3.0420339449774474
100000000000000000000000000000000000000000000000010,packet,-2,2.467550006844273e-26,1.753761552384594e-52,2.3198699841103935e-52,0.6338668479584157
100000000000000000000000000000000000000000000000010,packet,-1,3.795383127863569e-26,4.1490614267883465e-52,5.4883647398638696e-52,0.6925307849887758
100000000000000000000000000000000000000000000000010,packet,0,6.890279005374155e-26,1.3674524550723558e-51,1.8088615872021053e-51,0.6726420458871871
100000000000000000000000000000000000000000000000010,packet,1,1.4965834411095506e-25,6.451199771170777e-51,8.53362573166785e-51,0.7496482599526644
100000000000000000000000000000000000000000000000010,packet,2,3.1400754588430557e-25,2.840002933920714e-50,3.7567464928341046e-50,0.8049431599210948
100000000000000000000000000000000000000000000000010,signed_packet,-2,2.467550006844273e-26,1.753761552384594e-52,2.3198699841103935e-52,1.832382505061105
100000000000000000000000000000000000000000000000010,signed_packet,-1,3.795383127863569e-26,4.1490614267883465e-52,5.4883647398638696e-52,1.9282243670895696
100000000000000000000000000000000000000000000000010,signed_packet,0,6.890279005374155e-26,1.3674524550723558e-51,1.8088615872021053e-51,1.9459468729328364
100000000000000000000000000000000000000000000000010,signed_packet,1,1.4965834411095506e-25,6.451199771170777e-51,8.53362573166785e-51,2.0690463490318507
100000000000000000000000000000000000000000000000010,signed_packet,2,3.1400754588430557e-25,2.840002933920714e-50,3.7567464928341046e-50,2.2874237259384245
100000000000000000000000000000000000000000000000010,signed_packet_chain,-2,2.467550006844273e-26,1.753761552384594e-52,2.3198699841103935e-52,2.078547028126195
100000000000000000000000000000000000000000000000010,signed_packet_chain,-1,3.795383127863569e-26,4.1490614267883465e-52,5.4883647398638696e-52,2.127126005012542
100000000000000000000000000000000000000000000000010,signed_packet_chain,0,6.890279005374155e-26,1.3674524550723558e-51,1.8088615872021053e-51,2.486249452922493
100000000000000000000000000000000000000000000000010,signed_packet_chain,1,1.4965834411095506e-25,6.451199771170777e-51,8.53362573166785e-51,2.3959689021576196
100000000000000000000000000000000000000000000000010,signed_packet_chain,2,3.1400754588430557e-25,2.840002933920714e-50,3.7567464928341046e-50,3.097604835871607
1000000000000000000000000000000000000000000000000010,packet,-2,7.803078261991977e-27,1.7537615523845938e-53,2.3198699841103936e-53,0.6487574181519449
1000000000000000000000000000000000000000000000000010,packet,-1,1.2002055277022953e-26,4.1490614267883466e-53,5.48836473986387e-53,0.6664969041012228
1000000000000000000000000000000000000000000000000010,packet,0,2.178897537102189e-26,1.3674524550723558e-52,1.8088615872021055e-52,0.7022266951389611
1000000000000000000000000000000000000000000000000010,packet,1,4.732612382398651e-26,6.451199771170777e-52,8.53362573166785e-52,0.7945612398907542
1000000000000000000000000000000000000000000000000010,packet,2,9.929790474742368e-26,2.840002933920714e-51,3.7567464928341046e-51,0.9631853569298983
1000000000000000000000000000000000000000000000000010,signed_packet,-2,7.803078261991977e-27,1.7537615523845938e-53,2.3198699841103936e-53,1.88834811700508
1000000000000000000000000000000000000000000000000010,signed_packet,-1,1.2002055277022953e-26,4.1490614267883466e-53,5.48836473986387e-53,1.8999306098558009
1000000000000000000000000000000000000000000000000010,signed_packet,0,2.178897537102189e-26,1.3674524550723558e-52,1.8088615872021055e-52,1.9632789669558406
1000000000000000000000000000000000000000000000000010,signed_packet,1,4.732612382398651e-26,6.451199771170777e-52,8.53362573166785e-52,2.174018019111827
1000000000000000000000000000000000000000000000000010,signed_packet,2,9.929790474742368e-26,2.840002933920714e-51,3.7567464928341046e-51,2.370398310944438
1000000000000000000000000000000000000000000000000010,signed_packet_chain,-2,7.803078261991977e-27,1.7537615523845938e-53,2.3198699841103936e-53,2.063754237955436
1000000000000000000000000000000000000000000000000010,signed_packet_chain,-1,1.2002055277022953e-26,4.1490614267883466e-53,5.48836473986387e-53,2.25928445905447
1000000000000000000000000000000000000000000000000010,signed_packet_chain,0,2.178897537102189e-26,1.3674524550723558e-52,1.8088615872021055e-52,2.1977386460639536
1000000000000000000000000000000000000000000000000010,signed_packet_chain,1,4.732612382398651e-26,6.451199771170777e-52,8.53362573166785e-52,2.4947257998865098
1000000000000000000000000000000000000000000000000010,signed_packet_chain,2,9.929790474742368e-26,2.840002933920714e-51,3.7567464928341046e-51,2.7141128389630467
10000000000000000000000000000000000000000000000000010,packet,-2,2.4675500068442732e-27,1.753761552384594e-54,2.3198699841103936e-54,0.6517427240032703
10000000000000000000000000000000000000000000000000010,packet,-1,3.795383127863569e-27,4.1490614267883467e-54,5.48836473986387e-54,0.8442358491010964
10000000000000000000000000000000000000000000000000010,packet,0,6.890279005374155e-27,1.3674524550723558e-53,1.8088615872021054e-53,0.7416625341866165
10000000000000000000000000000000000000000000000000010,packet,1,1.4965834411095504e-26,6.451199771170777e-53,8.53362573166785e-53,0.8464261731132865
10000000000000000000000000000000000000000000000000010,packet,2,3.1400754588430554e-26,2.8400029339207143e-52,3.756746492834105e-52,0.8677472858689725
10000000000000000000000000000000000000000000000000010,signed_packet,-2,2.4675500068442732e-27,1.753761552384594e-54,2.3198699841103936e-54,2.0607839920558035
10000000000000000000000000000000000000000000000000010,signed_packet,-1,3.795383127863569e-27,4.1490614267883467e-54,5.48836473986387e-54,1.9350768912117928
10000000000000000000000000000000000000000000000000010,signed_packet,0,6.890279005374155e-27,1.3674524550723558e-53,1.8088615872021054e-53,1.921779674012214
10000000000000000000000000000000000000000000000000010,signed_packet,1,1.4965834411095504e-26,6.451199771170777e-53,8.53362573166785e-53,2.254006809089333
10000000000000000000000000000000000000000000000000010,signed_packet,2,3.1400754588430554e-26,2.8400029339207143e-52,3.756746492834105e-52,2.4029982569627464
10000000000000000000000000000000000000000000000000010,signed_packet_chain,-2,2.4675500068442732e-27,1.753761552384594e-54,2.3198699841103936e-54,2.0976094661746174
10000000000000000000000000000000000000000000000000010,signed_packet_chain,-1,3.795383127863569e-27,4.1490614267883467e-54,5.48836473986387e-54,2.140834962017834
10000000000000000000000000000000000000000000000000010,signed_packet_chain,0,6.890279005374155e-27,1.3674524550723558e-53,1.8088615872021054e-53,2.296207732986659
10000000000000000000000000000000000000000000000000010,signed_packet_chain,1,1.4965834411095504e-26,6.451199771170777e-53,8.53362573166785e-53,2.682315696030855
10000000000000000000000000000000000000000000000000010,signed_packet_chain,2,3.1400754588430554e-26,2.8400029339207143e-52,3.756746492834105e-52,2.5619492151308805
100000000000000000000000000000000000000000000000000010,packet,-2,7.803078261991976e-28,1.753761552384594e-55,2.3198699841103936e-55,0.6334066269919276
100000000000000000000000000000000000000000000000000010,packet,-1,1.2002055277022952e-27,4.1490614267883465e-55,5.48836473986387e-55,0.6491922889836133
100000000000000000000000000000000000000000000000000010,packet,0,2.178897537102189e-27,1.367452455072356e-54,1.8088615872021054e-54,0.6687706080265343
100000000000000000000000000000000000000000000000000010,packet,1,4.7326123823986506e-27,6.451199771170777e-54,8.53362573166785e-54,0.7338527280371636
100000000000000000000000000000000000000000000000000010,packet,2,9.929790474742368e-27,2.8400029339207143e-53,3.7567464928341047e-53,0.7905219811946154
100000000000000000000000000000000000000000000000000010,signed_packet,-2,7.803078261991976e-28,1.753761552384594e-55,2.3198699841103936e-55,1.774702070048079
100000000000000000000000000000000000000000000000000010,signed_packet,-1,1.2002055277022952e-27,4.1490614267883465e-55,5.48836473986387e-55,1.9250281299464405
100000000000000000000000000000000000000000000000000010,signed_packet,0,2.178897537102189e-27,1.367452455072356e-54,1.8088615872021054e-54,2.1865778639912605
100000000000000000000000000000000000000000000000000010,signed_packet,1,4.7326123823986506e-27,6.451199771170777e-54,8.53362573166785e-54,2.156762294936925
100000000000000000000000000000000000000000000000000010,signed_packet,2,9.929790474742368e-27,2.8400029339207143e-53,3.7567464928341047e-53,2.262202454963699
100000000000000000000000000000000000000000000000000010,signed_packet_chain,-2,7.803078261991976e-28,1.753761552384594e-55,2.3198699841103936e-55,2.186834973981604
100000000000000000000000000000000000000000000000000010,signed_packet_chain,-1,1.2002055277022952e-27,4.1490614267883465e-55,5.48836473986387e-55,2.188381906831637
100000000000000000000000000000000000000000000000000010,signed_packet_chain,0,2.178897537102189e-27,1.367452455072356e-54,1.8088615872021054e-54,2.477530846139416
100000000000000000000000000000000000000000000000000010,signed_packet_chain,1,4.7326123823986506e-27,6.451199771170777e-54,8.53362573166785e-54,2.362832556013018
100000000000000000000000000000000000000000000000000010,signed_packet_chain,2,9.929790474742368e-27,2.8400029339207143e-53,3.7567464928341047e-53,2.5976515461225063
1000000000000000000000000000000000000000000000000000010,packet,-2,2.467550006844273e-28,1.7537615523845939e-56,2.3198699841103934e-56,0.6226195448543876
1000000000000000000000000000000000000000000000000000010,packet,-1,3.7953831278635692e-28,4.149061426788346e-56,5.48836473986387e-56,0.6419065238442272
1000000000000000000000000000000000000000000000000000010,packet,0,6.890279005374155e-28,1.367452455072356e-55,1.8088615872021055e-55,0.6667148938868195
1000000000000000000000000000000000000000000000000000010,packet,1,1.4965834411095504e-27,6.451199771170777e-55,8.53362573166785e-55,0.7299410400446504
1000000000000000000000000000000000000000000000000000010,packet,2,3.1400754588430554e-27,2.840002933920714e-54,3.7567464928341046e-54,0.7923802048899233
1000000000000000000000000000000000000000000000000000010,signed_packet,-2,2.467550006844273e-28,1.7537615523845939e-56,2.3198699841103934e-56,1.7643588888458908
1000000000000000000000000000000000000000000000000000010,signed_packet,-1,3.7953831278635692e-28,4.149061426788346e-56,5.48836473986387e-56,1.8833811280783266
1000000000000000000000000000000000000000000000000000010,signed_packet,0,6.890279005374155e-28,1.367452455072356e-55,1.8088615872021055e-55,2.0327925058081746
1000000000000000000000000000000000000000000000000000010,signed_packet,1,1.4965834411095504e-27,6.451199771170777e-55,8.53362573166785e-55,2.2393077791202813
1000000000000000000000000000000000000000000000000000010,signed_packet,2,3.1400754588430554e-27,2.840002933920714e-54,3.7567464928341046e-54,2.3797573598567396
1000000000000000000000000000000000000000000000000000010,signed_packet_chain,-2,2.467550006844273e-28,1.7537615523845939e-56,2.3198699841103934e-56,2.00160388299264
1000000000000000000000000000000000000000000000000000010,signed_packet_chain,-1,3.7953831278635692e-28,4.149061426788346e-56,5.48836473986387e-56,2.2836532280780375
1000000000000000000000000000000000000000000000000000010,signed_packet_chain,0,6.890279005374155e-28,1.367452455072356e-55,1.8088615872021055e-55,2.2197920398321003
1000000000000000000000000000000000000000000000000000010,signed_packet_chain,1,1.4965834411095504e-27,6.451199771170777e-55,8.53362573166785e-55,2.344658860936761
1000000000000000000000000000000000000000000000000000010,signed_packet_chain,2,3.1400754588430554e-27,2.840002933920714e-54,3.7567464928341046e-54,2.5558011629618704
10000000000000000000000000000000000000000000000000000010,packet,-2,7.803078261991977e-29,1.753761552384594e-57,2.3198699841103936e-57,0.6491413791663945
10000000000000000000000000000000000000000000000000000010,packet,-1,1.2002055277022953e-28,4.149061426788347e-57,5.48836473986387e-57,0.6762356229592115
10000000000000000000000000000000000000000000000000000010,packet,0,2.178897537102189e-28,1.3674524550723557e-56,1.8088615872021053e-56,0.6748687298968434
10000000000000000000000000000000000000000000000000000010,packet,1,4.732612382398651e-28,6.451199771170777e-56,8.53362573166785e-56,0.7522743351291865
10000000000000000000000000000000000000000000000000000010,packet,2,9.929790474742367e-28,2.8400029339207142e-55,3.756746492834105e-55,0.8720218050293624
10000000000000000000000000000000000000000000000000000010,signed_packet,-2,7.803078261991977e-29,1.753761552384594e-57,2.3198699841103936e-57,1.798147656954825
10000000000000000000000000000000000000000000000000000010,signed_packet,-1,1.2002055277022953e-28,4.149061426788347e-57,5.48836473986387e-57,2.2186617588158697
10000000000000000000000000000000000000000000000000000010,signed_packet,0,2.178897537102189e-28,1.3674524550723557e-56,1.8088615872021053e-56,1.9822831752244383
10000000000000000000000000000000000000000000000000000010,signed_packet,1,4.732612382398651e-28,6.451199771170777e-56,8.53362573166785e-56,2.090453180950135
10000000000000000000000000000000000000000000000000000010,signed_packet,2,9.929790474742367e-28,2.8400029339207142e-55,3.756746492834105e-55,2.2649268400855362
10000000000000000000000000000000000000000000000000000010,signed_packet_chain,-2,7.803078261991977e-29,1.753761552384594e-57,2.3198699841103936e-57,2.0095282590482384
10000000000000000000000000000000000000000000000000000010,signed_packet_chain,-1,1.2002055277022953e-28,4.149061426788347e-57,5.48836473986387e-57,2.1111369330901653
10000000000000000000000000000000000000000000000000000010,signed_packet_chain,0,2.178897537102189e-28,1.3674524550723557e-56,1.8088615872021053e-56,2.2308924118988216
10000000000000000000000000000000000000000000000000000010,signed_packet_chain,1,4.732612382398651e-28,6.451199771170777e-56,8.53362573166785e-56,2.377178344875574
10000000000000000000000000000000000000000000000000000010,signed_packet_chain,2,9.929790474742367e-28,2.8400029339207142e-55,3.756746492834105e-55,2.6237787581048906
100000000000000000000000000000000000000000000000000000010,packet,-2,2.4675500068442732e-29,1.753761552384594e-58,2.3198699841103937e-58,0.617695706197992
100000000000000000000000000000000000000000000000000000010,packet,-1,3.795383127863569e-29,4.149061426788346e-58,5.48836473986387e-58,0.6416344728786498
100000000000000000000000000000000000000000000000000000010,packet,0,6.890279005374155e-29,1.367452455072356e-57,1.8088615872021054e-57,0.670507611008361
100000000000000000000000000000000000000000000000000000010,packet,1,1.4965834411095505e-28,6.451199771170777e-57,8.53362573166785e-57,0.7292034579440951
100000000000000000000000000000000000000000000000000000010,packet,2,3.1400754588430554e-28,2.840002933920714e-56,3.7567464928341045e-56,0.7924570548348129
100000000000000000000000000000000000000000000000000000010,signed_packet,-2,2.4675500068442732e-29,1.753761552384594e-58,2.3198699841103937e-58,1.7544603790156543
100000000000000000000000000000000000000000000000000000010,signed_packet,-1,3.795383127863569e-29,4.149061426788346e-58,5.48836473986387e-58,1.8337356080301106
100000000000000000000000000000000000000000000000000000010,signed_packet,0,6.890279005374155e-29,1.367452455072356e-57,1.8088615872021054e-57,2.158340507885441
100000000000000000000000000000000000000000000000000000010,signed_packet,1,1.4965834411095505e-28,6.451199771170777e-57,8.53362573166785e-57,2.108580857049674
100000000000000000000000000000000000000000000000000000010,signed_packet,2,3.1400754588430554e-28,2.840002933920714e-56,3.7567464928341045e-56,2.297047235071659
100000000000000000000000000000000000000000000000000000010,signed_packet_chain,-2,2.4675500068442732e-29,1.753761552384594e-58,2.3198699841103937e-58,2.001030612969771
100000000000000000000000000000000000000000000000000000010,signed_packet_chain,-1,3.795383127863569e-29,4.149061426788346e-58,5.48836473986387e-58,2.1869201951194555
100000000000000000000000000000000000000000000000000000010,signed_packet_chain,0,6.890279005374155e-29,1.367452455072356e-57,1.8088615872021054e-57,2.2321480049286038
100000000000000000000000000000000000000000000000000000010,signed_packet_chain,1,1.4965834411095505e-28,6.451199771170777e-57,8.53362573166785e-57,2.582918405998498
100000000000000000000000000000000000000000000000000000010,signed_packet_chain,2,3.1400754588430554e-28,2.840002933920714e-56,3.7567464928341045e-56,2.689093529013917
1000000000000000000000000000000000000000000000000000000010,packet,-2,7.803078261991977e-30,1.7537615523845938e-59,2.3198699841103935e-59,0.6276230758521706
1000000000000000000000000000000000000000000000000000000010,packet,-1,1.2002055277022953e-29,4.149061426788347e-59,5.48836473986387e-59,0.6516743428073823
1000000000000000000000000000000000000000000000000000000010,packet,0,2.178897537102189e-29,1.3674524550723559e-58,1.8088615872021054e-58,0.6777462458703667
1000000000000000000000000000000000000000000000000000000010,packet,1,4.732612382398651e-29,6.451199771170777e-58,8.53362573166785e-58,0.7373807448893785
1000000000000000000000000000000000000000000000000000000010,packet,2,9.929790474742368e-29,2.8400029339207144e-57,3.756746492834105e-57,0.7946379098575562
1000000000000000000000000000000000000000000000000000000010,signed_packet,-2,7.803078261991977e-30,1.7537615523845938e-59,2.3198699841103935e-59,1.7727719359099865
1000000000000000000000000000000000000000000000000000000010,signed_packet,-1,1.2002055277022953e-29,4.149061426788347e-59,5.48836473986387e-59,1.8387659781146795
1000000000000000000000000000000000000000000000000000000010,signed_packet,0,2.178897537102189e-29,1.3674524550723559e-58,1.8088615872021054e-58,1.8804509108886123
1000000000000000000000000000000000000000000000000000000010,signed_packet,1,4.732612382398651e-29,6.451199771170777e-58,8.53362573166785e-58,2.1818573439959437
1000000000000000000000000000000000000000000000000000000010,signed_packet,2,9.929790474742368e-29,2.8400029339207144e-57,3.756746492834105e-57,2.3535311580635607
1000000000000000000000000000000000000000000000000000000010,signed_packet_chain,-2,7.803078261991977e-30,1.7537615523845938e-59,2.3198699841103935e-59,2.05363502795808
1000000000000000000000000000000000000000000000000000000010,signed_packet_chain,-1,1.2002055277022953e-29,4.149061426788347e-59,5.48836473986387e-59,2.3412758430931717
1000000000000000000000000000000000000000000000000000000010,signed_packet_chain,0,2.178897537102189e-29,1.3674524550723559e-58,1.8088615872021054e-58,2.720417491858825
1000000000000000000000000000000000000000000000000000000010,signed_packet_chain,1,4.732612382398651e-29,6.451199771170777e-58,8.53362573166785e-58,2.4500159898307174
1000000000000000000000000000000000000000000000000000000010,signed_packet_chain,2,9.929790474742368e-29,2.8400029339207144e-57,3.756746492834105e-57,2.5810274730902165
