N,source,method,arithmetic_median_seconds,cv,question
44,8c29aa758f866c5074d07b40b4db2a760c5de3c2281a9371659f707fe34da3b4,variable_elimination,0.004745333,0.027481354792822103,f02c0300bb1dee84354715cf
44,8c29aa758f866c5074d07b40b4db2a760c5de3c2281a9371659f707fe34da3b4,conditional_components,39.014951648,0.012479178827064527,f02c0300bb1dee84354715cf
44,27e76719ea5ec2bcc2096e5cffae79d2ad86e001fb12514eccdd86578e94b703,variable_elimination,0.004953789,0.031732421411136524,99b08ec16d1c673c6dc9a4d7
44,27e76719ea5ec2bcc2096e5cffae79d2ad86e001fb12514eccdd86578e94b703,conditional_components,2.854697577,0.0012766529512410977,99b08ec16d1c673c6dc9a4d7
44,ffb9d9fbd16d92158a304a89ca10001721cc556cda01b15ba141c8b66f33da52,variable_elimination,0.005669816,0.01605411650317408,bee22c5cb8f0cce29acf5805
44,ffb9d9fbd16d92158a304a89ca10001721cc556cda01b15ba141c8b66f33da52,conditional_components,38.541748292,0.009706141713082178,bee22c5cb8f0cce29acf5805
45,ea14a43d6ee95938191d09e4768e738d91b3721339e28c01dc309d22ee0dc2be,variable_elimination,0.005012908,0.014654820055754575,87b95bebb3857511c4ee6cdf
45,ea14a43d6ee95938191d09e4768e738d91b3721339e28c01dc309d22ee0dc2be,conditional_components,4.692098376,0.0011275828258764799,87b95bebb3857511c4ee6cdf
46,e553cda8fc5e4e98fef9a3940a36be26bf809581ff3b19da8573c413e7a5bc07,variable_elimination,0.005260374,0.06462494129333178,b8894aa6e07e4483507756df
46,e553cda8fc5e4e98fef9a3940a36be26bf809581ff3b19da8573c413e7a5bc07,conditional_components,7.23203749,0.009154344361062668,b8894aa6e07e4483507756df
41,9676010cf7edd05bf1f288851070a48f1497c60359ecd6077a79fa881c365edf,variable_elimination,0.005132316,0.5847551562363432,18f01183cf76b0e218f419f1
41,9676010cf7edd05bf1f288851070a48f1497c60359ecd6077a79fa881c365edf,conditional_components,19.053775746,0.006051185510094132,18f01183cf76b0e218f419f1
37,22042657bf6c8ffd64239198413ec05eb8c4f23732a6fe94240e0ae4ce6d1f04,variable_elimination,0.003495616,0.5845899883057358,637e13b068a88d3d1b8af303
37,22042657bf6c8ffd64239198413ec05eb8c4f23732a6fe94240e0ae4ce6d1f04,conditional_components,19.131778724,0.0036152577896863872,637e13b068a88d3d1b8af303
40,5bfbf9b69caa24ec2989b0b7adb3fda84348abfb962ea888a91951c074ccc06b,variable_elimination,0.003792931,0.9566008290924065,3252ec8d0d9fb2e21749e880
40,5bfbf9b69caa24ec2989b0b7adb3fda84348abfb962ea888a91951c074ccc06b,conditional_components,9.804995928,0.003765703673582099,3252ec8d0d9fb2e21749e880
40,5f88e22b09377f5932d3befb66c4d6186b5f50e3c42c7b231e5d713188ed425a,variable_elimination,0.004536557,0.6979916994427721,5af08f9730ca6cb0997b326f
40,5f88e22b09377f5932d3befb66c4d6186b5f50e3c42c7b231e5d713188ed425a,conditional_components,39.252329682,0.0022550196867121377,5af08f9730ca6cb0997b326f
