N,best_method,best_method_median_seconds,best_method_repetitions,fresh_method_median_seconds,reduction_vs_fresh_percent,all_training_solve_seconds,training_solve_count,width,branches,weighted_entries,root_count,primes,source_sha256
1,fresh_min_fill,0.000964084,1,0.000964084,0.0,0.000964084,1,0,1,0,2,1,a491b793e84c1e1b274a7012e3d86241c5344fabe6412f3ea99ebfd03ac603cf
2,fresh_min_fill,0.001725339,1,0.001725339,0.0,0.001725339,1,0,1,0,4,1,99c151a7f54c9f60633fb0580f3836cc4fccdbca6f9762c6376ef037b21b6eeb
3,fresh_min_fill,0.005727895,1,0.005727895,0.0,0.005727895,1,0,1,0,8,1,2bfd67b1ad8c9744f8345f8a84d2cd13d21a3e0442576b86e3c57419801cd052
4,fresh_min_fill,0.011163541,1,0.011163541,0.0,0.011163541,1,0,1,0,8,1,5e20e2d2ff7a6f1a772bf7de96200cd3bcfb51157387d3446a196ba0e2ec64d3
5,fresh_min_fill,0.011275421,1,0.011275421,0.0,0.011275421,1,0,1,1,8,1,258c2a4ff949114577ec2e8e11949dbaeec7ef3432cd2f634fefcde861ae0117
6,fresh_min_fill,0.021103411,1,0.021103411,0.0,0.021103411,1,1,1,3,16,1,473d02574cc7a661b725c821ba67e57e00b12ef300aeb1d47602959376a040a6
7,fresh_min_fill,0.02103705,1,0.02103705,0.0,0.02103705,1,1,1,5,16,1,4034394a52387d4c50dc492d42caace86d7da5f5de824fe39a27a1e9eae7882c
8,fresh_min_fill,0.041411615,1,0.041411615,0.0,0.041411615,1,2,1,11,32,1,567e11eb337603247dc37b986e36bc1520dd5166e21f234c7e57bdfa812c67e9
9,fresh_min_fill,0.04062197,1,0.04062197,0.0,0.04062197,1,2,1,15,32,1,0de9fb2f1238632cf721304595a3822207684f650a0992dcf900ad92b8618fe3
10,fresh_min_fill,0.042138651,1,0.042138651,0.0,0.042138651,1,3,1,31,32,1,10a7c79308377a16a943effe68b59a085f69c569b04047ea28a88cb8962b1725
11,fresh_min_fill,0.041135097,1,0.041135097,0.0,0.041135097,1,3,1,33,32,1,2cd005310f5e125be4f3793e7039865435b7cca3f722ecc8b24a5d4ea6683d13
12,fresh_min_fill,0.081917216,1,0.081917216,0.0,0.081917216,1,3,1,35,64,1,d43f02bf50cba6c1f979836775c85f22cf565bc1897f098c6c402ce05669c017
13,fresh_min_fill,0.081135041,1,0.081135041,0.0,0.081135041,1,3,1,36,64,1,509a79b91dffd206dd81d6c5c95283bdc567735dd9e701df5e5049b25debadec
14,fresh_min_fill,0.080012038,1,0.080012038,0.0,0.080012038,1,3,1,38,64,1,855ba61d8a1e476ab9f4a366f2b3cf320b37fb40b4200110740f2c9b86f8e195
15,fresh_min_fill,0.081020752,1,0.081020752,0.0,0.081020752,1,3,1,39,64,1,2b8e55b1d695f87b2d8949f5627f50f0b303a3ed7b0a249f18d829714c01617e
16,fresh_min_fill,0.081931955,1,0.081931955,0.0,0.081931955,1,3,1,41,64,1,25661c6ee48d9ffc98b3f70adcda03eb3e60f39e301c927fd9a7188bac7634b2
17,fresh_min_fill,0.101043598,1,0.101043598,0.0,0.101043598,1,3,1,42,64,1,49df486bd5f14593f7d0c68ccafd2b2662ac87abfe8b9c129ce8b8c1124c0faa
18,fresh_min_fill,0.080691493,1,0.080691493,0.0,0.080691493,1,3,1,44,64,1,1232a84a0582bb726c124d0930d0231adee6735906b94ed02e7da25fdc6d8fef
19,fresh_min_fill,0.080789092,1,0.080789092,0.0,0.080789092,1,3,1,45,64,1,326689f0a8d846691dec4fc4750ee2bc9275755d76ea466e214eeb6c6788d677
20,fresh_min_fill,0.08277423,1,0.08277423,0.0,0.08277423,1,3,1,47,64,1,9cb37e3de3b3abb56f127007b4d48f147f82cd8c1708a7eb831754b10a01e84c
21,fresh_min_fill,0.082524972,1,0.082524972,0.0,0.082524972,1,3,1,49,64,1,50f6cb3f01e659454ac535833fe01689b82a8280bb7fae86e8ce661b1965ac91
22,fresh_min_fill,0.08277646,1,0.08277646,0.0,0.08277646,1,3,1,51,64,1,e2e0b0207a0711b21f93a408e06df2b15201f0f66d8e720aabeeba38272c455e
23,fresh_min_fill,0.082559831,1,0.082559831,0.0,0.082559831,1,3,1,52,64,1,0b5b315d2e763c00390a5bf64eb4856563cf3f7b01ecdcaa4b81841d42cc4d72
24,fresh_min_fill,0.083306847,1,0.083306847,0.0,0.083306847,1,3,1,53,64,1,23e5189c367e97c6f5689f15ec54e6d0aa61cd43346758be28ea6c77327c3ed6
25,fresh_min_fill,0.160507742,1,0.160507742,0.0,0.160507742,1,3,1,57,128,1,73c9dcb5319a4ef289b3c6705a2570b06ea5bf03af865fa465fca046687fe447
26,fresh_min_fill,0.161445176,1,0.161445176,0.0,0.161445176,1,3,1,58,128,1,9cfc8d76c5ed049a3560d62c05e15577c481572e2255ecc5616dd5650242317d
27,fresh_min_fill,0.161358117,1,0.161358117,0.0,0.161358117,1,3,1,68,128,1,9a750cc6dae3c97a69ca9d7b7f81134e5882d31b270df0c6146fb2582561940f
28,fresh_min_fill,0.16069029,1,0.16069029,0.0,0.16069029,1,3,1,69,128,1,ef6a22075d49330d49a2d9da5d0fdef280f524a6143a454e7cd57aa44d57887f
29,fresh_min_fill,0.160671691,1,0.160671691,0.0,0.160671691,1,3,1,72,128,1,185f08ed8b7f564170edf87a168ac6636aca2012113b6154cc8342a40e44763c
30,fresh_min_fill,0.166381875,1,0.166381875,0.0,0.166381875,1,3,1,74,128,2,3804183b232bc107520e8c8c56d448788353792550cff504d5216a5171684499
31,fresh_min_fill,0.183232392,1,0.183232392,0.0,0.183232392,1,3,1,77,128,2,3900a48bafcdeedbe5f5d06e0f26156e4b65747e4dd1536bf4ae43d8cd3b9932
32,fresh_min_fill,0.185093591,1,0.185093591,0.0,0.185093591,1,3,1,78,128,2,d769092a71b3dd083f068c21f5a86a87b18cedf27ea7fb0852e7af0d7dec49ed
33,fresh_min_fill,0.234611216,1,0.234611216,0.0,0.234611216,1,3,1,80,128,2,c818b467ee101c282d1e7bdb73de2fb67b08ca7fcd50dc165b61ace75b0862d0
34,fresh_min_fill,0.194114145,1,0.194114145,0.0,0.194114145,1,3,1,81,128,2,1549bf31fe5a8a261652c1485d828c40fbe5b518a9f95656f24dd69e75d68873
35,fresh_min_fill,0.194650611,1,0.194650611,0.0,0.194650611,1,3,1,82,128,2,1fafe6cd5b5fa225f5c38b954bbd74c5e5cee3d9cb0e1873cfd97032c515dd7c
36,fresh_min_fill,0.201039262,1,0.201039262,0.0,0.201039262,1,3,1,89,128,2,a918a2d9a2b00eb29293a11df8ec5b461519f2d8da7de9bf05ee81cad626a270
37,fresh_min_fill,0.18842413,1,0.18842413,0.0,0.18842413,1,3,1,94,128,2,7568aee6dcbce7999ed3839850d05c46ed50b4af02ab62cbbd30f0f95ccc1756
38,fresh_min_fill,0.196067203,1,0.196067203,0.0,0.196067203,1,3,1,96,128,2,946bb85dfc7e27d095dd4683b951f0d071db199831303ae6c008d89ee72d7780
39,fresh_min_fill,0.29233693,1,0.29233693,0.0,0.29233693,1,3,1,98,128,2,d8c6f44cedcd5356514fb10a5cd6aa9175951f99dedbef43b545712c6708b59e
40,fresh_min_fill,0.200627995,1,0.200627995,0.0,0.200627995,1,3,1,110,128,2,7b8fe66f12d716c8f30e540b1b9bcc5bfc0bcbbed8d1e73788084defaf91a626
41,fresh_min_fill,0.361906872,1,0.361906872,0.0,0.361906872,1,3,1,127,256,2,a64a9f7078c3025aecdc6b166d2addc35c2f7e9e7fa8adc5e37f076f0811a9a7
42,fresh_min_fill,0.359212499,1,0.359212499,0.0,0.359212499,1,4,1,135,256,2,be7cafb8e17c92fb38ad5db2f39575b53122137a0560a2b51956308b8b1f8958
43,fresh_min_fill,0.357199501,1,0.357199501,0.0,0.357199501,1,4,1,149,256,2,ed6635a16b8f03159ee17eb158de6fc08eb8379a05c70bed3c7ab42520122ddf
44,fresh_min_fill,0.363718871,1,0.363718871,0.0,0.363718871,1,4,1,175,256,2,520df7432ceb2bc0c57f45cb009de497f2851b4582146f3c04455425e5bdb227
45,fresh_min_fill,0.369011989,1,0.369011989,0.0,0.369011989,1,4,1,191,256,2,ea14a43d6ee95938191d09e4768e738d91b3721339e28c01dc309d22ee0dc2be
46,fresh_min_fill,0.371543943,1,0.371543943,0.0,0.371543943,1,4,1,197,256,2,e553cda8fc5e4e98fef9a3940a36be26bf809581ff3b19da8573c413e7a5bc07
47,fresh_min_fill,0.368883109,1,0.368883109,0.0,0.368883109,1,4,1,200,256,2,6e8d1dc4b56e161c91bc546688ab6eb3578be1402e81cb135bd3ff783b459dc8
48,fresh_min_fill,0.374349666,1,0.374349666,0.0,0.374349666,1,4,1,236,256,2,861eb654b511fe3af6078587dacf5fc83cb657b083737bd1d023f344241c54f4
49,tie_portfolio,0.367541927,3,0.367769186,0.06179392092952041,2.243628478,6,4,1,278,256,2,f48f595ee6300e1a762892c3901a5cdbdd34dc3f4a1918d3fcd6256a9cdbb470
50,fresh_min_fill,0.36553431,3,0.36553431,0.0,2.203312176,6,5,1,392,256,2,74f368fe65ec3d8387e8cd243404539c3c287f763bfbfd46c435d530a47b9fab
51,transition_priority,0.37354757,1,0.46611824,19.859911510864713,0.83966581,2,5,1,384,256,2,cfdd759755b2d60351e63ebdc6875c791497bfc0e1686dbe55ffe1f48651658d
52,transition_priority,0.369624895,3,0.374943822,1.4185930499209576,2.233788899,6,5,1,386,256,2,d10d4421867be101a537f7cf9db57b5abd274305a5390973cd768b29d59a05b9
53,fresh_min_fill,0.370547359,1,0.370547359,0.0,0.370547359,1,5,1,420,256,2,fe50db07119e098811e3bf1a0bda5ff57037dc4801afedb72a7d2ef1bf6db25b
54,transition_priority,0.372714525,3,0.376130114,0.9080870881824632,2.244400412,6,6,1,568,256,2,64302b2b4851bc4ad2c318c30f809495867eb812d8e6f8ed38ae1a61c00047d5
55,transition_priority,0.366231185,3,0.367501798,0.34574334245842664,2.208349625,6,6,1,684,256,2,47db7f446a0c6aa6488e75f326ef36eb39fac466acfe13578032d4c47073ebcd
56,fresh_min_fill,0.357533689,3,0.357533689,0.0,2.183235238,6,7,1,1002,256,2,6fc10065c9b57c2f5be05aec0ba4638fc0db4ee81f662aa98b05fe0539df56e8
57,tie_portfolio,0.377525696,1,0.47592072,20.674666990754254,0.853446416,2,7,1,1471,256,2,986767a29753ce0f33650ae3a63a52aa0afb2514d700ecba9597db36a7000f12
58,tie_portfolio,0.373003144,3,0.37353869,0.1433709584407472,2.231192505,6,8,1,1803,256,2,cca0fa5236bf34624fab111aa12727060e40bf24aefb9370370a75f45cdaf74c
59,fresh_min_fill,0.373817409,3,0.373817409,0.0,2.2530084,6,8,1,2205,256,2,5f22e854cf1a906578c06be4d218ee775c3fac81740063d37d49283fa7ccae74
60,fresh_min_fill,0.375024852,1,0.375024852,0.0,0.375024852,1,9,1,2661,256,3,0ff04bdb566a8450ef04e17c3ca206247c60c15dc1ec6593ced22365b58b8589
61,fresh_min_fill,0.376629841,3,0.376629841,0.0,2.282475517,6,11,1,7327,256,3,1db6679f0fa4c024634fd2ed228cfbbbda206e5c94706b1f6c4a2be280c8a3b5
62,fresh_min_fill,0.715100107,3,0.715100107,0.0,4.326238444,6,11,1,7539,512,3,9f9c7be5ccc783511221060aaedb1206c06dbf858cd3b5d099d484ba7df44d1d
63,fresh_min_fill,0.733872582,3,0.733872582,0.0,4.385343341,6,11,1,7543,512,3,b83904ac48c2ce76b2f4a4d7cb92fd8976ce9d12ec9366413f798f9262d58d4a
64,fresh_min_fill,0.746583753,1,0.746583753,0.0,0.746583753,1,10,1,5483,512,3,69ab422a328b7029304a18d328ac6405c1a3f2d7185053275a182b9551cecaa7
65,fresh_min_fill,0.757182848,1,0.757182848,0.0,0.757182848,1,10,1,5955,512,3,404020a937d335d1c6972e35b1d07f9c2d960ae4da60034cd919ff72fe92d4f7
66,fresh_min_fill,0.709148664,1,0.709148664,0.0,0.709148664,1,10,1,7703,512,3,1c0a8dc14477e8d6d97f22bb58749cca198ce0e854fa461561bf893699fba466
67,fresh_min_fill,0.746650833,1,0.746650833,0.0,0.746650833,1,11,1,11537,512,3,1aa3d94ee66a2d6915cbf162960fd593ff144be463fb7eb01db7746b759445b8
68,fresh_min_fill,0.724157172,3,0.724157172,0.0,4.498418115,6,14,1,64881,512,3,a77c1d39ae296e5a93fb2463940c0985af1dfc8762735404ad6807f4b1703b36
69,tie_portfolio,0.727340092,3,0.735620221,1.1255983405056513,4.394174489,6,11,1,21129,512,3,1e489cea441a62be7e01898aacd9f095512658cb5f9491d9d3cf900e48ccb20d
70,tie_portfolio,0.728133827,3,0.730166384,0.27836901897143607,4.379582106,6,12,1,20421,512,3,85d636118149404f1982bd2a1369cd51500a8928b9af647fb33181eda40f06a1
71,tie_portfolio,0.726827316,3,0.734801776,1.0852532288925798,4.384736625,6,11,1,24782,512,3,e895ceecc43687f44b35ba15cbd8d93fe40adaab3c4e2c54f3d1a9d421ebd652
72,tie_portfolio,0.734869106,1,0.862040953,14.75241362459957,1.596910059,2,13,1,37446,512,3,2c949e8f79d3db8e94006a1e043cf1865a85042263efe0e3794f0385ac4e8ff4
73,tie_portfolio,0.728120338,3,0.732115723,0.5457313474470982,4.384254041,6,13,1,58454,512,3,02922ed789f3cf7343cc634dd12ca12989dc36bffae5cc0fd62d872fae23be5a
74,fresh_min_fill,0.738483414,3,0.738483414,0.0,4.446649044,6,14,1,77106,512,3,27bbd81c034e6049fc1c3f96ef55b8d3f6e439915574d3b0b39d82004c1fae69
75,fresh_min_fill,0.744142219,3,0.744142219,0.0,4.639419787,6,15,1,146892,512,3,1dc0cec3b214164a5a555963a987064a4f58cc9efc68d72f565dd25e2d0dbfdb
76,fresh_min_fill,0.745728668,1,0.745728668,0.0,0.745728668,1,15,1,178388,512,3,db2d54839968fc1ad2e4c6ec326f500fecae660096c6cf38996a5a0d691d79bb
77,fresh_min_fill,0.775793253,3,0.775793253,0.0,4.733777356,6,17,1,610692,512,3,de68ad4bc82d000fe09af84424190d2972bf6b42629317e3f77ce7b886743060
78,transition_priority,0.780967252,3,0.785512844,0.5786782526499334,4.715944617,6,18,1,688808,512,3,5a976c34f66269cff9d4e0a2ae2b690e1b1e4467ce6fb7789ccf4ce4ff392ba5
79,fresh_min_fill,0.782065815,3,0.782065815,0.0,4.912776076,6,18,1,1177136,512,3,52c770b6a8ed6f639d8ded5cf7726d339612662a322afafdd3bd79ab3b766ecd
80,transition_priority,0.808799461,3,0.823782038,1.8187549993655017,4.878259818,6,17,1,672760,512,3,943df0e82445feae09928be7af24b337ee45bf1f96d77a5aa68eb7a83c4d9c6f
81,tie_portfolio,0.835143468,3,0.863000457,3.2279228561289175,5.083891852,6,19,1,2157892,512,3,a44aa0a4ea9c9cbc1672d4942815975347011434ee93b12c0f3c1c82ff5b875c
82,transition_priority,0.829767872,3,0.886076825,6.354861272892453,5.226890732,6,18,1,2158500,512,3,bd89fac87120d44109535955932bc46357101fa4cb3567c1850c4579f1c17de6
83,tie_portfolio,0.866122528,3,0.867834177,0.19723226456890286,5.300386678,6,19,1,3179716,512,3,ec96ba0ad20ce7b3738431e1ba2cc0043af2ce4aef4cf727ab479cd6cdba949d
84,tie_portfolio,0.938010375,3,1.002658527,6.447673884889826,5.748789908,6,21,1,7767628,512,3,a9276261b491353b7a97dfe6fa8053ce22f644b61fc21d0b3c8e160a13727b0c
85,tie_portfolio,0.937699627,1,1.654670163,43.33011811248814,2.59236979,2,21,1,9349652,512,3,2d415cf8e1e2b07fca8f2d10ba88831579ffcad92bbd27e35b87cc70dc8e4060
86,tie_portfolio,0.91772685,1,1.643924299,44.17462832332038,2.561651149,2,21,1,9663548,512,3,56442502b8a722a50ea1b3b932c8dfb47845545c249196eb1d25367b8ef6f233
87,tie_portfolio,1.015460888,1,1.383212614,26.586782268889863,2.398673502,2,20,1,9111100,512,3,79d702f8631e6b005b45d8f9b8b1b2a2cd8f1da5dd8dcf37f5d1a188bb440e5e
88,tie_portfolio,1.282037157,1,1.751526616,26.80458605146312,3.033563773,2,18,16,22404032,512,3,114fb989d5ec62cbf483788d83475ecdfad12802e5c0e9011a983df59f20608a
89,fresh_min_fill,1.355157078,1,1.355157078,0.0,1.355157078,1,18,16,29439616,512,4,25d1fca40ca926b462c3f7e1e1d48d0e7a43c906cf0b2423703ee6d20c036175
90,fresh_min_fill,2.976110858,1,2.976110858,0.0,2.976110858,1,18,32,58879232,1024,4,6b3e60db691983154e059577c5a5e4ad912c1b3e9347d81507a90c49fe59e463
91,transition_priority,3.196758329,1,8.800340692,63.674607144402586,11.997099021,2,18,32,63801600,1024,4,6b32983f6672646de1094be660ee991c3c806425cdfd395dc6af584d4fb1660c
92,transition_priority,3.156243429,1,7.485344237,57.83435832651873,10.641587666,2,18,32,74167936,1024,4,db3f1d90469edce7438a20541e8f18a4ac1a591d9f9cc195b32da567c4cd8c45
93,tie_portfolio,5.575601825,1,8.475015294,34.21130662799722,14.050617119,2,21,32,256825984,1024,4,00e76955329504b6fddb1ff0dfed0dcdf5f301b079a2e657e807dd3c6fc2cc5f
94,tie_portfolio,9.384354966,1,10.91703586,14.039350183099975,20.301390826,2,21,32,505460352,1024,4,abfb5968f0775691431b6f16a8ba791cb9124bf59b89d6561deabd15b8b55d08
95,fresh_min_fill,9.240339773,1,9.240339773,0.0,9.240339773,1,21,32,513524864,1024,4,d3d2753815f9b2744da322af5deaa9fecf53428656bd0b4d3fb853c962aec0d1
96,tie_portfolio,8.473945962,1,11.251463761,24.685835176641426,19.725409723,2,21,32,430070400,1024,4,dad9c1331dbc9b401ff729dde21b4e477b7b749ffea3504dab5b38c2c5d8fb44
