run,question_id,N,variant,requested_batch,actual_batch,seconds,worker_count,branches,tasks,preparation_seconds,gpu_phase_seconds,reconstruction_seconds,full_density_equal,plan_hash
podrun1,4e3788110fcec819bdfa70cc,12,,16,16,0.4529092125594616,1,1,4,0.410666333,0.02710492,0.00144501,True,877caac1fdd7a2760973b95d641aabc9056bc58c474b21a579195d01c70d81ad
podrun1,a17e7f8f755b4f79164fb25a,72,,16,16,2.256896821781993,1,1,96,1.948434135,0.264840027,0.022162263,True,b3ecbe36a83b65352fd71bb12755663f27afdcced013cdd374bd041db590f9e5
podrun1,9bcf2921c2c976676a0b0666,72,,16,16,2.303424905985594,1,1,96,1.99442252,0.268908811,0.021753126,True,1d75ea8147bd6a33f0579e4850015100653dd3edce4e997ee6f750af8da9bb2b
podrun1,27db7574b95a1e3a1c9ae42a,84,,16,16,3.4298966489732265,1,8,96,1.991070603,1.389782581,0.023864892,True,e96bc63c66d82a9286a98538c1cdad17b8234ebf620427d8b655f3ea3e538ff9
podrun1,c367e69b379d9fa48d779e60,84,,16,16,4.49183215200901,1,1,96,3.681950491,0.777856552,0.012866055,True,7e5b15a7b7bb4b5ba4594d2f5f0bf0da44bb7e7ce2b67c9720f26bea383d2a3a
podrun1,f3dd1f5f2848ed186e5fe242,72,,32,32,1.1556586306542158,1,1,48,1.003991875,0.104973235,0.023148757,True,b3ecbe36a83b65352fd71bb12755663f27afdcced013cdd374bd041db590f9e5
podrun1,d08dd4162120d0313391ec17,72,,32,32,1.1061155404895544,1,1,48,0.972743832,0.102028455,0.016681389,True,1d75ea8147bd6a33f0579e4850015100653dd3edce4e997ee6f750af8da9bb2b
podrun1,8d704a9ac73bab42c3ae20af,84,,32,32,1.8302199449390173,1,8,48,0.983455451,0.808493759,0.021492688,True,e96bc63c66d82a9286a98538c1cdad17b8234ebf620427d8b655f3ea3e538ff9
podrun1,4531c032d02f61ea885881a1,84,,32,32,3.9145122207701206,1,1,48,3.261376145,0.629515864,0.009310998,True,7e5b15a7b7bb4b5ba4594d2f5f0bf0da44bb7e7ce2b67c9720f26bea383d2a3a
podrun1,ca53264cde2a8f362bea069f,96,,16,16,42.146356988698244,1,16,256,1.087471853,40.994878419,0.041329196,True,47b326734e5dbd7a1a393f7413a4aea7efe82c84b53c52e3ff72a31dbfd0638e
podrun1,d5bca5708cbed4635e269ab1,96,,32,32,39.56134584732354,1,16,128,0.620241965,38.876929178,0.041971643,True,47b326734e5dbd7a1a393f7413a4aea7efe82c84b53c52e3ff72a31dbfd0638e
podrun1,80a35486979ee16c28b31dec,96,,16,16,90.94505609944463,1,32,512,1.085421297,89.793027744,0.043487782,True,bda7c356bc14d748be6afc45e20f5e724b8f7bb724a29fe559019d0e5c17c5e4
podrun1,d257606d969208ebd57156f1,96,,32,32,85.88544402271509,1,32,256,0.655804619,85.161166579,0.044505375,True,bda7c356bc14d748be6afc45e20f5e724b8f7bb724a29fe559019d0e5c17c5e4
podrun2,c1949b27329b43238fa2b270,12,,128,64,1.025642095017247,1,1,1,0.846188054,0.174406083,0.00158298,True,877caac1fdd7a2760973b95d641aabc9056bc58c474b21a579195d01c70d81ad
podrun2,bfba7dfc30b0eee84e4e3061,12,,128,64,0.7800589690450579,1,1,1,0.740725682,0.03594131,0.00106475,True,877caac1fdd7a2760973b95d641aabc9056bc58c474b21a579195d01c70d81ad
podrun2,ab194e9bee13186d683ece2d,100,,64,64,10.91826630604919,1,1,32,10.589546629,0.306328569,0.010889889,True,d42e16bb18a280a0fc53f9f9be945f937769650820db20995038f4cbfda5e22a
podrun2,3d08f2d1f9ee3134e66b43fd,105,,64,64,10.918945393990725,1,1,32,10.584697658,0.281289899,0.026556791,True,1864f1fe2b370f48b396792a3833cbde472af249f0e8f0d4a26704e41f7f9b0f
podrun2,1e4359ca957ffef7dba5cb46,72,,64,64,10.813805567100644,1,1,24,10.414324361,0.345334661,0.026539742,True,6d4e6ac1cee486cbc00437a38b8f4f83e587e8b3c96f2c0dd93ebdf9f5f93c5c
podrun2,39b81c39ef1d8b962a18fc2a,84,,64,64,12.64592735399492,1,1,24,10.976975937,1.6143889,0.019900474,True,54b0f8682020dfc755a0d6302661ab66a5da3628e6ad8fe081ea114ddb2c496f
podrun2,38837497dce7eed5c0a302d2,100,,64,64,7.845470917993225,1,1,32,7.5135171,0.279214587,0.027582183,True,d42e16bb18a280a0fc53f9f9be945f937769650820db20995038f4cbfda5e22a
podrun2,76c4c046f3fed93b2c96a200,105,,64,64,10.769093908020295,1,1,32,10.401662443,0.315542459,0.027597243,True,1864f1fe2b370f48b396792a3833cbde472af249f0e8f0d4a26704e41f7f9b0f
podrun2,41a282e45225f48d20292822,100,,128,128,3.1486778339603916,1,1,16,2.85027713,0.248828115,0.026275227,True,d42e16bb18a280a0fc53f9f9be945f937769650820db20995038f4cbfda5e22a
podrun2,1828f749c91c55acf9bde6ae,105,,128,128,4.3510419389931485,1,1,16,4.055868916,0.242950853,0.026961065,True,1864f1fe2b370f48b396792a3833cbde472af249f0e8f0d4a26704e41f7f9b0f
podrun2,253a59dfd04da76c1cf4c75f,72,,128,128,4.204963985015638,1,1,12,3.87668211,0.274438745,0.026024751,True,6d4e6ac1cee486cbc00437a38b8f4f83e587e8b3c96f2c0dd93ebdf9f5f93c5c
podrun2,821d29cadc1844b52e1c4712,84,,128,128,6.008235943038017,1,1,12,4.466611764,1.47302858,0.02827634,True,54b0f8682020dfc755a0d6302661ab66a5da3628e6ad8fe081ea114ddb2c496f
podrun2,b1838e1964641b6078ade471,72,,64,64,0.8852613959461451,1,1,24,0.744802188,0.097484988,0.022409398,True,6d4e6ac1cee486cbc00437a38b8f4f83e587e8b3c96f2c0dd93ebdf9f5f93c5c
podrun2,af182059d79459755baa725f,84,,64,64,6.0707580640446395,1,8,24,3.05809698,2.950136274,0.027178671,True,2b9134d2250c6d7d7454f9518fd0b171c99b1ac5d44f082872553a41017f265e
podrun2,120705e9c02796eee637d706,84,,64,64,4.873236788902432,1,1,24,3.464279342,1.340138142,0.02991514,True,54b0f8682020dfc755a0d6302661ab66a5da3628e6ad8fe081ea114ddb2c496f
podrun2,ee751bcf8b6cc59aafe4b493,100,,64,64,6.269030778086744,1,1,32,6.059744546,0.159968769,0.02613189,True,d42e16bb18a280a0fc53f9f9be945f937769650820db20995038f4cbfda5e22a
podrun2,621040489d7a5175a41a6262,72,,128,128,6.671339642023668,1,1,12,6.125125244,0.493289681,0.026191659,True,6d4e6ac1cee486cbc00437a38b8f4f83e587e8b3c96f2c0dd93ebdf9f5f93c5c
podrun2,7130b90e1bf5a2b812f72e46,100,,64,64,9.261958195944317,1,32,32,6.205250941,3.00747843,0.025649779,True,5deef00a32a2b67e5304ad33ebf7b66c04dc4159a6320955ad61b6bfddcc79f2
podrun2,43a1ff7850798ebbf732a4ea,105,,64,64,4.995191017049365,1,1,32,4.781896068,0.158097414,0.029963049,True,1864f1fe2b370f48b396792a3833cbde472af249f0e8f0d4a26704e41f7f9b0f
podrun2,62ac72eda8d4d97693fac6fe,105,,64,64,8.166864907951094,1,32,32,5.161511399,2.949956128,0.029838322,True,d7b45655f59a648f0b0534117241b49833a08d0e9c6b02b3bd35e80dbe7f36f3
podrun2,28741a18e9cd750a691cf57e,100,,128,128,3.3956769129727036,1,1,16,3.247204432,0.101962116,0.026299357,True,d42e16bb18a280a0fc53f9f9be945f937769650820db20995038f4cbfda5e22a
podrun2,f1f0804def2759e1184e1c96,100,,128,128,1.844183515990153,1,1,16,1.498652408,0.307212252,0.018627527,True,d42e16bb18a280a0fc53f9f9be945f937769650820db20995038f4cbfda5e22a
podrun2,9563855fb2e753852647c27d,105,,128,128,1.930850822944194,1,1,16,1.778935475,0.103683804,0.02669192,True,1864f1fe2b370f48b396792a3833cbde472af249f0e8f0d4a26704e41f7f9b0f
podrun2,44bc8e6db64f232007723b3a,105,,128,128,0.9638343999395147,1,1,16,0.840303171,0.100305796,0.01088696,True,1864f1fe2b370f48b396792a3833cbde472af249f0e8f0d4a26704e41f7f9b0f
podrun2,69bc04bb49cd9031b507b8b7,90,,64,64,84.91933834098745,1,16,64,3.730819222,81.109628219,0.045838608,True,04461cfb815cc965d3f97c4a4ea38f1dff9b5636af9d53145780c8c1f0f69aca
podrun2,50b02ae4c6fdc3ebd62a2b6b,96,,64,64,97.87748246500269,1,32,64,7.372803306,90.407401287,0.050683318,True,24bd8d2100e9d589171121d051c1df5e728151cad00466e563b406eae4c262d9
podrun2,4e238f06bc118de302bc8e16,99,,64,64,98.12072023295332,1,32,64,5.724384351,92.303184955,0.048215314,True,956e58dc456a4ff030067eea0bcf9304982a579538e94af0f93c34512d610425
podrun2,0ffe490ad24f802d788055e0,90,,64,64,129.51798669691198,1,32,64,3.384845382,126.05294267,0.047480897,True,b800f5fe2146d30227f2aa3d92f88fdbc1014eede23b0b6a8ca2c3c69228b9fc
podrun2,aa12604ffdf615af09aa2f6b,101,,64,64,150.78341562999412,1,32,64,4.143482285,146.580341171,0.021092992,True,24b437e216ce2e50b947082f81efbb6505458cd2e05381b100acd4f3073278ff
