N,seconds,arithmetic_seconds,prepare_seconds,width,branches,tasks,source_hash,result_ref
97,18.585366201,18.108114001,0.458861599,18,512,10240,6e6f02bf7937324565f45ba2ce17c6df97a2c4ac2a4584d4f985250df886f206,7766b23e3fa1c3fefdbf45fa6881069d77e923be35d3b2a4d91705b9e205c4c4
98,18.36147986,17.974624894,0.370190484,18,512,10240,70b3a4f3e558a0989ed7aece9cd6b0ddcd923dc7bbc247a78f138930dfd9ab4a,164e38e02149d4d32254badc6645a955b7cf24bae82ad4d28c3a3b026af99098
99,18.39074689,18.002082516,0.370337883,18,512,10240,c76baa272b569d91190c40f7bd85f90764ae9a3395f233f42689995f64c09e83,817a7a0ce73c13ceb17dc144f4a2a7a666da918daf5858bef6ddf26079f674d1
100,23.844745895,23.489350035,0.336553582,19,512,10240,eb83a706d1a9fd7eb41590b582c92090b992d031a4fbf01df6c331ff30b1901c,9b620b890cf2179859adde936b26315b7af5d075d258577eb5894862848c5ad2
101,23.841435986,23.493420519,0.330828458,19,512,10240,df15f567c5831c538791576c0b7edea70a29ec59fee267c1f8236af32f21529c,91a31b6226415b4a574765a5d7aad4d7c6370801b1b5ba12992e43cc584223fa
102,33.025472505,32.667405383,0.339296163,19,512,10240,fb2561b64868ab44e25fc4d0e2d8437af0e0072276daa97e31cf58e80c2dc9c8,9c64f76b98fb2db3e77557d2a7864e9e6ba9c0e7c23c2d193cade011e257b205
103,33.128891426,32.703143313,0.405241656,19,512,10240,527cc8637264c74a1347b8d0c1d9c65422d81232962d920d2e13731300ffe545,47444fa025b1ec51108e6552e11de878c006cb3f6bd02092798bb6dee264790e
104,33.207589012,32.776713762,0.413356164,19,512,10240,11d99e3d7e3353c11ef804140da015cd63fe09eb07bfde2f1980de111109aa4f,7fa9bdaf6327ad3492197d59dada64d28c7b7e147998fa198256cea5076b80bd
105,67.791255346,67.401552158,0.340948193,19,1024,20480,41dddec58d98dadf23e3225b72c3976eafa93e5dc696664c62c5f3c673f703ff,f66a45a4425f7af0ebcbff31605f95f2bd3f3e2cc478103d130462388fa7040d
106,72.374879583,71.960834143,0.36774239,19,1024,20480,69c2ac1211e6357c125fab3b88dd0893ed80c0585563a3f988118014133470e3,1dfe2fb86b1c2a4b46ef847157bbcca73017b5e638e3366cedd8248375311cff
107,74.10577049,73.732329557,0.355732437,19,1024,20480,a8d07e7f624a686b65d5818fc0a4bdc1ae6c7b53efcc3cc0cbb001c9db45f307,02dc3984edbb54608dd454a182a60a0488c5224154d479f1a5098c6872aa4036
108,81.699245172,81.293789858,0.358628618,19,1024,20480,9a54c568b5318669459338e62eaee66ad8a9b98615dbca859007da933b6a57de,f30d68a697d06098564a058070c05d78ffd674f61ce67af0f24c907cf0ac7c37
109,82.140740837,81.691144134,0.407825734,19,1024,20480,fabf59f62a553c66221d9911f2b38d3673d0042dea2c8845dc0bcdd07b07257d,c4c052a27d853d4d78d1f3cbdde76e457f2f36887e512cad06d3e77126a417d1
110,83.785584353,83.333583506,0.432370514,19,1024,20480,b8ec6a643e13877df9da200ad6ca1da7e0d29fc7f3727d35444540bd23f87aff,5b623b15f3f967417148e8b6f0f1aa93e33b08ddf47707d874887976bd9e4c93
111,92.471042347,92.067077148,0.383276853,19,1024,20480,03fee0ab3714bda380e405316f4e3375c698771c00b378c9b7c01718aa489ff4,43f2840aeccbe44e18a276342df432fcaafccb08e2cb84c215327c4016fdbeac
112,93.794738665,93.381506827,0.394152332,19,1024,20480,3e596e79a62c0bc317703dfefdb8f4ac5d60233a232d322b46c17bb17c23d33f,5f6f3e207e4700118a3d070821d19a3aaad3c1799d01608488ecdc61576cfea3
113,114.852927242,114.31684757,0.485633679,19,1024,20480,8b3aeba668fefc69a6448ed7284ef01eeb5733f57e276e7775a9be3ecd3bc625,50fe5e05b64f01857e92a548df114ec5d47f2700146de2d9c701251081eb2f2c
114,145.07722834,144.506304394,0.486890511,20,1024,20480,bd914fafc3ff89a6d15b4437422aee57f7f849abec92837e3e8f0cac2da81b43,8698c474a28d77918d34c81b160a890d6bde1b7336a0e389708e8f882ed08bfc
115,151.90754068,151.271711026,0.49933693,20,1024,20480,63016e689ae72e76d9b0ea2a64b07345b78e851d1e83490d5a00b024360abc1d,4aa998e175c7e6e1f94b875e0193b9b77979bf711495c86a61da206699e33706
116,193.611706472,193.076507288,0.5147325,20,1024,20480,1241b87b4d882a17134dc01cbf77177b7d78578cf19a22428a5b71424d68c9ef,682ba5f8273052f2df5c92acb118df89a00feacfc08ab0ffe3d772cbce806d14
117,253.805320844,253.269307891,0.516461883,20,1024,20480,baff947eda2370b8857971b89cddb7be981b6db220481e869e3263bda55e9462,0cc97498dcdc787277f82d20e4203fa187f85930eea6a63883176960ef17146d
118,250.582155614,250.044076115,0.493027557,20,1024,20480,8a37fa0e98c3b2af94382adccefacf60b454bdb49f51d39fa28f3a0963e1aaf6,185bfb5bb01fbe260b10bebb76943f2585c91d9c0b7f268f7128f27db4265175
119,500.476514875,499.91781907,0.512142229,20,2048,40960,27fe92987d6d4a60db3b4132f7c7886952eba100c3fd1f038a16673d5b483caa,36158b4a821129d6bf6a59b986b1d39de8c2f7f62ed8cbf34cdb5e315ad0feb3
