N,family,kappa,beta,offset,m2,pressure,preparation,between_readings,within_interval
5000,packet,0,9/10,-0.1,0.001965573269983321,0.6932866476275921,0.0010356655308600947,3.1044183148786217e-07,4.1020430937859527e-07
5000,packet,0,97/100,-0.03,0.005694424885908926,0.6933923842196609,0.0031990552148154477,2.9933272991382326e-06,3.946317140335171e-06
5000,packet,0,99/100,-0.01,0.01066486204592967,0.6934677979774617,0.006030308267338441,1.079466498993864e-05,1.4189729498454622e-05
5000,packet,0,1,0,0.016503590882216406,0.6935331339927973,0.009277362767613345,2.601628467082245e-05,3.408554948202823e-05
5000,packet,0,101/100,0.01,0.027896947891722684,0.6936400063307951,0.015367151484317432,7.403512801097642e-05,9.641206528919237e-05
5000,packet,0,103/100,0.03,0.07674475818427068,0.6941356396026739,0.03797150197420024,0.000530466052092694,0.0006770934499411812
5000,packet,0,11/10,0.1,0.25112695896446924,0.7000383292779098,0.08252333741032997,0.004331693061296581,0.0054250741495923144
5000,signed_packet,0,9/10,-0.1,0.001965573269983321,0.6932866476275921,0.0010356655308600947,3.1044183148786217e-07,4.1020430937859527e-07
5000,signed_packet,0,97/100,-0.03,0.005694424885908926,0.6933923842196609,0.0031990552148154477,2.9933272991382326e-06,3.946317140335171e-06
5000,signed_packet,0,99/100,-0.01,0.01066486204592967,0.6934677979774617,0.006030308267338441,1.079466498993864e-05,1.4189729498454622e-05
5000,signed_packet,0,1,0,0.016503590882216406,0.6935331339927973,0.009277362767613345,2.601628467082245e-05,3.408554948202823e-05
5000,signed_packet,0,101/100,0.01,0.027896947891722684,0.6936400063307951,0.015367151484317432,7.403512801097642e-05,9.641206528919237e-05
5000,signed_packet,0,103/100,0.03,0.07674475818427068,0.6941356396026739,0.03797150197420024,0.000530466052092694,0.0006770934499411812
5000,signed_packet,0,11/10,0.1,0.25112695896446924,0.7000383292779098,0.08252333741032997,0.004331693061296581,0.0054250741495923144
5000,signed_packet,1/4,9563376383/8000000000,-0.1,0.002498620621328402,0.7270877568560937,-0.16392495897550957,0.0069791382076400295,0.010081885167223817
5000,signed_packet,1/4,10123376383/8000000000,-0.03,0.006516387388718572,0.731022063788894,-0.17141976098181327,0.007302043095111156,0.010620873755796388
5000,signed_packet,1/4,10283376383/8000000000,-0.01,0.010568965140810214,0.7322108381761245,-0.17115261732832457,0.007336922880477552,0.010681578997530472
5000,signed_packet,1/4,10363376383/8000000000,0,0.01429104123425104,0.7328257740047415,-0.1696342749867644,0.00732400845559983,0.010661979426250337
5000,signed_packet,1/4,10443376383/8000000000,0.01,0.020119784179622527,0.7334621271683405,-0.16642455942862389,0.007273800320639718,0.010581938261335199
5000,signed_packet,1/4,10603376383/8000000000,0.03,0.04186306707501728,0.734842592775961,-0.15227098759789404,0.006994712376396994,0.010144493399182242
5000,signed_packet,1/4,11163376383/8000000000,0.1,0.15148476417501533,0.7416000307834627,-0.08645390390536158,0.005638897361394203,0.008178941602957627
5000,signed_packet,1/2,370260539387/250000000000,-0.1,0.0022335005200449357,0.8609515325243166,-0.3631956112217088,0.005577632919759093,0.009525823179953378
5000,signed_packet,1/2,387760539387/250000000000,-0.03,0.005075969397763637,0.873752098996672,-0.3703571638534973,0.0051140241020507056,0.008791458812778322
5000,signed_packet,1/2,392760539387/250000000000,-0.01,0.007284719077280964,0.8774633278298125,-0.37175301283487144,0.005010417226032385,0.008625504134277052
5000,signed_packet,1/2,395260539387/250000000000,0,0.00898536531952159,0.8793322512527623,-0.37221833344290955,0.004969970760038572,0.008560565717109904
5000,signed_packet,1/2,397760539387/250000000000,0.01,0.011295434924986456,0.8812126970999322,-0.37245627566006856,0.004940823818833296,0.008513745698069768
5000,signed_packet,1/2,402760539387/250000000000,0.03,0.018552027100754123,0.8850207999529468,-0.3719779394588779,0.004930173098546756,0.008496886942234001
5000,signed_packet,1/2,420260539387/250000000000,0.1,0.06414278101145782,0.8992114392441289,-0.36323710126006753,0.005239535906758663,0.008995398054066127
5000,signed_packet,1,781907355317/500000000000,-0.1,0.001880563689166812,1.1805496876931643,-0.42949920860938356,0.0002849293572542522,0.0005160476372045036
5000,signed_packet,1,816907355317/500000000000,-0.03,0.004321032797248978,1.2085458375640865,-0.43015063871547743,0.0002189875826034703,0.00039685073645117123
5000,signed_packet,1,826907355317/500000000000,-0.01,0.006228628619779577,1.216572744710541,-0.4302896074147965,0.00020450069766180085,0.00037064524946335434
5000,signed_packet,1,831907355317/500000000000,0,0.007703374708829921,1.2205954809801294,-0.4303481929089129,0.00019820680713132424,0.000359258060240897
5000,signed_packet,1,836907355317/500000000000,0.01,0.009713503624161278,1.2246271813524021,-0.4303975834333971,0.00019269269620515134,0.00034928065139810043
5000,signed_packet,1,846907355317/500000000000,0.03,0.016063170981550825,1.2327307015457047,-0.43046184444963503,0.0001845328227936272,0.0003345142331933577
5000,signed_packet,1,881907355317/500000000000,0.1,0.05612930880236635,1.2618979676264035,-0.43046768269247654,0.00017482547350910035,0.00031694592608382823
5000,signed_packet,2,1566663067473/1000000000000,-0.1,0.0018560050729200812,1.8079698971533054,-0.43232701978464644,5.414909467152379e-07,9.831884741192064e-07
5000,signed_packet,2,1636663067473/1000000000000,-0.03,0.004282523421966795,1.8640596829780707,-0.43232925433345654,3.1361251167764183e-07,5.694293235329567e-07
5000,signed_packet,2,1656663067473/1000000000000,-0.01,0.006186985630344483,1.880109053709115,-0.4323296759991515,2.7018199130248274e-07,4.90572287343555e-07
5000,signed_packet,2,1666663067473/1000000000000,0,0.007662936687413016,1.888142460541505,-0.4323298552100386,2.5153798332387917e-07,4.5672024045903124e-07
5000,signed_packet,2,1676663067473/1000000000000,0.01,0.009678493686401623,1.8961845262355133,-0.43233001321477493,2.3491116434713416e-07,4.2653080748003174e-07
5000,signed_packet,2,1696663067473/1000000000000,0.03,0.016061047662348858,1.9123081740880892,-0.4323302648898013,2.076573088227553e-07,3.770457700314313e-07
5000,signed_packet,2,1766663067473/1000000000000,0.1,0.05622241079402742,1.9695455663612427,-0.4323307791836978,1.4881224221243687e-07,2.7020024461379005e-07
5000,signed_packet_chain,0,9/10,-0.1,0.001965573269983321,0.6932866476275921,0.0010356655308600947,3.1044183148786217e-07,4.1020430937859527e-07
5000,signed_packet_chain,0,97/100,-0.03,0.005694424885908926,0.6933923842196609,0.0031990552148154477,2.9933272991382326e-06,3.946317140335171e-06
5000,signed_packet_chain,0,99/100,-0.01,0.01066486204592967,0.6934677979774617,0.006030308267338441,1.079466498993864e-05,1.4189729498454622e-05
5000,signed_packet_chain,0,1,0,0.016503590882216406,0.6935331339927973,0.009277362767613345,2.601628467082245e-05,3.408554948202823e-05
5000,signed_packet_chain,0,101/100,0.01,0.027896947891722684,0.6936400063307951,0.015367151484317432,7.403512801097642e-05,9.641206528919237e-05
5000,signed_packet_chain,0,103/100,0.03,0.07674475818427068,0.6941356396026739,0.03797150197420024,0.000530466052092694,0.0006770934499411812
5000,signed_packet_chain,0,11/10,0.1,0.25112695896446924,0.7000383292779098,0.08252333741032997,0.004331693061296581,0.0054250741495923144
5000,signed_packet_chain,1/4,1210642690959/1000000000000,-0.1,0.002468614255534155,0.7336491674494623,-0.16627032492619745,0.0070683403055549834,0.01022919922735524
5000,signed_packet_chain,1/4,1280642690959/1000000000000,-0.03,0.006371457039503562,0.7382625174819774,-0.1737794389679207,0.007383807845633681,0.01075940080587219
5000,signed_packet_chain,1/4,1300642690959/1000000000000,-0.01,0.010215930238563079,0.7396492590414563,-0.17361674901074062,0.0074196735395706545,0.010822157421357542
5000,signed_packet_chain,1/4,1310642690959/1000000000000,0,0.013683077708377499,0.7403632187062795,-0.17224827513718322,0.007409932571229065,0.010807656262270126
5000,signed_packet_chain,1/4,1320642690959/1000000000000,0.01,0.019028517388876977,0.7410979335665303,-0.16933909972762728,0.007366924387224932,0.010738779284121215
5000,signed_packet_chain,1/4,1340642690959/1000000000000,0.03,0.038621716197250126,0.7426685104613971,-0.15651087975891867,0.007122409154687605,0.010352282724817011
5000,signed_packet_chain,1/4,1410642690959/1000000000000,0.1,0.13929253996363447,0.7499700308892834,-0.09425065001580248,0.005840732382411983,0.008480612551738246
5000,signed_packet_chain,1/2,92639668719/62500000000,-0.1,0.002221611191014135,0.8890337767218388,-0.3633469988270022,0.005568557906572777,0.009511585398276495
5000,signed_packet_chain,1/2,97014668719/62500000000,-0.03,0.0050522254051303785,0.9039478584757872,-0.370497482001971,0.005105093182637498,0.008777175412770968
5000,signed_packet_chain,1/2,98264668719/62500000000,-0.01,0.007252194537946232,0.9082679541819518,-0.3718925860555478,0.005001468116551177,0.008611134651023969
5000,signed_packet_chain,1/2,98889668719/62500000000,0,0.00894631578795979,0.9104420987853585,-0.37235844580448346,0.004960983674023814,0.008546113047034584
5000,signed_packet_chain,1/2,99514668719/62500000000,0.01,0.011247787089200597,0.9126282808980786,-0.3725978061726385,0.0049317702755013,0.008499169812913994
5000,signed_packet_chain,1/2,100764668719/62500000000,0.03,0.018478645027289242,0.91704937906265,-0.3721259095937926,0.004920871988732998,0.008481904032429842
5000,signed_packet_chain,1/2,105139668719/62500000000,0.1,0.06391139242618704,0.9334009499774149,-0.36343528081286997,0.005228593700787521,0.00897795306024103
5000,signed_packet_chain,1,781907970767/500000000000,-0.1,0.00188053687387974,1.261438762339394,-0.4294992229249803,0.00028492793921591883,0.0005160450754653862
5000,signed_packet_chain,1,816907970767/500000000000,-0.03,0.00432099675947496,1.294067369447154,-0.43015064986124507,0.00021898648078211272,0.0003968487436094602
5000,signed_packet_chain,1,826907970767/500000000000,-0.01,0.006228591285568207,1.3034185775009297,-0.4302896178394014,0.00020449966902900854,0.0003706433885133389
5000,signed_packet_chain,1,831907970767/500000000000,0,0.007703339312381072,1.3081035722152607,-0.4303482029820614,0.0001982058139730977,0.00035925626326709933
5000,signed_packet_chain,1,836907970767/500000000000,0.01,0.009713473913872126,1.3127975993249188,-0.430397593142821,0.0001926917392192348,0.0003492789197017595
5000,signed_packet_chain,1,846907970767/500000000000,0.03,0.01606317154968283,1.32222596750045,-0.43046185333318443,0.0001845319450742026,0.0003345126447000824
5000,signed_packet_chain,1,881907970767/500000000000,0.1,0.05612940206858123,1.3560319977458357,-0.4304676899272929,0.00017482476976057697,0.0003169446522131719
5000,signed_packet_chain,2,62666522699/40000000000,-0.1,0.0018560050727896042,1.9930103857929193,-0.43232701978464655,5.414909467062406e-07,9.831884741028701e-07
5000,signed_packet_chain,2,65466522699/40000000000,-0.03,0.004282523421861685,2.0583961203035024,-0.4323292543334566,3.136125116724661e-07,5.69429323523559e-07
5000,signed_packet_chain,2,66266522699/40000000000,-0.01,0.0061869856302676374,2.0771014809274395,-0.43232967599915156,2.701819912980691e-07,4.905722873355412e-07
5000,signed_packet_chain,2,66666522699/40000000000,0,0.007662936687366999,2.086462883281312,-0.43232985521003864,2.5153798331981654e-07,4.567202404516547e-07
5000,signed_packet_chain,2,67066522699/40000000000,0.01,0.009678493686406685,2.095832944841128,-0.432330013214775,2.3491116434341174e-07,4.265308074732729e-07
5000,signed_packet_chain,2,67866522699/40000000000,0.03,0.016061047662544348,2.114612585354437,-0.4323302648898013,2.0765730881969766e-07,3.7704577002587946e-07
5000,signed_packet_chain,2,70666522699/40000000000,0.1,0.0562224107947186,2.1811459594903537,-0.4323307791836978,1.488122422106759e-07,2.702002446105926e-07
20000,packet,0,9/10,-0.1,0.0004977758592975109,0.6931821948623967,0.00026329773109920836,1.9992405172292604e-08,2.6438552968024694e-08
20000,packet,0,97/100,-0.03,0.0015874513582588522,0.6932099823289873,0.0009021064416407135,2.3539471458672532e-07,3.110839386536425e-07
20000,packet,0,99/100,-0.01,0.0037582914932188963,0.6932334066099959,0.0021662874336809226,1.3659669805441096e-06,1.802792706664698e-06
20000,packet,0,1,0,0.008265351397441865,0.6932609150405575,0.004753155977543159,6.6685866421117326e-06,8.777513776841764e-06
20000,packet,0,101/100,0.01,0.024627905573787513,0.693334989967689,0.013704324358952769,5.851477499971886e-05,7.632935352527196e-05
20000,packet,0,103/100,0.03,0.08362340842651574,0.6938795528391621,0.04069443565411782,0.0006263701155274382,0.0007980764952926047
20000,packet,0,11/10,0.1,0.25250193853150243,0.6998865063020722,0.08264539197202998,0.004372351233014409,0.0054776214983860575
20000,signed_packet,0,9/10,-0.1,0.0004977758592975109,0.6931821948623967,0.00026329773109920836,1.9992405172292604e-08,2.6438552968024694e-08
20000,signed_packet,0,97/100,-0.03,0.0015874513582588522,0.6932099823289873,0.0009021064416407135,2.3539471458672532e-07,3.110839386536425e-07
20000,signed_packet,0,99/100,-0.01,0.0037582914932188963,0.6932334066099959,0.0021662874336809226,1.3659669805441096e-06,1.802792706664698e-06
20000,signed_packet,0,1,0,0.008265351397441865,0.6932609150405575,0.004753155977543159,6.6685866421117326e-06,8.777513776841764e-06
20000,signed_packet,0,101/100,0.01,0.024627905573787513,0.693334989967689,0.013704324358952769,5.851477499971886e-05,7.632935352527196e-05
20000,signed_packet,0,103/100,0.03,0.08362340842651574,0.6938795528391621,0.04069443565411782,0.0006263701155274382,0.0007980764952926047
20000,signed_packet,0,11/10,0.1,0.25250193853150243,0.6998865063020722,0.08264539197202998,0.004372351233014409,0.0054776214983860575
20000,signed_packet,1/4,9563376383/8000000000,-0.1,0.000642017646175482,0.7269688369597155,-0.16536422174139523,0.007012549457412674,0.010136816165617249
20000,signed_packet,1/4,10123376383/8000000000,-0.03,0.0019540034780121383,0.7308304861661961,-0.17509777875136545,0.0073813500369713505,0.010754263685857579
20000,signed_packet,1/4,10283376383/8000000000,-0.01,0.004060373574759529,0.731978229016715,-0.17643031103757761,0.007449336255634958,0.010870548002693735
20000,signed_packet,1/4,10363376383/8000000000,0,0.007141349432743576,0.7325672201251046,-0.1754261507781634,0.007447695609788073,0.010868632656160735
20000,signed_packet,1/4,10443376383/8000000000,0.01,0.0146673480714899,0.733178785216249,-0.170815918555054,0.007369069541188026,0.010738661526214353
20000,signed_packet,1/4,10603376383/8000000000,0.03,0.04739781369337092,0.7345632061490791,-0.1482203079466742,0.006899331009447283,0.009996128131973368
20000,signed_packet,1/4,11163376383/8000000000,0.1,0.1533623248899313,0.7414300360459889,-0.08545941205070332,0.005618075219440731,0.008147852420299206
20000,signed_packet,1/2,370260539387/250000000000,-0.1,0.0005893447480191365,0.8608459557773384,-0.36382975753996893,0.005549036846695108,0.009480930681934138
20000,signed_packet,1/2,387760539387/250000000000,-0.03,0.0016562626740718462,0.8735831478303218,-0.3716072460379764,0.005053264936543101,0.008694153234249671
20000,signed_packet,1/2,392760539387/250000000000,-0.01,0.002999676275802169,0.8772635916113839,-0.37330207678231475,0.004933989714426361,0.008502568131286883
20000,signed_packet,1/2,395260539387/250000000000,0,0.0044936548477396455,0.8791147505470402,-0.373837642081298,0.004889685651049677,0.008431202210465519
20000,signed_packet,1/2,397760539387/250000000000,0.01,0.007269422027801527,0.8809777592397973,-0.3739120494488633,0.00486852038623058,0.008397107886838272
20000,signed_packet,1/2,402760539387/250000000000,0.03,0.019100240130813,0.8847700384423228,-0.37185292183871066,0.004936390416327331,0.008506913607506135
20000,signed_packet,1/2,420260539387/250000000000,0.1,0.06608262706486095,0.8990544426324846,-0.36266773748882464,0.00526642601688279,0.009038288525464927
20000,signed_packet,1,781907355317/500000000000,-0.1,0.0004964930446031574,1.1804586016912066,-0.42952539700816084,0.0002829004732897713,0.0005123823052670908
20000,signed_packet,1,816907355317/500000000000,-0.03,0.0014100076350999798,1.2083910687580204,-0.430194887301054,0.0002155464388940473,0.0003906265866904072
20000,signed_packet,1,826907355317/500000000000,-0.01,0.0025663421900150346,1.2163869648084409,-0.4303422499368185,0.0002004049206604504,0.00036323505419557826
20000,signed_packet,1,831907355317/500000000000,0,0.003859574963163297,1.2203917742746246,-0.4304021401587764,0.00019400961098775492,0.00035166349832051625
20000,signed_packet,1,836907355317/500000000000,0.01,0.006276311881234844,1.2244058763157364,-0.43044505161664265,0.00018900057626593375,0.0003425993452548642
20000,signed_packet,1,846907355317/500000000000,0.03,0.016626915637347018,1.2324937471353765,-0.4304570641130773,0.0001849046090505962,0.0003351871025455744
20000,signed_packet,1,881907355317/500000000000,0.1,0.05781686642475974,1.2617559019939368,-0.4304518265097927,0.00017607398624175925,0.000319205896034606
20000,signed_packet,2,1566663067473/1000000000000,-0.1,0.0004897138461941126,1.8078798403421195,-0.4323270688407874,5.376196790233432e-07,9.761594224609041e-07
20000,signed_packet,2,1636663067473/1000000000000,-0.03,0.0013954052495297148,1.863905690153019,-0.43232931713501527,3.086591815232816e-07,5.604355375235499e-07
20000,signed_packet,2,1656663067473/1000000000000,-0.01,0.0025466913571674235,1.879923870905994,-0.43232974509379907,2.6473501829502026e-07,4.806821839643712e-07
20000,signed_packet,2,1666663067473/1000000000000,0,0.0038395752083486886,1.887939229087033,-0.4323299232789553,2.4617413304559414e-07,4.469810603459163e-07
20000,signed_packet,2,1676663067473/1000000000000,0.01,0.006264835930838877,1.895963584111011,-0.4323300706741676,2.3038601480918869e-07,4.1831445974987527e-07
20000,signed_packet,2,1696663067473/1000000000000,0.03,0.016668418444815345,1.9120717303014871,-0.43233025889502136,2.0812910265954278e-07,3.779024099964197e-07
20000,signed_packet,2,1766663067473/1000000000000,0.1,0.0578895567551828,1.969404409314769,-0.43233076588806363,1.4987145201914552e-07,2.721234625711042e-07
20000,signed_packet_chain,0,9/10,-0.1,0.0004977758592975109,0.6931821948623967,0.00026329773109920836,1.9992405172292604e-08,2.6438552968024694e-08
20000,signed_packet_chain,0,97/100,-0.03,0.0015874513582588522,0.6932099823289873,0.0009021064416407135,2.3539471458672532e-07,3.110839386536425e-07
20000,signed_packet_chain,0,99/100,-0.01,0.0037582914932188963,0.6932334066099959,0.0021662874336809226,1.3659669805441096e-06,1.802792706664698e-06
20000,signed_packet_chain,0,1,0,0.008265351397441865,0.6932609150405575,0.004753155977543159,6.6685866421117326e-06,8.777513776841764e-06
20000,signed_packet_chain,0,101/100,0.01,0.024627905573787513,0.693334989967689,0.013704324358952769,5.851477499971886e-05,7.632935352527196e-05
20000,signed_packet_chain,0,103/100,0.03,0.08362340842651574,0.6938795528391621,0.04069443565411782,0.0006263701155274382,0.0007980764952926047
20000,signed_packet_chain,0,11/10,0.1,0.25250193853150243,0.6998865063020722,0.08264539197202998,0.004372351233014409,0.0054776214983860575
20000,signed_packet_chain,1/4,1210642690959/1000000000000,-0.1,0.0006351614572289125,0.7335485769900634,-0.16772007713423637,0.007101424776702093,0.01028394560565234
20000,signed_packet_chain,1/4,1280642690959/1000000000000,-0.03,0.001922769203370672,0.738091844867872,-0.17743307229371982,0.007460975582830563,0.010890143349651804
20000,signed_packet_chain,1/4,1300642690959/1000000000000,-0.01,0.0039483942704841846,0.7394390121226201,-0.17879476179052844,0.007527619759662071,0.011005006697815782
20000,signed_packet_chain,1/4,1310642690959/1000000000000,0,0.006832168568155925,0.740128112172716,-0.1779055080614585,0.007528130738928787,0.011006725415786262
20000,signed_packet_chain,1/4,1320642690959/1000000000000,0.01,0.013673931735007699,0.7408389798620653,-0.17374105587498415,0.007460313014471587,0.010893786314249539
20000,signed_packet_chain,1/4,1340642690959/1000000000000,0.03,0.04355404559450107,0.7424109943119565,-0.15281285395310096,0.007037123408376087,0.010218152338450161
20000,signed_packet_chain,1/4,1410642690959/1000000000000,0.1,0.14107105106159623,0.7498214644004273,-0.09326277645464313,0.005819070501376629,0.008448329472284771
20000,signed_packet_chain,1/2,92639668719/62500000000,-0.1,0.0005862154481331268,0.8890125459379513,-0.36397767888051935,0.005540074096061285,0.009466851369836824
20000,signed_packet_chain,1/2,97014668719/62500000000,-0.03,0.0016485142436676694,0.9038695743042497,-0.3717411953919793,0.00504456310529127,0.008680204247437444
20000,signed_packet_chain,1/2,98264668719/62500000000,-0.01,0.0029863538159187065,0.908160700940041,-0.3734339676353188,0.004925320881193735,0.008488609845223429
20000,signed_packet_chain,1/2,98889668719/62500000000,0,0.004474436028571676,0.9103179895354054,-0.3739697942210121,0.004880989808469638,0.008417177547226887
20000,signed_packet_chain,1/2,99514668719/62500000000,0.01,0.007239803854638465,0.9124876444998888,-0.3740463190336331,0.004859733576353693,0.00838292515637052
20000,signed_packet_chain,1/2,100764668719/62500000000,0.03,0.019028000762383635,0.916894760349449,-0.3720003384651629,0.004927124408663032,0.008491990650762343
20000,signed_packet_chain,1/2,105139668719/62500000000,0.1,0.06584298594611457,0.9333465873491519,-0.3628686249375059,0.005255402008014524,0.009020731378917395
20000,signed_packet_chain,1,781907970767/500000000000,-0.1,0.0004964856848402862,1.2615913177087972,-0.42952541088941176,0.00028289908870426976,0.0005123798038706581
20000,signed_packet_chain,1,816907970767/500000000000,-0.03,0.0014099940745975225,1.2941701948119484,-0.43019489796051874,0.00021554537462436767,0.00039062466164977225
20000,signed_packet_chain,1,826907970767/500000000000,-0.01,0.0025663246919402907,1.3034943804397268,-0.4303422598979648,0.00020040392778813084,0.00036323325781102093
20000,signed_packet_chain,1,831907970767/500000000000,0,0.0038595575714092984,1.3081634429864353,-0.43040214979532443,0.00019400865150677324,0.00035166176215163203
20000,signed_packet_chain,1,836907970767/500000000000,0.01,0.00627630239279511,1.3128418666171178,-0.43044506088873025,0.0001889996530593026,0.0003425976745742348
20000,signed_packet_chain,1,846907970767/500000000000,0.03,0.016626953081314375,1.322258576025319,-0.43045707254095283,0.00018490376676051791,0.0003351855781835635
20000,signed_packet_chain,1,881907970767/500000000000,0.1,0.057816943935332044,1.3561734674433514,-0.43045183395984077,0.00017607326571025646,0.0003192045918128249
20000,signed_packet_chain,2,62666522699/40000000000,-0.1,0.0004897138461576718,1.9934776798511302,-0.43232706884078753,5.376196790146488e-07,9.761594224451176e-07
20000,signed_packet_chain,2,65466522699/40000000000,-0.03,0.0013954052494867652,2.0588274781932836,-0.43232931713501527,3.0865918151827787e-07,5.604355375144646e-07
20000,signed_packet_chain,2,66266522699/40000000000,-0.01,0.002546691357127786,2.0775096488087073,-0.43232974509379907,2.6473501829073607e-07,4.806821839565925e-07
20000,signed_packet_chain,2,66666522699/40000000000,0,0.0038395752083311622,2.086857002497739,-0.43232992327895536,2.461741330416441e-07,4.4698106033874423e-07
20000,signed_packet_chain,2,67066522699/40000000000,0.01,0.006264835930892053,2.096213353375072,-0.4323300706741677,2.3038601480558914e-07,4.1831445974333956e-07
20000,signed_packet_chain,2,67866522699/40000000000,0.03,0.016668418445173062,2.1149854922041755,-0.43233025889502136,2.0812910265666007e-07,3.7790240999118553e-07
20000,signed_packet_chain,2,70666522699/40000000000,0.1,0.05788955675583395,2.1816421530255905,-0.43233076588806363,1.498714520173423e-07,2.721234625678301e-07
200,signed_packet,1/4,1.295422047875,0,0.07167474858512507,0.7377122347195985,-0.12610478918051254,0.006311475588729302,0.009093345374481069
200,signed_packet,1,1.663814710634,0,0.037915764710105854,1.2237264983767013,-0.42985733945021665,0.00023620165513573194,0.000427982747138682
200,signed_packet_chain,1/4,1.310642690959,0,0.06931045525923629,0.7445381432034252,-0.12907182582706103,0.0064192339067774854,0.009262771606216282
200,signed_packet_chain,1,1.663815941534,0,0.03791556628427034,1.3028001110510572,-0.4298573538509584,0.00023620033046270472,0.0004279803519373892
