question_id,source_key,source_hash,graph_hash,source_lineage,ordered_ports_hash,ordered_ports,plan_hash,retained_plan_hash,method,backend_id,worker_topology_id,cache_state,timing_scope,root_batch,root_count,CRT_prime_count,branch_count,retained_width,weighted_entries,estimated_factor_peak_entries,runtime_package_hash,readout_backend,repeat,cost_context,status,warm_training_eligible,measured_work,cache_hits,cache_misses,timing_note,cpu_plan_kind,measured_memory_bytes,structural_planning_seconds,source_preparation_seconds,worker_preparation_seconds,modular_gpu_seconds,readout_seconds,crt_reconstruction_seconds,verification_seconds,end_to_end_solve_seconds,cpu_exact_seconds,process_startup_seconds,verification_hash,PRE_features,map_bytes,worker_pids,participation,worker_preparation_kind,engine_mode
77a5604aad90c69d1eb0d3cc,N100,f4f512facb6a5b46acbf03543c91d6653cb961b30ea9f2a1c1af33255bb1aa0b,28e9e44506fd4dcd854bc2d2f36c432fa3694abe93af29e88f5beca98f42dfa0,N100_P2_PACKET_PLUS_DEPTH_V1,46f1f2fd7b1710ed745060e45f24f9db60f681e8010208e52e657f6e531da178,"[0, 1, 60, 61]",437347a4da455a5628500fe0cfe500a53a99be3e584c02eab7a4cafc95567497,,components,LOCAL_FLINT_CPU,LOCAL_SINGLE_COORDINATOR_FLINT_CPU,WARM_NEW_SOURCE,FRESH_EXACT_SOLVE_WITH_INTERNAL_CHECKS_EXCLUDES_EXTERNAL_VERIFICATION,0,0,0,1,14,165920,16384,d5207e6b84fbabee961e83f3860a3bacaca585acd736c092903cacdfff692450,FLINT_EXACT_POLYNOMIAL,0,COMPLETE,OBSERVED_PATTERN,True,166048,0,0,CPU exact route includes its native polynomial readout/count checks; independently timed external verification excluded; no subprocess startup,deterministic retained-port-aware elimination or explicit component enumeration,,0.00861549295950681,0.0,0.0,0.0,,0.0,0.002021063002757728,0.22740638896357268,0.22740638896357268,0.0,582a9c5ed1bfdf8f8d7dd1545a19c4ac6b30db574e46c3054621b9c78ef36e06,"{""N"": 100, ""source_family"": ""N100_P2_PACKET_PLUS_DEPTH_V1"", ""graph_hash"": ""28e9e44506fd4dcd854bc2d2f36c432fa3694abe93af29e88f5beca98f42dfa0"", ""source_hash"": ""f4f512facb6a5b46acbf03543c91d6653cb961b30ea9f2a1c1af33255bb1aa0b"", ""edges"": 260, ""degree_min"": 4, ""degree_max"": 6, ""degree_mean"": 5.2, ""degree_std"": 0.5099019513592785, ""components"": 8, ""component_sizes"": [5, 10, 10, 15, 15, 15, 15, 15], ""max_component"": 15, ""local_assignments"": 165920, ""minfill_width"": 5, ""minfill_work"": 2168, ""minfill_order"": [39, 40, 41, 86, 87, 0, 1, 2, 60, 61, 3, 4, 5, 62, 63, 6, 7, 8, 64, 65, 9, 10, 11, 66, 67, 12, 13, 14, 68, 69, 15, 16, 17, 70, 36, 37, 38, 71, 84, 85, 18, 19, 20, 72, 42, 43, 44, 73, 88, 89, 21, 22, 23, 74, 45, 46, 47, 75, 90, 91, 24, 25, 26, 76, 48, 49, 50, 77, 92, 93, 27, 28, 29, 78, 51, 52, 53, 79, 94, 95, 30, 31, 32, 80, 54, 55, 56, 81, 96, 97, 33, 34, 35, 82, 57, 58, 59, 83, 98, 99], ""energy_bound"": 260, ""root_bound"": 512, ""crt_primes"": 4, ""arithmetic_burden"": 4440064, ""coefficient_bound"": ""1267650600228229401496703205376"", ""coupling_multiplicities"": {""1"": 260}, ""symmetry"": ""not assumed"", ""degree_signature"": [4, 4, 4, 4, 4, 5, 5, 5, 5, 5, 5, 5, 5, 5, 5, 5, 5, 5, 5, 5, 5, 5, 5, 5, 5, 5, 5, 5, 5, 5, 5, 5, 5, 5, 5, 5, 5, 5, 5, 5, 5, 5, 5, 5, 5, 5, 5, 5, 5, 5, 5, 5, 5, 5, 5, 5, 5, 5, 5, 5, 5, 5, 5, 5, 5, 5, 5, 5, 5, 5, 5, 5, 5, 5, 5, 6, 6, 6, 6, 6, 6, 6, 6, 6, 6, 6, 6, 6, 6, 6, 6, 6, 6, 6, 6, 6, 6, 6, 6, 6]}",,,,,
77a5604aad90c69d1eb0d3cc,N100,f4f512facb6a5b46acbf03543c91d6653cb961b30ea9f2a1c1af33255bb1aa0b,28e9e44506fd4dcd854bc2d2f36c432fa3694abe93af29e88f5beca98f42dfa0,N100_P2_PACKET_PLUS_DEPTH_V1,46f1f2fd7b1710ed745060e45f24f9db60f681e8010208e52e657f6e531da178,"[0, 1, 60, 61]",da0c3ebe1a22b3ad2df71939cd5815aa6e1c35f645c366a9a0155ea98b1508b3,,variable_elimination,LOCAL_FLINT_CPU,LOCAL_SINGLE_COORDINATOR_FLINT_CPU,WARM_NEW_SOURCE,FRESH_EXACT_SOLVE_WITH_INTERNAL_CHECKS_EXCLUDES_EXTERNAL_VERIFICATION,0,0,0,1,5,2153,32,d5207e6b84fbabee961e83f3860a3bacaca585acd736c092903cacdfff692450,FLINT_EXACT_POLYNOMIAL,0,COMPLETE,OBSERVED_PATTERN,True,26658,0,0,CPU exact route includes its native polynomial readout/count checks; independently timed external verification excluded; no subprocess startup,deterministic retained-port-aware elimination or explicit component enumeration,,0.00861549295950681,0.0,0.0,0.0,,0.0,0.001973634003661573,0.024545022984966636,0.024545022984966636,0.0,582a9c5ed1bfdf8f8d7dd1545a19c4ac6b30db574e46c3054621b9c78ef36e06,"{""N"": 100, ""source_family"": ""N100_P2_PACKET_PLUS_DEPTH_V1"", ""graph_hash"": ""28e9e44506fd4dcd854bc2d2f36c432fa3694abe93af29e88f5beca98f42dfa0"", ""source_hash"": ""f4f512facb6a5b46acbf03543c91d6653cb961b30ea9f2a1c1af33255bb1aa0b"", ""edges"": 260, ""degree_min"": 4, ""degree_max"": 6, ""degree_mean"": 5.2, ""degree_std"": 0.5099019513592785, ""components"": 8, ""component_sizes"": [5, 10, 10, 15, 15, 15, 15, 15], ""max_component"": 15, ""local_assignments"": 165920, ""minfill_width"": 5, ""minfill_work"": 2168, ""minfill_order"": [39, 40, 41, 86, 87, 0, 1, 2, 60, 61, 3, 4, 5, 62, 63, 6, 7, 8, 64, 65, 9, 10, 11, 66, 67, 12, 13, 14, 68, 69, 15, 16, 17, 70, 36, 37, 38, 71, 84, 85, 18, 19, 20, 72, 42, 43, 44, 73, 88, 89, 21, 22, 23, 74, 45, 46, 47, 75, 90, 91, 24, 25, 26, 76, 48, 49, 50, 77, 92, 93, 27, 28, 29, 78, 51, 52, 53, 79, 94, 95, 30, 31, 32, 80, 54, 55, 56, 81, 96, 97, 33, 34, 35, 82, 57, 58, 59, 83, 98, 99], ""energy_bound"": 260, ""root_bound"": 512, ""crt_primes"": 4, ""arithmetic_burden"": 4440064, ""coefficient_bound"": ""1267650600228229401496703205376"", ""coupling_multiplicities"": {""1"": 260}, ""symmetry"": ""not assumed"", ""degree_signature"": [4, 4, 4, 4, 4, 5, 5, 5, 5, 5, 5, 5, 5, 5, 5, 5, 5, 5, 5, 5, 5, 5, 5, 5, 5, 5, 5, 5, 5, 5, 5, 5, 5, 5, 5, 5, 5, 5, 5, 5, 5, 5, 5, 5, 5, 5, 5, 5, 5, 5, 5, 5, 5, 5, 5, 5, 5, 5, 5, 5, 5, 5, 5, 5, 5, 5, 5, 5, 5, 5, 5, 5, 5, 5, 5, 6, 6, 6, 6, 6, 6, 6, 6, 6, 6, 6, 6, 6, 6, 6, 6, 6, 6, 6, 6, 6, 6, 6, 6, 6]}",,,,,
77a5604aad90c69d1eb0d3cc,N100,f4f512facb6a5b46acbf03543c91d6653cb961b30ea9f2a1c1af33255bb1aa0b,28e9e44506fd4dcd854bc2d2f36c432fa3694abe93af29e88f5beca98f42dfa0,N100_P2_PACKET_PLUS_DEPTH_V1,46f1f2fd7b1710ed745060e45f24f9db60f681e8010208e52e657f6e531da178,"[0, 1, 60, 61]",c779d4577c5256e4ed7e38b4f432a87223e28e88a2ddb7bb5af2611517e26176,,memo_components,LOCAL_FLINT_CPU,LOCAL_SINGLE_COORDINATOR_FLINT_CPU,WARM_NEW_SOURCE,FRESH_EXACT_SOLVE_WITH_INTERNAL_CHECKS_EXCLUDES_EXTERNAL_VERIFICATION,0,0,0,1,14,165920,16384,d5207e6b84fbabee961e83f3860a3bacaca585acd736c092903cacdfff692450,FLINT_EXACT_POLYNOMIAL,0,COMPLETE,OBSERVED_PATTERN,True,66611,4,4,CPU exact route includes its native polynomial readout/count checks; independently timed external verification excluded; no subprocess startup,deterministic retained-port-aware elimination or explicit component enumeration,,0.00861549295950681,0.0,0.0,0.0,,0.0,0.0020632429514080286,0.10403230600059032,0.10403230600059032,0.0,582a9c5ed1bfdf8f8d7dd1545a19c4ac6b30db574e46c3054621b9c78ef36e06,"{""N"": 100, ""source_family"": ""N100_P2_PACKET_PLUS_DEPTH_V1"", ""graph_hash"": ""28e9e44506fd4dcd854bc2d2f36c432fa3694abe93af29e88f5beca98f42dfa0"", ""source_hash"": ""f4f512facb6a5b46acbf03543c91d6653cb961b30ea9f2a1c1af33255bb1aa0b"", ""edges"": 260, ""degree_min"": 4, ""degree_max"": 6, ""degree_mean"": 5.2, ""degree_std"": 0.5099019513592785, ""components"": 8, ""component_sizes"": [5, 10, 10, 15, 15, 15, 15, 15], ""max_component"": 15, ""local_assignments"": 165920, ""minfill_width"": 5, ""minfill_work"": 2168, ""minfill_order"": [39, 40, 41, 86, 87, 0, 1, 2, 60, 61, 3, 4, 5, 62, 63, 6, 7, 8, 64, 65, 9, 10, 11, 66, 67, 12, 13, 14, 68, 69, 15, 16, 17, 70, 36, 37, 38, 71, 84, 85, 18, 19, 20, 72, 42, 43, 44, 73, 88, 89, 21, 22, 23, 74, 45, 46, 47, 75, 90, 91, 24, 25, 26, 76, 48, 49, 50, 77, 92, 93, 27, 28, 29, 78, 51, 52, 53, 79, 94, 95, 30, 31, 32, 80, 54, 55, 56, 81, 96, 97, 33, 34, 35, 82, 57, 58, 59, 83, 98, 99], ""energy_bound"": 260, ""root_bound"": 512, ""crt_primes"": 4, ""arithmetic_burden"": 4440064, ""coefficient_bound"": ""1267650600228229401496703205376"", ""coupling_multiplicities"": {""1"": 260}, ""symmetry"": ""not assumed"", ""degree_signature"": [4, 4, 4, 4, 4, 5, 5, 5, 5, 5, 5, 5, 5, 5, 5, 5, 5, 5, 5, 5, 5, 5, 5, 5, 5, 5, 5, 5, 5, 5, 5, 5, 5, 5, 5, 5, 5, 5, 5, 5, 5, 5, 5, 5, 5, 5, 5, 5, 5, 5, 5, 5, 5, 5, 5, 5, 5, 5, 5, 5, 5, 5, 5, 5, 5, 5, 5, 5, 5, 5, 5, 5, 5, 5, 5, 6, 6, 6, 6, 6, 6, 6, 6, 6, 6, 6, 6, 6, 6, 6, 6, 6, 6, 6, 6, 6, 6, 6, 6, 6]}",,,,,
77a5604aad90c69d1eb0d3cc,N100,f4f512facb6a5b46acbf03543c91d6653cb961b30ea9f2a1c1af33255bb1aa0b,28e9e44506fd4dcd854bc2d2f36c432fa3694abe93af29e88f5beca98f42dfa0,N100_P2_PACKET_PLUS_DEPTH_V1,46f1f2fd7b1710ed745060e45f24f9db60f681e8010208e52e657f6e531da178,"[0, 1, 60, 61]",a6ac15413a3704a551d9e56c682c6201a61d1ab4b927a9c5fb182fc84b45df57,,warm_components,LOCAL_FLINT_CPU,LOCAL_SINGLE_COORDINATOR_FLINT_CPU,WARM_NEW_SOURCE,FRESH_EXACT_SOLVE_WITH_INTERNAL_CHECKS_EXCLUDES_EXTERNAL_VERIFICATION,0,0,0,1,14,165920,16384,d5207e6b84fbabee961e83f3860a3bacaca585acd736c092903cacdfff692450,FLINT_EXACT_POLYNOMIAL,0,COMPLETE,OBSERVED_PATTERN,True,66611,4,4,CPU exact route includes its native polynomial readout/count checks; independently timed external verification excluded; no subprocess startup,deterministic retained-port-aware elimination or explicit component enumeration,,0.00861549295950681,0.0,0.0,0.0,,0.0,0.001989152980968356,0.1129202441079542,0.1129202441079542,0.0,582a9c5ed1bfdf8f8d7dd1545a19c4ac6b30db574e46c3054621b9c78ef36e06,"{""N"": 100, ""source_family"": ""N100_P2_PACKET_PLUS_DEPTH_V1"", ""graph_hash"": ""28e9e44506fd4dcd854bc2d2f36c432fa3694abe93af29e88f5beca98f42dfa0"", ""source_hash"": ""f4f512facb6a5b46acbf03543c91d6653cb961b30ea9f2a1c1af33255bb1aa0b"", ""edges"": 260, ""degree_min"": 4, ""degree_max"": 6, ""degree_mean"": 5.2, ""degree_std"": 0.5099019513592785, ""components"": 8, ""component_sizes"": [5, 10, 10, 15, 15, 15, 15, 15], ""max_component"": 15, ""local_assignments"": 165920, ""minfill_width"": 5, ""minfill_work"": 2168, ""minfill_order"": [39, 40, 41, 86, 87, 0, 1, 2, 60, 61, 3, 4, 5, 62, 63, 6, 7, 8, 64, 65, 9, 10, 11, 66, 67, 12, 13, 14, 68, 69, 15, 16, 17, 70, 36, 37, 38, 71, 84, 85, 18, 19, 20, 72, 42, 43, 44, 73, 88, 89, 21, 22, 23, 74, 45, 46, 47, 75, 90, 91, 24, 25, 26, 76, 48, 49, 50, 77, 92, 93, 27, 28, 29, 78, 51, 52, 53, 79, 94, 95, 30, 31, 32, 80, 54, 55, 56, 81, 96, 97, 33, 34, 35, 82, 57, 58, 59, 83, 98, 99], ""energy_bound"": 260, ""root_bound"": 512, ""crt_primes"": 4, ""arithmetic_burden"": 4440064, ""coefficient_bound"": ""1267650600228229401496703205376"", ""coupling_multiplicities"": {""1"": 260}, ""symmetry"": ""not assumed"", ""degree_signature"": [4, 4, 4, 4, 4, 5, 5, 5, 5, 5, 5, 5, 5, 5, 5, 5, 5, 5, 5, 5, 5, 5, 5, 5, 5, 5, 5, 5, 5, 5, 5, 5, 5, 5, 5, 5, 5, 5, 5, 5, 5, 5, 5, 5, 5, 5, 5, 5, 5, 5, 5, 5, 5, 5, 5, 5, 5, 5, 5, 5, 5, 5, 5, 5, 5, 5, 5, 5, 5, 5, 5, 5, 5, 5, 5, 6, 6, 6, 6, 6, 6, 6, 6, 6, 6, 6, 6, 6, 6, 6, 6, 6, 6, 6, 6, 6, 6, 6, 6, 6]}",,,,,
77a5604aad90c69d1eb0d3cc,N100,f4f512facb6a5b46acbf03543c91d6653cb961b30ea9f2a1c1af33255bb1aa0b,28e9e44506fd4dcd854bc2d2f36c432fa3694abe93af29e88f5beca98f42dfa0,N100_P2_PACKET_PLUS_DEPTH_V1,46f1f2fd7b1710ed745060e45f24f9db60f681e8010208e52e657f6e531da178,"[0, 1, 60, 61]",a6ac15413a3704a551d9e56c682c6201a61d1ab4b927a9c5fb182fc84b45df57,,warm_components,LOCAL_FLINT_CPU,LOCAL_SINGLE_COORDINATOR_FLINT_CPU,CACHE_REUSE,FRESH_EXACT_SOLVE_WITH_INTERNAL_CHECKS_EXCLUDES_EXTERNAL_VERIFICATION,0,0,0,1,14,165920,16384,d5207e6b84fbabee961e83f3860a3bacaca585acd736c092903cacdfff692450,FLINT_EXACT_POLYNOMIAL,1,COMPLETE,OBSERVED_PATTERN,True,0,8,0,CPU exact route includes its native polynomial readout/count checks; independently timed external verification excluded; no subprocess startup,deterministic retained-port-aware elimination or explicit component enumeration,,0.00861549295950681,0.0,0.0,0.0,,0.0,0.00199209398124367,0.013023882987909019,0.013023882987909019,0.0,582a9c5ed1bfdf8f8d7dd1545a19c4ac6b30db574e46c3054621b9c78ef36e06,"{""N"": 100, ""source_family"": ""N100_P2_PACKET_PLUS_DEPTH_V1"", ""graph_hash"": ""28e9e44506fd4dcd854bc2d2f36c432fa3694abe93af29e88f5beca98f42dfa0"", ""source_hash"": ""f4f512facb6a5b46acbf03543c91d6653cb961b30ea9f2a1c1af33255bb1aa0b"", ""edges"": 260, ""degree_min"": 4, ""degree_max"": 6, ""degree_mean"": 5.2, ""degree_std"": 0.5099019513592785, ""components"": 8, ""component_sizes"": [5, 10, 10, 15, 15, 15, 15, 15], ""max_component"": 15, ""local_assignments"": 165920, ""minfill_width"": 5, ""minfill_work"": 2168, ""minfill_order"": [39, 40, 41, 86, 87, 0, 1, 2, 60, 61, 3, 4, 5, 62, 63, 6, 7, 8, 64, 65, 9, 10, 11, 66, 67, 12, 13, 14, 68, 69, 15, 16, 17, 70, 36, 37, 38, 71, 84, 85, 18, 19, 20, 72, 42, 43, 44, 73, 88, 89, 21, 22, 23, 74, 45, 46, 47, 75, 90, 91, 24, 25, 26, 76, 48, 49, 50, 77, 92, 93, 27, 28, 29, 78, 51, 52, 53, 79, 94, 95, 30, 31, 32, 80, 54, 55, 56, 81, 96, 97, 33, 34, 35, 82, 57, 58, 59, 83, 98, 99], ""energy_bound"": 260, ""root_bound"": 512, ""crt_primes"": 4, ""arithmetic_burden"": 4440064, ""coefficient_bound"": ""1267650600228229401496703205376"", ""coupling_multiplicities"": {""1"": 260}, ""symmetry"": ""not assumed"", ""degree_signature"": [4, 4, 4, 4, 4, 5, 5, 5, 5, 5, 5, 5, 5, 5, 5, 5, 5, 5, 5, 5, 5, 5, 5, 5, 5, 5, 5, 5, 5, 5, 5, 5, 5, 5, 5, 5, 5, 5, 5, 5, 5, 5, 5, 5, 5, 5, 5, 5, 5, 5, 5, 5, 5, 5, 5, 5, 5, 5, 5, 5, 5, 5, 5, 5, 5, 5, 5, 5, 5, 5, 5, 5, 5, 5, 5, 6, 6, 6, 6, 6, 6, 6, 6, 6, 6, 6, 6, 6, 6, 6, 6, 6, 6, 6, 6, 6, 6, 6, 6, 6]}",,,,,
77a5604aad90c69d1eb0d3cc,N100,f4f512facb6a5b46acbf03543c91d6653cb961b30ea9f2a1c1af33255bb1aa0b,28e9e44506fd4dcd854bc2d2f36c432fa3694abe93af29e88f5beca98f42dfa0,N100_P2_PACKET_PLUS_DEPTH_V1,46f1f2fd7b1710ed745060e45f24f9db60f681e8010208e52e657f6e531da178,"[0, 1, 60, 61]",c779d4577c5256e4ed7e38b4f432a87223e28e88a2ddb7bb5af2611517e26176,,memo_components,LOCAL_FLINT_CPU,LOCAL_SINGLE_COORDINATOR_FLINT_CPU,WARM_SAME_SOURCE,FRESH_EXACT_SOLVE_WITH_INTERNAL_CHECKS_EXCLUDES_EXTERNAL_VERIFICATION,0,0,0,1,14,165920,16384,d5207e6b84fbabee961e83f3860a3bacaca585acd736c092903cacdfff692450,FLINT_EXACT_POLYNOMIAL,1,COMPLETE,OBSERVED_PATTERN,True,66611,4,4,CPU exact route includes its native polynomial readout/count checks; independently timed external verification excluded; no subprocess startup,deterministic retained-port-aware elimination or explicit component enumeration,,0.00861549295950681,0.0,0.0,0.0,,0.0,0.002068022033199668,0.10357969405595213,0.10357969405595213,0.0,582a9c5ed1bfdf8f8d7dd1545a19c4ac6b30db574e46c3054621b9c78ef36e06,"{""N"": 100, ""source_family"": ""N100_P2_PACKET_PLUS_DEPTH_V1"", ""graph_hash"": ""28e9e44506fd4dcd854bc2d2f36c432fa3694abe93af29e88f5beca98f42dfa0"", ""source_hash"": ""f4f512facb6a5b46acbf03543c91d6653cb961b30ea9f2a1c1af33255bb1aa0b"", ""edges"": 260, ""degree_min"": 4, ""degree_max"": 6, ""degree_mean"": 5.2, ""degree_std"": 0.5099019513592785, ""components"": 8, ""component_sizes"": [5, 10, 10, 15, 15, 15, 15, 15], ""max_component"": 15, ""local_assignments"": 165920, ""minfill_width"": 5, ""minfill_work"": 2168, ""minfill_order"": [39, 40, 41, 86, 87, 0, 1, 2, 60, 61, 3, 4, 5, 62, 63, 6, 7, 8, 64, 65, 9, 10, 11, 66, 67, 12, 13, 14, 68, 69, 15, 16, 17, 70, 36, 37, 38, 71, 84, 85, 18, 19, 20, 72, 42, 43, 44, 73, 88, 89, 21, 22, 23, 74, 45, 46, 47, 75, 90, 91, 24, 25, 26, 76, 48, 49, 50, 77, 92, 93, 27, 28, 29, 78, 51, 52, 53, 79, 94, 95, 30, 31, 32, 80, 54, 55, 56, 81, 96, 97, 33, 34, 35, 82, 57, 58, 59, 83, 98, 99], ""energy_bound"": 260, ""root_bound"": 512, ""crt_primes"": 4, ""arithmetic_burden"": 4440064, ""coefficient_bound"": ""1267650600228229401496703205376"", ""coupling_multiplicities"": {""1"": 260}, ""symmetry"": ""not assumed"", ""degree_signature"": [4, 4, 4, 4, 4, 5, 5, 5, 5, 5, 5, 5, 5, 5, 5, 5, 5, 5, 5, 5, 5, 5, 5, 5, 5, 5, 5, 5, 5, 5, 5, 5, 5, 5, 5, 5, 5, 5, 5, 5, 5, 5, 5, 5, 5, 5, 5, 5, 5, 5, 5, 5, 5, 5, 5, 5, 5, 5, 5, 5, 5, 5, 5, 5, 5, 5, 5, 5, 5, 5, 5, 5, 5, 5, 5, 6, 6, 6, 6, 6, 6, 6, 6, 6, 6, 6, 6, 6, 6, 6, 6, 6, 6, 6, 6, 6, 6, 6, 6, 6]}",,,,,
77a5604aad90c69d1eb0d3cc,N100,f4f512facb6a5b46acbf03543c91d6653cb961b30ea9f2a1c1af33255bb1aa0b,28e9e44506fd4dcd854bc2d2f36c432fa3694abe93af29e88f5beca98f42dfa0,N100_P2_PACKET_PLUS_DEPTH_V1,46f1f2fd7b1710ed745060e45f24f9db60f681e8010208e52e657f6e531da178,"[0, 1, 60, 61]",da0c3ebe1a22b3ad2df71939cd5815aa6e1c35f645c366a9a0155ea98b1508b3,,variable_elimination,LOCAL_FLINT_CPU,LOCAL_SINGLE_COORDINATOR_FLINT_CPU,WARM_SAME_SOURCE,FRESH_EXACT_SOLVE_WITH_INTERNAL_CHECKS_EXCLUDES_EXTERNAL_VERIFICATION,0,0,0,1,5,2153,32,d5207e6b84fbabee961e83f3860a3bacaca585acd736c092903cacdfff692450,FLINT_EXACT_POLYNOMIAL,1,COMPLETE,OBSERVED_PATTERN,True,26658,0,0,CPU exact route includes its native polynomial readout/count checks; independently timed external verification excluded; no subprocess startup,deterministic retained-port-aware elimination or explicit component enumeration,,0.00861549295950681,0.0,0.0,0.0,,0.0,0.002537564025260508,0.022735985927283764,0.022735985927283764,0.0,582a9c5ed1bfdf8f8d7dd1545a19c4ac6b30db574e46c3054621b9c78ef36e06,"{""N"": 100, ""source_family"": ""N100_P2_PACKET_PLUS_DEPTH_V1"", ""graph_hash"": ""28e9e44506fd4dcd854bc2d2f36c432fa3694abe93af29e88f5beca98f42dfa0"", ""source_hash"": ""f4f512facb6a5b46acbf03543c91d6653cb961b30ea9f2a1c1af33255bb1aa0b"", ""edges"": 260, ""degree_min"": 4, ""degree_max"": 6, ""degree_mean"": 5.2, ""degree_std"": 0.5099019513592785, ""components"": 8, ""component_sizes"": [5, 10, 10, 15, 15, 15, 15, 15], ""max_component"": 15, ""local_assignments"": 165920, ""minfill_width"": 5, ""minfill_work"": 2168, ""minfill_order"": [39, 40, 41, 86, 87, 0, 1, 2, 60, 61, 3, 4, 5, 62, 63, 6, 7, 8, 64, 65, 9, 10, 11, 66, 67, 12, 13, 14, 68, 69, 15, 16, 17, 70, 36, 37, 38, 71, 84, 85, 18, 19, 20, 72, 42, 43, 44, 73, 88, 89, 21, 22, 23, 74, 45, 46, 47, 75, 90, 91, 24, 25, 26, 76, 48, 49, 50, 77, 92, 93, 27, 28, 29, 78, 51, 52, 53, 79, 94, 95, 30, 31, 32, 80, 54, 55, 56, 81, 96, 97, 33, 34, 35, 82, 57, 58, 59, 83, 98, 99], ""energy_bound"": 260, ""root_bound"": 512, ""crt_primes"": 4, ""arithmetic_burden"": 4440064, ""coefficient_bound"": ""1267650600228229401496703205376"", ""coupling_multiplicities"": {""1"": 260}, ""symmetry"": ""not assumed"", ""degree_signature"": [4, 4, 4, 4, 4, 5, 5, 5, 5, 5, 5, 5, 5, 5, 5, 5, 5, 5, 5, 5, 5, 5, 5, 5, 5, 5, 5, 5, 5, 5, 5, 5, 5, 5, 5, 5, 5, 5, 5, 5, 5, 5, 5, 5, 5, 5, 5, 5, 5, 5, 5, 5, 5, 5, 5, 5, 5, 5, 5, 5, 5, 5, 5, 5, 5, 5, 5, 5, 5, 5, 5, 5, 5, 5, 5, 6, 6, 6, 6, 6, 6, 6, 6, 6, 6, 6, 6, 6, 6, 6, 6, 6, 6, 6, 6, 6, 6, 6, 6, 6]}",,,,,
77a5604aad90c69d1eb0d3cc,N100,f4f512facb6a5b46acbf03543c91d6653cb961b30ea9f2a1c1af33255bb1aa0b,28e9e44506fd4dcd854bc2d2f36c432fa3694abe93af29e88f5beca98f42dfa0,N100_P2_PACKET_PLUS_DEPTH_V1,46f1f2fd7b1710ed745060e45f24f9db60f681e8010208e52e657f6e531da178,"[0, 1, 60, 61]",437347a4da455a5628500fe0cfe500a53a99be3e584c02eab7a4cafc95567497,,components,LOCAL_FLINT_CPU,LOCAL_SINGLE_COORDINATOR_FLINT_CPU,WARM_SAME_SOURCE,FRESH_EXACT_SOLVE_WITH_INTERNAL_CHECKS_EXCLUDES_EXTERNAL_VERIFICATION,0,0,0,1,14,165920,16384,d5207e6b84fbabee961e83f3860a3bacaca585acd736c092903cacdfff692450,FLINT_EXACT_POLYNOMIAL,1,COMPLETE,OBSERVED_PATTERN,True,166048,0,0,CPU exact route includes its native polynomial readout/count checks; independently timed external verification excluded; no subprocess startup,deterministic retained-port-aware elimination or explicit component enumeration,,0.00861549295950681,0.0,0.0,0.0,,0.0,0.0021494809770956635,0.22580389806535095,0.22580389806535095,0.0,582a9c5ed1bfdf8f8d7dd1545a19c4ac6b30db574e46c3054621b9c78ef36e06,"{""N"": 100, ""source_family"": ""N100_P2_PACKET_PLUS_DEPTH_V1"", ""graph_hash"": ""28e9e44506fd4dcd854bc2d2f36c432fa3694abe93af29e88f5beca98f42dfa0"", ""source_hash"": ""f4f512facb6a5b46acbf03543c91d6653cb961b30ea9f2a1c1af33255bb1aa0b"", ""edges"": 260, ""degree_min"": 4, ""degree_max"": 6, ""degree_mean"": 5.2, ""degree_std"": 0.5099019513592785, ""components"": 8, ""component_sizes"": [5, 10, 10, 15, 15, 15, 15, 15], ""max_component"": 15, ""local_assignments"": 165920, ""minfill_width"": 5, ""minfill_work"": 2168, ""minfill_order"": [39, 40, 41, 86, 87, 0, 1, 2, 60, 61, 3, 4, 5, 62, 63, 6, 7, 8, 64, 65, 9, 10, 11, 66, 67, 12, 13, 14, 68, 69, 15, 16, 17, 70, 36, 37, 38, 71, 84, 85, 18, 19, 20, 72, 42, 43, 44, 73, 88, 89, 21, 22, 23, 74, 45, 46, 47, 75, 90, 91, 24, 25, 26, 76, 48, 49, 50, 77, 92, 93, 27, 28, 29, 78, 51, 52, 53, 79, 94, 95, 30, 31, 32, 80, 54, 55, 56, 81, 96, 97, 33, 34, 35, 82, 57, 58, 59, 83, 98, 99], ""energy_bound"": 260, ""root_bound"": 512, ""crt_primes"": 4, ""arithmetic_burden"": 4440064, ""coefficient_bound"": ""1267650600228229401496703205376"", ""coupling_multiplicities"": {""1"": 260}, ""symmetry"": ""not assumed"", ""degree_signature"": [4, 4, 4, 4, 4, 5, 5, 5, 5, 5, 5, 5, 5, 5, 5, 5, 5, 5, 5, 5, 5, 5, 5, 5, 5, 5, 5, 5, 5, 5, 5, 5, 5, 5, 5, 5, 5, 5, 5, 5, 5, 5, 5, 5, 5, 5, 5, 5, 5, 5, 5, 5, 5, 5, 5, 5, 5, 5, 5, 5, 5, 5, 5, 5, 5, 5, 5, 5, 5, 5, 5, 5, 5, 5, 5, 6, 6, 6, 6, 6, 6, 6, 6, 6, 6, 6, 6, 6, 6, 6, 6, 6, 6, 6, 6, 6, 6, 6, 6, 6]}",,,,,
77a5604aad90c69d1eb0d3cc,N100,f4f512facb6a5b46acbf03543c91d6653cb961b30ea9f2a1c1af33255bb1aa0b,28e9e44506fd4dcd854bc2d2f36c432fa3694abe93af29e88f5beca98f42dfa0,N100_P2_PACKET_PLUS_DEPTH_V1,46f1f2fd7b1710ed745060e45f24f9db60f681e8010208e52e657f6e531da178,"[0, 1, 60, 61]",437347a4da455a5628500fe0cfe500a53a99be3e584c02eab7a4cafc95567497,,components,LOCAL_FLINT_CPU,LOCAL_SINGLE_COORDINATOR_FLINT_CPU,WARM_SAME_SOURCE,FRESH_EXACT_SOLVE_WITH_INTERNAL_CHECKS_EXCLUDES_EXTERNAL_VERIFICATION,0,0,0,1,14,165920,16384,d5207e6b84fbabee961e83f3860a3bacaca585acd736c092903cacdfff692450,FLINT_EXACT_POLYNOMIAL,2,COMPLETE,OBSERVED_PATTERN,True,166048,0,0,CPU exact route includes its native polynomial readout/count checks; independently timed external verification excluded; no subprocess startup,deterministic retained-port-aware elimination or explicit component enumeration,,0.00861549295950681,0.0,0.0,0.0,,0.0,0.0021470210049301386,0.22225957293994725,0.22225957293994725,0.0,582a9c5ed1bfdf8f8d7dd1545a19c4ac6b30db574e46c3054621b9c78ef36e06,"{""N"": 100, ""source_family"": ""N100_P2_PACKET_PLUS_DEPTH_V1"", ""graph_hash"": ""28e9e44506fd4dcd854bc2d2f36c432fa3694abe93af29e88f5beca98f42dfa0"", ""source_hash"": ""f4f512facb6a5b46acbf03543c91d6653cb961b30ea9f2a1c1af33255bb1aa0b"", ""edges"": 260, ""degree_min"": 4, ""degree_max"": 6, ""degree_mean"": 5.2, ""degree_std"": 0.5099019513592785, ""components"": 8, ""component_sizes"": [5, 10, 10, 15, 15, 15, 15, 15], ""max_component"": 15, ""local_assignments"": 165920, ""minfill_width"": 5, ""minfill_work"": 2168, ""minfill_order"": [39, 40, 41, 86, 87, 0, 1, 2, 60, 61, 3, 4, 5, 62, 63, 6, 7, 8, 64, 65, 9, 10, 11, 66, 67, 12, 13, 14, 68, 69, 15, 16, 17, 70, 36, 37, 38, 71, 84, 85, 18, 19, 20, 72, 42, 43, 44, 73, 88, 89, 21, 22, 23, 74, 45, 46, 47, 75, 90, 91, 24, 25, 26, 76, 48, 49, 50, 77, 92, 93, 27, 28, 29, 78, 51, 52, 53, 79, 94, 95, 30, 31, 32, 80, 54, 55, 56, 81, 96, 97, 33, 34, 35, 82, 57, 58, 59, 83, 98, 99], ""energy_bound"": 260, ""root_bound"": 512, ""crt_primes"": 4, ""arithmetic_burden"": 4440064, ""coefficient_bound"": ""1267650600228229401496703205376"", ""coupling_multiplicities"": {""1"": 260}, ""symmetry"": ""not assumed"", ""degree_signature"": [4, 4, 4, 4, 4, 5, 5, 5, 5, 5, 5, 5, 5, 5, 5, 5, 5, 5, 5, 5, 5, 5, 5, 5, 5, 5, 5, 5, 5, 5, 5, 5, 5, 5, 5, 5, 5, 5, 5, 5, 5, 5, 5, 5, 5, 5, 5, 5, 5, 5, 5, 5, 5, 5, 5, 5, 5, 5, 5, 5, 5, 5, 5, 5, 5, 5, 5, 5, 5, 5, 5, 5, 5, 5, 5, 6, 6, 6, 6, 6, 6, 6, 6, 6, 6, 6, 6, 6, 6, 6, 6, 6, 6, 6, 6, 6, 6, 6, 6, 6]}",,,,,
77a5604aad90c69d1eb0d3cc,N100,f4f512facb6a5b46acbf03543c91d6653cb961b30ea9f2a1c1af33255bb1aa0b,28e9e44506fd4dcd854bc2d2f36c432fa3694abe93af29e88f5beca98f42dfa0,N100_P2_PACKET_PLUS_DEPTH_V1,46f1f2fd7b1710ed745060e45f24f9db60f681e8010208e52e657f6e531da178,"[0, 1, 60, 61]",da0c3ebe1a22b3ad2df71939cd5815aa6e1c35f645c366a9a0155ea98b1508b3,,variable_elimination,LOCAL_FLINT_CPU,LOCAL_SINGLE_COORDINATOR_FLINT_CPU,WARM_SAME_SOURCE,FRESH_EXACT_SOLVE_WITH_INTERNAL_CHECKS_EXCLUDES_EXTERNAL_VERIFICATION,0,0,0,1,5,2153,32,d5207e6b84fbabee961e83f3860a3bacaca585acd736c092903cacdfff692450,FLINT_EXACT_POLYNOMIAL,2,COMPLETE,OBSERVED_PATTERN,True,26658,0,0,CPU exact route includes its native polynomial readout/count checks; independently timed external verification excluded; no subprocess startup,deterministic retained-port-aware elimination or explicit component enumeration,,0.00861549295950681,0.0,0.0,0.0,,0.0,0.002014633035287261,0.022451872006058693,0.022451872006058693,0.0,582a9c5ed1bfdf8f8d7dd1545a19c4ac6b30db574e46c3054621b9c78ef36e06,"{""N"": 100, ""source_family"": ""N100_P2_PACKET_PLUS_DEPTH_V1"", ""graph_hash"": ""28e9e44506fd4dcd854bc2d2f36c432fa3694abe93af29e88f5beca98f42dfa0"", ""source_hash"": ""f4f512facb6a5b46acbf03543c91d6653cb961b30ea9f2a1c1af33255bb1aa0b"", ""edges"": 260, ""degree_min"": 4, ""degree_max"": 6, ""degree_mean"": 5.2, ""degree_std"": 0.5099019513592785, ""components"": 8, ""component_sizes"": [5, 10, 10, 15, 15, 15, 15, 15], ""max_component"": 15, ""local_assignments"": 165920, ""minfill_width"": 5, ""minfill_work"": 2168, ""minfill_order"": [39, 40, 41, 86, 87, 0, 1, 2, 60, 61, 3, 4, 5, 62, 63, 6, 7, 8, 64, 65, 9, 10, 11, 66, 67, 12, 13, 14, 68, 69, 15, 16, 17, 70, 36, 37, 38, 71, 84, 85, 18, 19, 20, 72, 42, 43, 44, 73, 88, 89, 21, 22, 23, 74, 45, 46, 47, 75, 90, 91, 24, 25, 26, 76, 48, 49, 50, 77, 92, 93, 27, 28, 29, 78, 51, 52, 53, 79, 94, 95, 30, 31, 32, 80, 54, 55, 56, 81, 96, 97, 33, 34, 35, 82, 57, 58, 59, 83, 98, 99], ""energy_bound"": 260, ""root_bound"": 512, ""crt_primes"": 4, ""arithmetic_burden"": 4440064, ""coefficient_bound"": ""1267650600228229401496703205376"", ""coupling_multiplicities"": {""1"": 260}, ""symmetry"": ""not assumed"", ""degree_signature"": [4, 4, 4, 4, 4, 5, 5, 5, 5, 5, 5, 5, 5, 5, 5, 5, 5, 5, 5, 5, 5, 5, 5, 5, 5, 5, 5, 5, 5, 5, 5, 5, 5, 5, 5, 5, 5, 5, 5, 5, 5, 5, 5, 5, 5, 5, 5, 5, 5, 5, 5, 5, 5, 5, 5, 5, 5, 5, 5, 5, 5, 5, 5, 5, 5, 5, 5, 5, 5, 5, 5, 5, 5, 5, 5, 6, 6, 6, 6, 6, 6, 6, 6, 6, 6, 6, 6, 6, 6, 6, 6, 6, 6, 6, 6, 6, 6, 6, 6, 6]}",,,,,
77a5604aad90c69d1eb0d3cc,N100,f4f512facb6a5b46acbf03543c91d6653cb961b30ea9f2a1c1af33255bb1aa0b,28e9e44506fd4dcd854bc2d2f36c432fa3694abe93af29e88f5beca98f42dfa0,N100_P2_PACKET_PLUS_DEPTH_V1,46f1f2fd7b1710ed745060e45f24f9db60f681e8010208e52e657f6e531da178,"[0, 1, 60, 61]",c779d4577c5256e4ed7e38b4f432a87223e28e88a2ddb7bb5af2611517e26176,,memo_components,LOCAL_FLINT_CPU,LOCAL_SINGLE_COORDINATOR_FLINT_CPU,WARM_SAME_SOURCE,FRESH_EXACT_SOLVE_WITH_INTERNAL_CHECKS_EXCLUDES_EXTERNAL_VERIFICATION,0,0,0,1,14,165920,16384,d5207e6b84fbabee961e83f3860a3bacaca585acd736c092903cacdfff692450,FLINT_EXACT_POLYNOMIAL,2,COMPLETE,OBSERVED_PATTERN,True,66611,4,4,CPU exact route includes its native polynomial readout/count checks; independently timed external verification excluded; no subprocess startup,deterministic retained-port-aware elimination or explicit component enumeration,,0.00861549295950681,0.0,0.0,0.0,,0.0,0.002040552906692028,0.10486053104978055,0.10486053104978055,0.0,582a9c5ed1bfdf8f8d7dd1545a19c4ac6b30db574e46c3054621b9c78ef36e06,"{""N"": 100, ""source_family"": ""N100_P2_PACKET_PLUS_DEPTH_V1"", ""graph_hash"": ""28e9e44506fd4dcd854bc2d2f36c432fa3694abe93af29e88f5beca98f42dfa0"", ""source_hash"": ""f4f512facb6a5b46acbf03543c91d6653cb961b30ea9f2a1c1af33255bb1aa0b"", ""edges"": 260, ""degree_min"": 4, ""degree_max"": 6, ""degree_mean"": 5.2, ""degree_std"": 0.5099019513592785, ""components"": 8, ""component_sizes"": [5, 10, 10, 15, 15, 15, 15, 15], ""max_component"": 15, ""local_assignments"": 165920, ""minfill_width"": 5, ""minfill_work"": 2168, ""minfill_order"": [39, 40, 41, 86, 87, 0, 1, 2, 60, 61, 3, 4, 5, 62, 63, 6, 7, 8, 64, 65, 9, 10, 11, 66, 67, 12, 13, 14, 68, 69, 15, 16, 17, 70, 36, 37, 38, 71, 84, 85, 18, 19, 20, 72, 42, 43, 44, 73, 88, 89, 21, 22, 23, 74, 45, 46, 47, 75, 90, 91, 24, 25, 26, 76, 48, 49, 50, 77, 92, 93, 27, 28, 29, 78, 51, 52, 53, 79, 94, 95, 30, 31, 32, 80, 54, 55, 56, 81, 96, 97, 33, 34, 35, 82, 57, 58, 59, 83, 98, 99], ""energy_bound"": 260, ""root_bound"": 512, ""crt_primes"": 4, ""arithmetic_burden"": 4440064, ""coefficient_bound"": ""1267650600228229401496703205376"", ""coupling_multiplicities"": {""1"": 260}, ""symmetry"": ""not assumed"", ""degree_signature"": [4, 4, 4, 4, 4, 5, 5, 5, 5, 5, 5, 5, 5, 5, 5, 5, 5, 5, 5, 5, 5, 5, 5, 5, 5, 5, 5, 5, 5, 5, 5, 5, 5, 5, 5, 5, 5, 5, 5, 5, 5, 5, 5, 5, 5, 5, 5, 5, 5, 5, 5, 5, 5, 5, 5, 5, 5, 5, 5, 5, 5, 5, 5, 5, 5, 5, 5, 5, 5, 5, 5, 5, 5, 5, 5, 6, 6, 6, 6, 6, 6, 6, 6, 6, 6, 6, 6, 6, 6, 6, 6, 6, 6, 6, 6, 6, 6, 6, 6, 6]}",,,,,
77a5604aad90c69d1eb0d3cc,N100,f4f512facb6a5b46acbf03543c91d6653cb961b30ea9f2a1c1af33255bb1aa0b,28e9e44506fd4dcd854bc2d2f36c432fa3694abe93af29e88f5beca98f42dfa0,N100_P2_PACKET_PLUS_DEPTH_V1,46f1f2fd7b1710ed745060e45f24f9db60f681e8010208e52e657f6e531da178,"[0, 1, 60, 61]",a6ac15413a3704a551d9e56c682c6201a61d1ab4b927a9c5fb182fc84b45df57,,warm_components,LOCAL_FLINT_CPU,LOCAL_SINGLE_COORDINATOR_FLINT_CPU,CACHE_REUSE,FRESH_EXACT_SOLVE_WITH_INTERNAL_CHECKS_EXCLUDES_EXTERNAL_VERIFICATION,0,0,0,1,14,165920,16384,d5207e6b84fbabee961e83f3860a3bacaca585acd736c092903cacdfff692450,FLINT_EXACT_POLYNOMIAL,2,COMPLETE,OBSERVED_PATTERN,True,0,8,0,CPU exact route includes its native polynomial readout/count checks; independently timed external verification excluded; no subprocess startup,deterministic retained-port-aware elimination or explicit component enumeration,,0.00861549295950681,0.0,0.0,0.0,,0.0,0.002165221027098596,0.01398330507799983,0.01398330507799983,0.0,582a9c5ed1bfdf8f8d7dd1545a19c4ac6b30db574e46c3054621b9c78ef36e06,"{""N"": 100, ""source_family"": ""N100_P2_PACKET_PLUS_DEPTH_V1"", ""graph_hash"": ""28e9e44506fd4dcd854bc2d2f36c432fa3694abe93af29e88f5beca98f42dfa0"", ""source_hash"": ""f4f512facb6a5b46acbf03543c91d6653cb961b30ea9f2a1c1af33255bb1aa0b"", ""edges"": 260, ""degree_min"": 4, ""degree_max"": 6, ""degree_mean"": 5.2, ""degree_std"": 0.5099019513592785, ""components"": 8, ""component_sizes"": [5, 10, 10, 15, 15, 15, 15, 15], ""max_component"": 15, ""local_assignments"": 165920, ""minfill_width"": 5, ""minfill_work"": 2168, ""minfill_order"": [39, 40, 41, 86, 87, 0, 1, 2, 60, 61, 3, 4, 5, 62, 63, 6, 7, 8, 64, 65, 9, 10, 11, 66, 67, 12, 13, 14, 68, 69, 15, 16, 17, 70, 36, 37, 38, 71, 84, 85, 18, 19, 20, 72, 42, 43, 44, 73, 88, 89, 21, 22, 23, 74, 45, 46, 47, 75, 90, 91, 24, 25, 26, 76, 48, 49, 50, 77, 92, 93, 27, 28, 29, 78, 51, 52, 53, 79, 94, 95, 30, 31, 32, 80, 54, 55, 56, 81, 96, 97, 33, 34, 35, 82, 57, 58, 59, 83, 98, 99], ""energy_bound"": 260, ""root_bound"": 512, ""crt_primes"": 4, ""arithmetic_burden"": 4440064, ""coefficient_bound"": ""1267650600228229401496703205376"", ""coupling_multiplicities"": {""1"": 260}, ""symmetry"": ""not assumed"", ""degree_signature"": [4, 4, 4, 4, 4, 5, 5, 5, 5, 5, 5, 5, 5, 5, 5, 5, 5, 5, 5, 5, 5, 5, 5, 5, 5, 5, 5, 5, 5, 5, 5, 5, 5, 5, 5, 5, 5, 5, 5, 5, 5, 5, 5, 5, 5, 5, 5, 5, 5, 5, 5, 5, 5, 5, 5, 5, 5, 5, 5, 5, 5, 5, 5, 5, 5, 5, 5, 5, 5, 5, 5, 5, 5, 5, 5, 6, 6, 6, 6, 6, 6, 6, 6, 6, 6, 6, 6, 6, 6, 6, 6, 6, 6, 6, 6, 6, 6, 6, 6, 6]}",,,,,
bfc4bd3883b43fe14ec2cfb4,N105,5776b29715e9a50cd9f500c1b53e676b5e8d4ed040d40ac02cad5f3eb90e7774,1a5a3f398978af9ec44f29e6dedde0caacb3eaa35df2a7da5f0aada620afb2bf,N105_P9G0_HISTORICAL_PACKET_RESTORATION_V1,46f1f2fd7b1710ed745060e45f24f9db60f681e8010208e52e657f6e531da178,"[0, 1, 60, 61]",a0463e01376b218bbaeba8761671595b4c8d31e88eee47ba51f35a7328d1bb51,,components,LOCAL_FLINT_CPU,LOCAL_SINGLE_COORDINATOR_FLINT_CPU,WARM_NEW_SOURCE,FRESH_EXACT_SOLVE_WITH_INTERNAL_CHECKS_EXCLUDES_EXTERNAL_VERIFICATION,0,0,0,1,14,166912,16384,d5207e6b84fbabee961e83f3860a3bacaca585acd736c092903cacdfff692450,FLINT_EXACT_POLYNOMIAL,0,COMPLETE,OBSERVED_PATTERN,True,167040,0,0,CPU exact route includes its native polynomial readout/count checks; independently timed external verification excluded; no subprocess startup,deterministic retained-port-aware elimination or explicit component enumeration,,0.0230485110078007,0.0,0.0,0.0,,0.0,0.0026260820450261235,0.24408199603203684,0.24408199603203684,0.0,9de7b208fe4f209920c654230adcf9f2dee04eb0623b668c36b69819079a50c3,"{""N"": 105, ""source_family"": ""N105_P9G0_HISTORICAL_PACKET_RESTORATION_V1"", ""graph_hash"": ""1a5a3f398978af9ec44f29e6dedde0caacb3eaa35df2a7da5f0aada620afb2bf"", ""source_hash"": ""5776b29715e9a50cd9f500c1b53e676b5e8d4ed040d40ac02cad5f3eb90e7774"", ""edges"": 275, ""degree_min"": 5, ""degree_max"": 6, ""degree_mean"": 5.238095238095238, ""degree_std"": 0.4259177099999599, ""components"": 8, ""component_sizes"": [10, 10, 10, 15, 15, 15, 15, 15], ""max_component"": 15, ""local_assignments"": 166912, ""minfill_width"": 5, ""minfill_work"": 2328, ""minfill_order"": [0, 1, 2, 60, 61, 3, 4, 5, 62, 63, 6, 7, 8, 64, 65, 9, 10, 11, 66, 67, 12, 13, 14, 68, 69, 15, 16, 17, 70, 36, 37, 38, 71, 84, 85, 18, 19, 20, 72, 42, 43, 44, 73, 88, 89, 21, 22, 23, 74, 45, 46, 47, 75, 90, 91, 24, 25, 26, 76, 48, 49, 50, 77, 92, 93, 27, 28, 29, 78, 51, 52, 53, 79, 94, 95, 30, 31, 32, 80, 54, 55, 56, 81, 96, 97, 33, 34, 35, 82, 57, 58, 59, 83, 98, 99, 39, 40, 41, 86, 87, 100, 101, 102, 103, 104], ""energy_bound"": 275, ""root_bound"": 512, ""crt_primes"": 4, ""arithmetic_burden"": 4767744, ""coefficient_bound"": ""40564819207303340847894502572032"", ""coupling_multiplicities"": {""1"": 275}, ""symmetry"": ""not assumed"", ""degree_signature"": [5, 5, 5, 5, 5, 5, 5, 5, 5, 5, 5, 5, 5, 5, 5, 5, 5, 5, 5, 5, 5, 5, 5, 5, 5, 5, 5, 5, 5, 5, 5, 5, 5, 5, 5, 5, 5, 5, 5, 5, 5, 5, 5, 5, 5, 5, 5, 5, 5, 5, 5, 5, 5, 5, 5, 5, 5, 5, 5, 5, 5, 5, 5, 5, 5, 5, 5, 5, 5, 5, 5, 5, 5, 5, 5, 5, 5, 5, 5, 5, 6, 6, 6, 6, 6, 6, 6, 6, 6, 6, 6, 6, 6, 6, 6, 6, 6, 6, 6, 6, 6, 6, 6, 6, 6]}",,,,,
bfc4bd3883b43fe14ec2cfb4,N105,5776b29715e9a50cd9f500c1b53e676b5e8d4ed040d40ac02cad5f3eb90e7774,1a5a3f398978af9ec44f29e6dedde0caacb3eaa35df2a7da5f0aada620afb2bf,N105_P9G0_HISTORICAL_PACKET_RESTORATION_V1,46f1f2fd7b1710ed745060e45f24f9db60f681e8010208e52e657f6e531da178,"[0, 1, 60, 61]",36f415dc55f796534a8292eff61c9d1ffba193f9b9c59e84c444064502b52234,,variable_elimination,LOCAL_FLINT_CPU,LOCAL_SINGLE_COORDINATOR_FLINT_CPU,WARM_NEW_SOURCE,FRESH_EXACT_SOLVE_WITH_INTERNAL_CHECKS_EXCLUDES_EXTERNAL_VERIFICATION,0,0,0,1,5,2313,32,d5207e6b84fbabee961e83f3860a3bacaca585acd736c092903cacdfff692450,FLINT_EXACT_POLYNOMIAL,0,COMPLETE,OBSERVED_PATTERN,True,28546,0,0,CPU exact route includes its native polynomial readout/count checks; independently timed external verification excluded; no subprocess startup,deterministic retained-port-aware elimination or explicit component enumeration,,0.0230485110078007,0.0,0.0,0.0,,0.0,0.0022978379856795073,0.024194170022383332,0.024194170022383332,0.0,9de7b208fe4f209920c654230adcf9f2dee04eb0623b668c36b69819079a50c3,"{""N"": 105, ""source_family"": ""N105_P9G0_HISTORICAL_PACKET_RESTORATION_V1"", ""graph_hash"": ""1a5a3f398978af9ec44f29e6dedde0caacb3eaa35df2a7da5f0aada620afb2bf"", ""source_hash"": ""5776b29715e9a50cd9f500c1b53e676b5e8d4ed040d40ac02cad5f3eb90e7774"", ""edges"": 275, ""degree_min"": 5, ""degree_max"": 6, ""degree_mean"": 5.238095238095238, ""degree_std"": 0.4259177099999599, ""components"": 8, ""component_sizes"": [10, 10, 10, 15, 15, 15, 15, 15], ""max_component"": 15, ""local_assignments"": 166912, ""minfill_width"": 5, ""minfill_work"": 2328, ""minfill_order"": [0, 1, 2, 60, 61, 3, 4, 5, 62, 63, 6, 7, 8, 64, 65, 9, 10, 11, 66, 67, 12, 13, 14, 68, 69, 15, 16, 17, 70, 36, 37, 38, 71, 84, 85, 18, 19, 20, 72, 42, 43, 44, 73, 88, 89, 21, 22, 23, 74, 45, 46, 47, 75, 90, 91, 24, 25, 26, 76, 48, 49, 50, 77, 92, 93, 27, 28, 29, 78, 51, 52, 53, 79, 94, 95, 30, 31, 32, 80, 54, 55, 56, 81, 96, 97, 33, 34, 35, 82, 57, 58, 59, 83, 98, 99, 39, 40, 41, 86, 87, 100, 101, 102, 103, 104], ""energy_bound"": 275, ""root_bound"": 512, ""crt_primes"": 4, ""arithmetic_burden"": 4767744, ""coefficient_bound"": ""40564819207303340847894502572032"", ""coupling_multiplicities"": {""1"": 275}, ""symmetry"": ""not assumed"", ""degree_signature"": [5, 5, 5, 5, 5, 5, 5, 5, 5, 5, 5, 5, 5, 5, 5, 5, 5, 5, 5, 5, 5, 5, 5, 5, 5, 5, 5, 5, 5, 5, 5, 5, 5, 5, 5, 5, 5, 5, 5, 5, 5, 5, 5, 5, 5, 5, 5, 5, 5, 5, 5, 5, 5, 5, 5, 5, 5, 5, 5, 5, 5, 5, 5, 5, 5, 5, 5, 5, 5, 5, 5, 5, 5, 5, 5, 5, 5, 5, 5, 5, 6, 6, 6, 6, 6, 6, 6, 6, 6, 6, 6, 6, 6, 6, 6, 6, 6, 6, 6, 6, 6, 6, 6, 6, 6]}",,,,,
bfc4bd3883b43fe14ec2cfb4,N105,5776b29715e9a50cd9f500c1b53e676b5e8d4ed040d40ac02cad5f3eb90e7774,1a5a3f398978af9ec44f29e6dedde0caacb3eaa35df2a7da5f0aada620afb2bf,N105_P9G0_HISTORICAL_PACKET_RESTORATION_V1,46f1f2fd7b1710ed745060e45f24f9db60f681e8010208e52e657f6e531da178,"[0, 1, 60, 61]",b5075449eeaa00176fa42f3da9fdff93ddfd4bef5a814729e28ce1d431fd5fc2,,memo_components,LOCAL_FLINT_CPU,LOCAL_SINGLE_COORDINATOR_FLINT_CPU,WARM_NEW_SOURCE,FRESH_EXACT_SOLVE_WITH_INTERNAL_CHECKS_EXCLUDES_EXTERNAL_VERIFICATION,0,0,0,1,14,166912,16384,d5207e6b84fbabee961e83f3860a3bacaca585acd736c092903cacdfff692450,FLINT_EXACT_POLYNOMIAL,0,COMPLETE,OBSERVED_PATTERN,True,67603,4,4,CPU exact route includes its native polynomial readout/count checks; independently timed external verification excluded; no subprocess startup,deterministic retained-port-aware elimination or explicit component enumeration,,0.0230485110078007,0.0,0.0,0.0,,0.0,0.002471904968842864,0.10651268099900335,0.10651268099900335,0.0,9de7b208fe4f209920c654230adcf9f2dee04eb0623b668c36b69819079a50c3,"{""N"": 105, ""source_family"": ""N105_P9G0_HISTORICAL_PACKET_RESTORATION_V1"", ""graph_hash"": ""1a5a3f398978af9ec44f29e6dedde0caacb3eaa35df2a7da5f0aada620afb2bf"", ""source_hash"": ""5776b29715e9a50cd9f500c1b53e676b5e8d4ed040d40ac02cad5f3eb90e7774"", ""edges"": 275, ""degree_min"": 5, ""degree_max"": 6, ""degree_mean"": 5.238095238095238, ""degree_std"": 0.4259177099999599, ""components"": 8, ""component_sizes"": [10, 10, 10, 15, 15, 15, 15, 15], ""max_component"": 15, ""local_assignments"": 166912, ""minfill_width"": 5, ""minfill_work"": 2328, ""minfill_order"": [0, 1, 2, 60, 61, 3, 4, 5, 62, 63, 6, 7, 8, 64, 65, 9, 10, 11, 66, 67, 12, 13, 14, 68, 69, 15, 16, 17, 70, 36, 37, 38, 71, 84, 85, 18, 19, 20, 72, 42, 43, 44, 73, 88, 89, 21, 22, 23, 74, 45, 46, 47, 75, 90, 91, 24, 25, 26, 76, 48, 49, 50, 77, 92, 93, 27, 28, 29, 78, 51, 52, 53, 79, 94, 95, 30, 31, 32, 80, 54, 55, 56, 81, 96, 97, 33, 34, 35, 82, 57, 58, 59, 83, 98, 99, 39, 40, 41, 86, 87, 100, 101, 102, 103, 104], ""energy_bound"": 275, ""root_bound"": 512, ""crt_primes"": 4, ""arithmetic_burden"": 4767744, ""coefficient_bound"": ""40564819207303340847894502572032"", ""coupling_multiplicities"": {""1"": 275}, ""symmetry"": ""not assumed"", ""degree_signature"": [5, 5, 5, 5, 5, 5, 5, 5, 5, 5, 5, 5, 5, 5, 5, 5, 5, 5, 5, 5, 5, 5, 5, 5, 5, 5, 5, 5, 5, 5, 5, 5, 5, 5, 5, 5, 5, 5, 5, 5, 5, 5, 5, 5, 5, 5, 5, 5, 5, 5, 5, 5, 5, 5, 5, 5, 5, 5, 5, 5, 5, 5, 5, 5, 5, 5, 5, 5, 5, 5, 5, 5, 5, 5, 5, 5, 5, 5, 5, 5, 6, 6, 6, 6, 6, 6, 6, 6, 6, 6, 6, 6, 6, 6, 6, 6, 6, 6, 6, 6, 6, 6, 6, 6, 6]}",,,,,
bfc4bd3883b43fe14ec2cfb4,N105,5776b29715e9a50cd9f500c1b53e676b5e8d4ed040d40ac02cad5f3eb90e7774,1a5a3f398978af9ec44f29e6dedde0caacb3eaa35df2a7da5f0aada620afb2bf,N105_P9G0_HISTORICAL_PACKET_RESTORATION_V1,46f1f2fd7b1710ed745060e45f24f9db60f681e8010208e52e657f6e531da178,"[0, 1, 60, 61]",9f381cca28e40506d8ac88dfbef352c29577c82dd8927bb442bafa0c14a1d713,,warm_components,LOCAL_FLINT_CPU,LOCAL_SINGLE_COORDINATOR_FLINT_CPU,WARM_NEW_SOURCE,FRESH_EXACT_SOLVE_WITH_INTERNAL_CHECKS_EXCLUDES_EXTERNAL_VERIFICATION,0,0,0,1,14,166912,16384,d5207e6b84fbabee961e83f3860a3bacaca585acd736c092903cacdfff692450,FLINT_EXACT_POLYNOMIAL,0,COMPLETE,OBSERVED_PATTERN,True,67603,4,4,CPU exact route includes its native polynomial readout/count checks; independently timed external verification excluded; no subprocess startup,deterministic retained-port-aware elimination or explicit component enumeration,,0.0230485110078007,0.0,0.0,0.0,,0.0,0.0030179449822753668,0.11094627995043993,0.11094627995043993,0.0,9de7b208fe4f209920c654230adcf9f2dee04eb0623b668c36b69819079a50c3,"{""N"": 105, ""source_family"": ""N105_P9G0_HISTORICAL_PACKET_RESTORATION_V1"", ""graph_hash"": ""1a5a3f398978af9ec44f29e6dedde0caacb3eaa35df2a7da5f0aada620afb2bf"", ""source_hash"": ""5776b29715e9a50cd9f500c1b53e676b5e8d4ed040d40ac02cad5f3eb90e7774"", ""edges"": 275, ""degree_min"": 5, ""degree_max"": 6, ""degree_mean"": 5.238095238095238, ""degree_std"": 0.4259177099999599, ""components"": 8, ""component_sizes"": [10, 10, 10, 15, 15, 15, 15, 15], ""max_component"": 15, ""local_assignments"": 166912, ""minfill_width"": 5, ""minfill_work"": 2328, ""minfill_order"": [0, 1, 2, 60, 61, 3, 4, 5, 62, 63, 6, 7, 8, 64, 65, 9, 10, 11, 66, 67, 12, 13, 14, 68, 69, 15, 16, 17, 70, 36, 37, 38, 71, 84, 85, 18, 19, 20, 72, 42, 43, 44, 73, 88, 89, 21, 22, 23, 74, 45, 46, 47, 75, 90, 91, 24, 25, 26, 76, 48, 49, 50, 77, 92, 93, 27, 28, 29, 78, 51, 52, 53, 79, 94, 95, 30, 31, 32, 80, 54, 55, 56, 81, 96, 97, 33, 34, 35, 82, 57, 58, 59, 83, 98, 99, 39, 40, 41, 86, 87, 100, 101, 102, 103, 104], ""energy_bound"": 275, ""root_bound"": 512, ""crt_primes"": 4, ""arithmetic_burden"": 4767744, ""coefficient_bound"": ""40564819207303340847894502572032"", ""coupling_multiplicities"": {""1"": 275}, ""symmetry"": ""not assumed"", ""degree_signature"": [5, 5, 5, 5, 5, 5, 5, 5, 5, 5, 5, 5, 5, 5, 5, 5, 5, 5, 5, 5, 5, 5, 5, 5, 5, 5, 5, 5, 5, 5, 5, 5, 5, 5, 5, 5, 5, 5, 5, 5, 5, 5, 5, 5, 5, 5, 5, 5, 5, 5, 5, 5, 5, 5, 5, 5, 5, 5, 5, 5, 5, 5, 5, 5, 5, 5, 5, 5, 5, 5, 5, 5, 5, 5, 5, 5, 5, 5, 5, 5, 6, 6, 6, 6, 6, 6, 6, 6, 6, 6, 6, 6, 6, 6, 6, 6, 6, 6, 6, 6, 6, 6, 6, 6, 6]}",,,,,
bfc4bd3883b43fe14ec2cfb4,N105,5776b29715e9a50cd9f500c1b53e676b5e8d4ed040d40ac02cad5f3eb90e7774,1a5a3f398978af9ec44f29e6dedde0caacb3eaa35df2a7da5f0aada620afb2bf,N105_P9G0_HISTORICAL_PACKET_RESTORATION_V1,46f1f2fd7b1710ed745060e45f24f9db60f681e8010208e52e657f6e531da178,"[0, 1, 60, 61]",9f381cca28e40506d8ac88dfbef352c29577c82dd8927bb442bafa0c14a1d713,,warm_components,LOCAL_FLINT_CPU,LOCAL_SINGLE_COORDINATOR_FLINT_CPU,CACHE_REUSE,FRESH_EXACT_SOLVE_WITH_INTERNAL_CHECKS_EXCLUDES_EXTERNAL_VERIFICATION,0,0,0,1,14,166912,16384,d5207e6b84fbabee961e83f3860a3bacaca585acd736c092903cacdfff692450,FLINT_EXACT_POLYNOMIAL,1,COMPLETE,OBSERVED_PATTERN,True,0,8,0,CPU exact route includes its native polynomial readout/count checks; independently timed external verification excluded; no subprocess startup,deterministic retained-port-aware elimination or explicit component enumeration,,0.0230485110078007,0.0,0.0,0.0,,0.0,0.005467350012622774,0.02587813895661384,0.02587813895661384,0.0,9de7b208fe4f209920c654230adcf9f2dee04eb0623b668c36b69819079a50c3,"{""N"": 105, ""source_family"": ""N105_P9G0_HISTORICAL_PACKET_RESTORATION_V1"", ""graph_hash"": ""1a5a3f398978af9ec44f29e6dedde0caacb3eaa35df2a7da5f0aada620afb2bf"", ""source_hash"": ""5776b29715e9a50cd9f500c1b53e676b5e8d4ed040d40ac02cad5f3eb90e7774"", ""edges"": 275, ""degree_min"": 5, ""degree_max"": 6, ""degree_mean"": 5.238095238095238, ""degree_std"": 0.4259177099999599, ""components"": 8, ""component_sizes"": [10, 10, 10, 15, 15, 15, 15, 15], ""max_component"": 15, ""local_assignments"": 166912, ""minfill_width"": 5, ""minfill_work"": 2328, ""minfill_order"": [0, 1, 2, 60, 61, 3, 4, 5, 62, 63, 6, 7, 8, 64, 65, 9, 10, 11, 66, 67, 12, 13, 14, 68, 69, 15, 16, 17, 70, 36, 37, 38, 71, 84, 85, 18, 19, 20, 72, 42, 43, 44, 73, 88, 89, 21, 22, 23, 74, 45, 46, 47, 75, 90, 91, 24, 25, 26, 76, 48, 49, 50, 77, 92, 93, 27, 28, 29, 78, 51, 52, 53, 79, 94, 95, 30, 31, 32, 80, 54, 55, 56, 81, 96, 97, 33, 34, 35, 82, 57, 58, 59, 83, 98, 99, 39, 40, 41, 86, 87, 100, 101, 102, 103, 104], ""energy_bound"": 275, ""root_bound"": 512, ""crt_primes"": 4, ""arithmetic_burden"": 4767744, ""coefficient_bound"": ""40564819207303340847894502572032"", ""coupling_multiplicities"": {""1"": 275}, ""symmetry"": ""not assumed"", ""degree_signature"": [5, 5, 5, 5, 5, 5, 5, 5, 5, 5, 5, 5, 5, 5, 5, 5, 5, 5, 5, 5, 5, 5, 5, 5, 5, 5, 5, 5, 5, 5, 5, 5, 5, 5, 5, 5, 5, 5, 5, 5, 5, 5, 5, 5, 5, 5, 5, 5, 5, 5, 5, 5, 5, 5, 5, 5, 5, 5, 5, 5, 5, 5, 5, 5, 5, 5, 5, 5, 5, 5, 5, 5, 5, 5, 5, 5, 5, 5, 5, 5, 6, 6, 6, 6, 6, 6, 6, 6, 6, 6, 6, 6, 6, 6, 6, 6, 6, 6, 6, 6, 6, 6, 6, 6, 6]}",,,,,
bfc4bd3883b43fe14ec2cfb4,N105,5776b29715e9a50cd9f500c1b53e676b5e8d4ed040d40ac02cad5f3eb90e7774,1a5a3f398978af9ec44f29e6dedde0caacb3eaa35df2a7da5f0aada620afb2bf,N105_P9G0_HISTORICAL_PACKET_RESTORATION_V1,46f1f2fd7b1710ed745060e45f24f9db60f681e8010208e52e657f6e531da178,"[0, 1, 60, 61]",b5075449eeaa00176fa42f3da9fdff93ddfd4bef5a814729e28ce1d431fd5fc2,,memo_components,LOCAL_FLINT_CPU,LOCAL_SINGLE_COORDINATOR_FLINT_CPU,WARM_SAME_SOURCE,FRESH_EXACT_SOLVE_WITH_INTERNAL_CHECKS_EXCLUDES_EXTERNAL_VERIFICATION,0,0,0,1,14,166912,16384,d5207e6b84fbabee961e83f3860a3bacaca585acd736c092903cacdfff692450,FLINT_EXACT_POLYNOMIAL,1,COMPLETE,OBSERVED_PATTERN,True,67603,4,4,CPU exact route includes its native polynomial readout/count checks; independently timed external verification excluded; no subprocess startup,deterministic retained-port-aware elimination or explicit component enumeration,,0.0230485110078007,0.0,0.0,0.0,,0.0,0.0024764250265434384,0.10873080999590456,0.10873080999590456,0.0,9de7b208fe4f209920c654230adcf9f2dee04eb0623b668c36b69819079a50c3,"{""N"": 105, ""source_family"": ""N105_P9G0_HISTORICAL_PACKET_RESTORATION_V1"", ""graph_hash"": ""1a5a3f398978af9ec44f29e6dedde0caacb3eaa35df2a7da5f0aada620afb2bf"", ""source_hash"": ""5776b29715e9a50cd9f500c1b53e676b5e8d4ed040d40ac02cad5f3eb90e7774"", ""edges"": 275, ""degree_min"": 5, ""degree_max"": 6, ""degree_mean"": 5.238095238095238, ""degree_std"": 0.4259177099999599, ""components"": 8, ""component_sizes"": [10, 10, 10, 15, 15, 15, 15, 15], ""max_component"": 15, ""local_assignments"": 166912, ""minfill_width"": 5, ""minfill_work"": 2328, ""minfill_order"": [0, 1, 2, 60, 61, 3, 4, 5, 62, 63, 6, 7, 8, 64, 65, 9, 10, 11, 66, 67, 12, 13, 14, 68, 69, 15, 16, 17, 70, 36, 37, 38, 71, 84, 85, 18, 19, 20, 72, 42, 43, 44, 73, 88, 89, 21, 22, 23, 74, 45, 46, 47, 75, 90, 91, 24, 25, 26, 76, 48, 49, 50, 77, 92, 93, 27, 28, 29, 78, 51, 52, 53, 79, 94, 95, 30, 31, 32, 80, 54, 55, 56, 81, 96, 97, 33, 34, 35, 82, 57, 58, 59, 83, 98, 99, 39, 40, 41, 86, 87, 100, 101, 102, 103, 104], ""energy_bound"": 275, ""root_bound"": 512, ""crt_primes"": 4, ""arithmetic_burden"": 4767744, ""coefficient_bound"": ""40564819207303340847894502572032"", ""coupling_multiplicities"": {""1"": 275}, ""symmetry"": ""not assumed"", ""degree_signature"": [5, 5, 5, 5, 5, 5, 5, 5, 5, 5, 5, 5, 5, 5, 5, 5, 5, 5, 5, 5, 5, 5, 5, 5, 5, 5, 5, 5, 5, 5, 5, 5, 5, 5, 5, 5, 5, 5, 5, 5, 5, 5, 5, 5, 5, 5, 5, 5, 5, 5, 5, 5, 5, 5, 5, 5, 5, 5, 5, 5, 5, 5, 5, 5, 5, 5, 5, 5, 5, 5, 5, 5, 5, 5, 5, 5, 5, 5, 5, 5, 6, 6, 6, 6, 6, 6, 6, 6, 6, 6, 6, 6, 6, 6, 6, 6, 6, 6, 6, 6, 6, 6, 6, 6, 6]}",,,,,
bfc4bd3883b43fe14ec2cfb4,N105,5776b29715e9a50cd9f500c1b53e676b5e8d4ed040d40ac02cad5f3eb90e7774,1a5a3f398978af9ec44f29e6dedde0caacb3eaa35df2a7da5f0aada620afb2bf,N105_P9G0_HISTORICAL_PACKET_RESTORATION_V1,46f1f2fd7b1710ed745060e45f24f9db60f681e8010208e52e657f6e531da178,"[0, 1, 60, 61]",36f415dc55f796534a8292eff61c9d1ffba193f9b9c59e84c444064502b52234,,variable_elimination,LOCAL_FLINT_CPU,LOCAL_SINGLE_COORDINATOR_FLINT_CPU,WARM_SAME_SOURCE,FRESH_EXACT_SOLVE_WITH_INTERNAL_CHECKS_EXCLUDES_EXTERNAL_VERIFICATION,0,0,0,1,5,2313,32,d5207e6b84fbabee961e83f3860a3bacaca585acd736c092903cacdfff692450,FLINT_EXACT_POLYNOMIAL,1,COMPLETE,OBSERVED_PATTERN,True,28546,0,0,CPU exact route includes its native polynomial readout/count checks; independently timed external verification excluded; no subprocess startup,deterministic retained-port-aware elimination or explicit component enumeration,,0.0230485110078007,0.0,0.0,0.0,,0.0,0.0022822479950264096,0.024796778918243945,0.024796778918243945,0.0,9de7b208fe4f209920c654230adcf9f2dee04eb0623b668c36b69819079a50c3,"{""N"": 105, ""source_family"": ""N105_P9G0_HISTORICAL_PACKET_RESTORATION_V1"", ""graph_hash"": ""1a5a3f398978af9ec44f29e6dedde0caacb3eaa35df2a7da5f0aada620afb2bf"", ""source_hash"": ""5776b29715e9a50cd9f500c1b53e676b5e8d4ed040d40ac02cad5f3eb90e7774"", ""edges"": 275, ""degree_min"": 5, ""degree_max"": 6, ""degree_mean"": 5.238095238095238, ""degree_std"": 0.4259177099999599, ""components"": 8, ""component_sizes"": [10, 10, 10, 15, 15, 15, 15, 15], ""max_component"": 15, ""local_assignments"": 166912, ""minfill_width"": 5, ""minfill_work"": 2328, ""minfill_order"": [0, 1, 2, 60, 61, 3, 4, 5, 62, 63, 6, 7, 8, 64, 65, 9, 10, 11, 66, 67, 12, 13, 14, 68, 69, 15, 16, 17, 70, 36, 37, 38, 71, 84, 85, 18, 19, 20, 72, 42, 43, 44, 73, 88, 89, 21, 22, 23, 74, 45, 46, 47, 75, 90, 91, 24, 25, 26, 76, 48, 49, 50, 77, 92, 93, 27, 28, 29, 78, 51, 52, 53, 79, 94, 95, 30, 31, 32, 80, 54, 55, 56, 81, 96, 97, 33, 34, 35, 82, 57, 58, 59, 83, 98, 99, 39, 40, 41, 86, 87, 100, 101, 102, 103, 104], ""energy_bound"": 275, ""root_bound"": 512, ""crt_primes"": 4, ""arithmetic_burden"": 4767744, ""coefficient_bound"": ""40564819207303340847894502572032"", ""coupling_multiplicities"": {""1"": 275}, ""symmetry"": ""not assumed"", ""degree_signature"": [5, 5, 5, 5, 5, 5, 5, 5, 5, 5, 5, 5, 5, 5, 5, 5, 5, 5, 5, 5, 5, 5, 5, 5, 5, 5, 5, 5, 5, 5, 5, 5, 5, 5, 5, 5, 5, 5, 5, 5, 5, 5, 5, 5, 5, 5, 5, 5, 5, 5, 5, 5, 5, 5, 5, 5, 5, 5, 5, 5, 5, 5, 5, 5, 5, 5, 5, 5, 5, 5, 5, 5, 5, 5, 5, 5, 5, 5, 5, 5, 6, 6, 6, 6, 6, 6, 6, 6, 6, 6, 6, 6, 6, 6, 6, 6, 6, 6, 6, 6, 6, 6, 6, 6, 6]}",,,,,
bfc4bd3883b43fe14ec2cfb4,N105,5776b29715e9a50cd9f500c1b53e676b5e8d4ed040d40ac02cad5f3eb90e7774,1a5a3f398978af9ec44f29e6dedde0caacb3eaa35df2a7da5f0aada620afb2bf,N105_P9G0_HISTORICAL_PACKET_RESTORATION_V1,46f1f2fd7b1710ed745060e45f24f9db60f681e8010208e52e657f6e531da178,"[0, 1, 60, 61]",a0463e01376b218bbaeba8761671595b4c8d31e88eee47ba51f35a7328d1bb51,,components,LOCAL_FLINT_CPU,LOCAL_SINGLE_COORDINATOR_FLINT_CPU,WARM_SAME_SOURCE,FRESH_EXACT_SOLVE_WITH_INTERNAL_CHECKS_EXCLUDES_EXTERNAL_VERIFICATION,0,0,0,1,14,166912,16384,d5207e6b84fbabee961e83f3860a3bacaca585acd736c092903cacdfff692450,FLINT_EXACT_POLYNOMIAL,1,COMPLETE,OBSERVED_PATTERN,True,167040,0,0,CPU exact route includes its native polynomial readout/count checks; independently timed external verification excluded; no subprocess startup,deterministic retained-port-aware elimination or explicit component enumeration,,0.0230485110078007,0.0,0.0,0.0,,0.0,0.002602452994324267,0.23669246095232666,0.23669246095232666,0.0,9de7b208fe4f209920c654230adcf9f2dee04eb0623b668c36b69819079a50c3,"{""N"": 105, ""source_family"": ""N105_P9G0_HISTORICAL_PACKET_RESTORATION_V1"", ""graph_hash"": ""1a5a3f398978af9ec44f29e6dedde0caacb3eaa35df2a7da5f0aada620afb2bf"", ""source_hash"": ""5776b29715e9a50cd9f500c1b53e676b5e8d4ed040d40ac02cad5f3eb90e7774"", ""edges"": 275, ""degree_min"": 5, ""degree_max"": 6, ""degree_mean"": 5.238095238095238, ""degree_std"": 0.4259177099999599, ""components"": 8, ""component_sizes"": [10, 10, 10, 15, 15, 15, 15, 15], ""max_component"": 15, ""local_assignments"": 166912, ""minfill_width"": 5, ""minfill_work"": 2328, ""minfill_order"": [0, 1, 2, 60, 61, 3, 4, 5, 62, 63, 6, 7, 8, 64, 65, 9, 10, 11, 66, 67, 12, 13, 14, 68, 69, 15, 16, 17, 70, 36, 37, 38, 71, 84, 85, 18, 19, 20, 72, 42, 43, 44, 73, 88, 89, 21, 22, 23, 74, 45, 46, 47, 75, 90, 91, 24, 25, 26, 76, 48, 49, 50, 77, 92, 93, 27, 28, 29, 78, 51, 52, 53, 79, 94, 95, 30, 31, 32, 80, 54, 55, 56, 81, 96, 97, 33, 34, 35, 82, 57, 58, 59, 83, 98, 99, 39, 40, 41, 86, 87, 100, 101, 102, 103, 104], ""energy_bound"": 275, ""root_bound"": 512, ""crt_primes"": 4, ""arithmetic_burden"": 4767744, ""coefficient_bound"": ""40564819207303340847894502572032"", ""coupling_multiplicities"": {""1"": 275}, ""symmetry"": ""not assumed"", ""degree_signature"": [5, 5, 5, 5, 5, 5, 5, 5, 5, 5, 5, 5, 5, 5, 5, 5, 5, 5, 5, 5, 5, 5, 5, 5, 5, 5, 5, 5, 5, 5, 5, 5, 5, 5, 5, 5, 5, 5, 5, 5, 5, 5, 5, 5, 5, 5, 5, 5, 5, 5, 5, 5, 5, 5, 5, 5, 5, 5, 5, 5, 5, 5, 5, 5, 5, 5, 5, 5, 5, 5, 5, 5, 5, 5, 5, 5, 5, 5, 5, 5, 6, 6, 6, 6, 6, 6, 6, 6, 6, 6, 6, 6, 6, 6, 6, 6, 6, 6, 6, 6, 6, 6, 6, 6, 6]}",,,,,
bfc4bd3883b43fe14ec2cfb4,N105,5776b29715e9a50cd9f500c1b53e676b5e8d4ed040d40ac02cad5f3eb90e7774,1a5a3f398978af9ec44f29e6dedde0caacb3eaa35df2a7da5f0aada620afb2bf,N105_P9G0_HISTORICAL_PACKET_RESTORATION_V1,46f1f2fd7b1710ed745060e45f24f9db60f681e8010208e52e657f6e531da178,"[0, 1, 60, 61]",a0463e01376b218bbaeba8761671595b4c8d31e88eee47ba51f35a7328d1bb51,,components,LOCAL_FLINT_CPU,LOCAL_SINGLE_COORDINATOR_FLINT_CPU,WARM_SAME_SOURCE,FRESH_EXACT_SOLVE_WITH_INTERNAL_CHECKS_EXCLUDES_EXTERNAL_VERIFICATION,0,0,0,1,14,166912,16384,d5207e6b84fbabee961e83f3860a3bacaca585acd736c092903cacdfff692450,FLINT_EXACT_POLYNOMIAL,2,COMPLETE,OBSERVED_PATTERN,True,167040,0,0,CPU exact route includes its native polynomial readout/count checks; independently timed external verification excluded; no subprocess startup,deterministic retained-port-aware elimination or explicit component enumeration,,0.0230485110078007,0.0,0.0,0.0,,0.0,0.0026286719366908073,0.22585434699431062,0.22585434699431062,0.0,9de7b208fe4f209920c654230adcf9f2dee04eb0623b668c36b69819079a50c3,"{""N"": 105, ""source_family"": ""N105_P9G0_HISTORICAL_PACKET_RESTORATION_V1"", ""graph_hash"": ""1a5a3f398978af9ec44f29e6dedde0caacb3eaa35df2a7da5f0aada620afb2bf"", ""source_hash"": ""5776b29715e9a50cd9f500c1b53e676b5e8d4ed040d40ac02cad5f3eb90e7774"", ""edges"": 275, ""degree_min"": 5, ""degree_max"": 6, ""degree_mean"": 5.238095238095238, ""degree_std"": 0.4259177099999599, ""components"": 8, ""component_sizes"": [10, 10, 10, 15, 15, 15, 15, 15], ""max_component"": 15, ""local_assignments"": 166912, ""minfill_width"": 5, ""minfill_work"": 2328, ""minfill_order"": [0, 1, 2, 60, 61, 3, 4, 5, 62, 63, 6, 7, 8, 64, 65, 9, 10, 11, 66, 67, 12, 13, 14, 68, 69, 15, 16, 17, 70, 36, 37, 38, 71, 84, 85, 18, 19, 20, 72, 42, 43, 44, 73, 88, 89, 21, 22, 23, 74, 45, 46, 47, 75, 90, 91, 24, 25, 26, 76, 48, 49, 50, 77, 92, 93, 27, 28, 29, 78, 51, 52, 53, 79, 94, 95, 30, 31, 32, 80, 54, 55, 56, 81, 96, 97, 33, 34, 35, 82, 57, 58, 59, 83, 98, 99, 39, 40, 41, 86, 87, 100, 101, 102, 103, 104], ""energy_bound"": 275, ""root_bound"": 512, ""crt_primes"": 4, ""arithmetic_burden"": 4767744, ""coefficient_bound"": ""40564819207303340847894502572032"", ""coupling_multiplicities"": {""1"": 275}, ""symmetry"": ""not assumed"", ""degree_signature"": [5, 5, 5, 5, 5, 5, 5, 5, 5, 5, 5, 5, 5, 5, 5, 5, 5, 5, 5, 5, 5, 5, 5, 5, 5, 5, 5, 5, 5, 5, 5, 5, 5, 5, 5, 5, 5, 5, 5, 5, 5, 5, 5, 5, 5, 5, 5, 5, 5, 5, 5, 5, 5, 5, 5, 5, 5, 5, 5, 5, 5, 5, 5, 5, 5, 5, 5, 5, 5, 5, 5, 5, 5, 5, 5, 5, 5, 5, 5, 5, 6, 6, 6, 6, 6, 6, 6, 6, 6, 6, 6, 6, 6, 6, 6, 6, 6, 6, 6, 6, 6, 6, 6, 6, 6]}",,,,,
bfc4bd3883b43fe14ec2cfb4,N105,5776b29715e9a50cd9f500c1b53e676b5e8d4ed040d40ac02cad5f3eb90e7774,1a5a3f398978af9ec44f29e6dedde0caacb3eaa35df2a7da5f0aada620afb2bf,N105_P9G0_HISTORICAL_PACKET_RESTORATION_V1,46f1f2fd7b1710ed745060e45f24f9db60f681e8010208e52e657f6e531da178,"[0, 1, 60, 61]",36f415dc55f796534a8292eff61c9d1ffba193f9b9c59e84c444064502b52234,,variable_elimination,LOCAL_FLINT_CPU,LOCAL_SINGLE_COORDINATOR_FLINT_CPU,WARM_SAME_SOURCE,FRESH_EXACT_SOLVE_WITH_INTERNAL_CHECKS_EXCLUDES_EXTERNAL_VERIFICATION,0,0,0,1,5,2313,32,d5207e6b84fbabee961e83f3860a3bacaca585acd736c092903cacdfff692450,FLINT_EXACT_POLYNOMIAL,2,COMPLETE,OBSERVED_PATTERN,True,28546,0,0,CPU exact route includes its native polynomial readout/count checks; independently timed external verification excluded; no subprocess startup,deterministic retained-port-aware elimination or explicit component enumeration,,0.0230485110078007,0.0,0.0,0.0,,0.0,0.0023156870156526566,0.024245589040219784,0.024245589040219784,0.0,9de7b208fe4f209920c654230adcf9f2dee04eb0623b668c36b69819079a50c3,"{""N"": 105, ""source_family"": ""N105_P9G0_HISTORICAL_PACKET_RESTORATION_V1"", ""graph_hash"": ""1a5a3f398978af9ec44f29e6dedde0caacb3eaa35df2a7da5f0aada620afb2bf"", ""source_hash"": ""5776b29715e9a50cd9f500c1b53e676b5e8d4ed040d40ac02cad5f3eb90e7774"", ""edges"": 275, ""degree_min"": 5, ""degree_max"": 6, ""degree_mean"": 5.238095238095238, ""degree_std"": 0.4259177099999599, ""components"": 8, ""component_sizes"": [10, 10, 10, 15, 15, 15, 15, 15], ""max_component"": 15, ""local_assignments"": 166912, ""minfill_width"": 5, ""minfill_work"": 2328, ""minfill_order"": [0, 1, 2, 60, 61, 3, 4, 5, 62, 63, 6, 7, 8, 64, 65, 9, 10, 11, 66, 67, 12, 13, 14, 68, 69, 15, 16, 17, 70, 36, 37, 38, 71, 84, 85, 18, 19, 20, 72, 42, 43, 44, 73, 88, 89, 21, 22, 23, 74, 45, 46, 47, 75, 90, 91, 24, 25, 26, 76, 48, 49, 50, 77, 92, 93, 27, 28, 29, 78, 51, 52, 53, 79, 94, 95, 30, 31, 32, 80, 54, 55, 56, 81, 96, 97, 33, 34, 35, 82, 57, 58, 59, 83, 98, 99, 39, 40, 41, 86, 87, 100, 101, 102, 103, 104], ""energy_bound"": 275, ""root_bound"": 512, ""crt_primes"": 4, ""arithmetic_burden"": 4767744, ""coefficient_bound"": ""40564819207303340847894502572032"", ""coupling_multiplicities"": {""1"": 275}, ""symmetry"": ""not assumed"", ""degree_signature"": [5, 5, 5, 5, 5, 5, 5, 5, 5, 5, 5, 5, 5, 5, 5, 5, 5, 5, 5, 5, 5, 5, 5, 5, 5, 5, 5, 5, 5, 5, 5, 5, 5, 5, 5, 5, 5, 5, 5, 5, 5, 5, 5, 5, 5, 5, 5, 5, 5, 5, 5, 5, 5, 5, 5, 5, 5, 5, 5, 5, 5, 5, 5, 5, 5, 5, 5, 5, 5, 5, 5, 5, 5, 5, 5, 5, 5, 5, 5, 5, 6, 6, 6, 6, 6, 6, 6, 6, 6, 6, 6, 6, 6, 6, 6, 6, 6, 6, 6, 6, 6, 6, 6, 6, 6]}",,,,,
bfc4bd3883b43fe14ec2cfb4,N105,5776b29715e9a50cd9f500c1b53e676b5e8d4ed040d40ac02cad5f3eb90e7774,1a5a3f398978af9ec44f29e6dedde0caacb3eaa35df2a7da5f0aada620afb2bf,N105_P9G0_HISTORICAL_PACKET_RESTORATION_V1,46f1f2fd7b1710ed745060e45f24f9db60f681e8010208e52e657f6e531da178,"[0, 1, 60, 61]",b5075449eeaa00176fa42f3da9fdff93ddfd4bef5a814729e28ce1d431fd5fc2,,memo_components,LOCAL_FLINT_CPU,LOCAL_SINGLE_COORDINATOR_FLINT_CPU,WARM_SAME_SOURCE,FRESH_EXACT_SOLVE_WITH_INTERNAL_CHECKS_EXCLUDES_EXTERNAL_VERIFICATION,0,0,0,1,14,166912,16384,d5207e6b84fbabee961e83f3860a3bacaca585acd736c092903cacdfff692450,FLINT_EXACT_POLYNOMIAL,2,COMPLETE,OBSERVED_PATTERN,True,67603,4,4,CPU exact route includes its native polynomial readout/count checks; independently timed external verification excluded; no subprocess startup,deterministic retained-port-aware elimination or explicit component enumeration,,0.0230485110078007,0.0,0.0,0.0,,0.0,0.0025046339724212885,0.10557593696285039,0.10557593696285039,0.0,9de7b208fe4f209920c654230adcf9f2dee04eb0623b668c36b69819079a50c3,"{""N"": 105, ""source_family"": ""N105_P9G0_HISTORICAL_PACKET_RESTORATION_V1"", ""graph_hash"": ""1a5a3f398978af9ec44f29e6dedde0caacb3eaa35df2a7da5f0aada620afb2bf"", ""source_hash"": ""5776b29715e9a50cd9f500c1b53e676b5e8d4ed040d40ac02cad5f3eb90e7774"", ""edges"": 275, ""degree_min"": 5, ""degree_max"": 6, ""degree_mean"": 5.238095238095238, ""degree_std"": 0.4259177099999599, ""components"": 8, ""component_sizes"": [10, 10, 10, 15, 15, 15, 15, 15], ""max_component"": 15, ""local_assignments"": 166912, ""minfill_width"": 5, ""minfill_work"": 2328, ""minfill_order"": [0, 1, 2, 60, 61, 3, 4, 5, 62, 63, 6, 7, 8, 64, 65, 9, 10, 11, 66, 67, 12, 13, 14, 68, 69, 15, 16, 17, 70, 36, 37, 38, 71, 84, 85, 18, 19, 20, 72, 42, 43, 44, 73, 88, 89, 21, 22, 23, 74, 45, 46, 47, 75, 90, 91, 24, 25, 26, 76, 48, 49, 50, 77, 92, 93, 27, 28, 29, 78, 51, 52, 53, 79, 94, 95, 30, 31, 32, 80, 54, 55, 56, 81, 96, 97, 33, 34, 35, 82, 57, 58, 59, 83, 98, 99, 39, 40, 41, 86, 87, 100, 101, 102, 103, 104], ""energy_bound"": 275, ""root_bound"": 512, ""crt_primes"": 4, ""arithmetic_burden"": 4767744, ""coefficient_bound"": ""40564819207303340847894502572032"", ""coupling_multiplicities"": {""1"": 275}, ""symmetry"": ""not assumed"", ""degree_signature"": [5, 5, 5, 5, 5, 5, 5, 5, 5, 5, 5, 5, 5, 5, 5, 5, 5, 5, 5, 5, 5, 5, 5, 5, 5, 5, 5, 5, 5, 5, 5, 5, 5, 5, 5, 5, 5, 5, 5, 5, 5, 5, 5, 5, 5, 5, 5, 5, 5, 5, 5, 5, 5, 5, 5, 5, 5, 5, 5, 5, 5, 5, 5, 5, 5, 5, 5, 5, 5, 5, 5, 5, 5, 5, 5, 5, 5, 5, 5, 5, 6, 6, 6, 6, 6, 6, 6, 6, 6, 6, 6, 6, 6, 6, 6, 6, 6, 6, 6, 6, 6, 6, 6, 6, 6]}",,,,,
bfc4bd3883b43fe14ec2cfb4,N105,5776b29715e9a50cd9f500c1b53e676b5e8d4ed040d40ac02cad5f3eb90e7774,1a5a3f398978af9ec44f29e6dedde0caacb3eaa35df2a7da5f0aada620afb2bf,N105_P9G0_HISTORICAL_PACKET_RESTORATION_V1,46f1f2fd7b1710ed745060e45f24f9db60f681e8010208e52e657f6e531da178,"[0, 1, 60, 61]",9f381cca28e40506d8ac88dfbef352c29577c82dd8927bb442bafa0c14a1d713,,warm_components,LOCAL_FLINT_CPU,LOCAL_SINGLE_COORDINATOR_FLINT_CPU,CACHE_REUSE,FRESH_EXACT_SOLVE_WITH_INTERNAL_CHECKS_EXCLUDES_EXTERNAL_VERIFICATION,0,0,0,1,14,166912,16384,d5207e6b84fbabee961e83f3860a3bacaca585acd736c092903cacdfff692450,FLINT_EXACT_POLYNOMIAL,2,COMPLETE,OBSERVED_PATTERN,True,0,8,0,CPU exact route includes its native polynomial readout/count checks; independently timed external verification excluded; no subprocess startup,deterministic retained-port-aware elimination or explicit component enumeration,,0.0230485110078007,0.0,0.0,0.0,,0.0,0.0022106600226834416,0.014049643999896944,0.014049643999896944,0.0,9de7b208fe4f209920c654230adcf9f2dee04eb0623b668c36b69819079a50c3,"{""N"": 105, ""source_family"": ""N105_P9G0_HISTORICAL_PACKET_RESTORATION_V1"", ""graph_hash"": ""1a5a3f398978af9ec44f29e6dedde0caacb3eaa35df2a7da5f0aada620afb2bf"", ""source_hash"": ""5776b29715e9a50cd9f500c1b53e676b5e8d4ed040d40ac02cad5f3eb90e7774"", ""edges"": 275, ""degree_min"": 5, ""degree_max"": 6, ""degree_mean"": 5.238095238095238, ""degree_std"": 0.4259177099999599, ""components"": 8, ""component_sizes"": [10, 10, 10, 15, 15, 15, 15, 15], ""max_component"": 15, ""local_assignments"": 166912, ""minfill_width"": 5, ""minfill_work"": 2328, ""minfill_order"": [0, 1, 2, 60, 61, 3, 4, 5, 62, 63, 6, 7, 8, 64, 65, 9, 10, 11, 66, 67, 12, 13, 14, 68, 69, 15, 16, 17, 70, 36, 37, 38, 71, 84, 85, 18, 19, 20, 72, 42, 43, 44, 73, 88, 89, 21, 22, 23, 74, 45, 46, 47, 75, 90, 91, 24, 25, 26, 76, 48, 49, 50, 77, 92, 93, 27, 28, 29, 78, 51, 52, 53, 79, 94, 95, 30, 31, 32, 80, 54, 55, 56, 81, 96, 97, 33, 34, 35, 82, 57, 58, 59, 83, 98, 99, 39, 40, 41, 86, 87, 100, 101, 102, 103, 104], ""energy_bound"": 275, ""root_bound"": 512, ""crt_primes"": 4, ""arithmetic_burden"": 4767744, ""coefficient_bound"": ""40564819207303340847894502572032"", ""coupling_multiplicities"": {""1"": 275}, ""symmetry"": ""not assumed"", ""degree_signature"": [5, 5, 5, 5, 5, 5, 5, 5, 5, 5, 5, 5, 5, 5, 5, 5, 5, 5, 5, 5, 5, 5, 5, 5, 5, 5, 5, 5, 5, 5, 5, 5, 5, 5, 5, 5, 5, 5, 5, 5, 5, 5, 5, 5, 5, 5, 5, 5, 5, 5, 5, 5, 5, 5, 5, 5, 5, 5, 5, 5, 5, 5, 5, 5, 5, 5, 5, 5, 5, 5, 5, 5, 5, 5, 5, 5, 5, 5, 5, 5, 6, 6, 6, 6, 6, 6, 6, 6, 6, 6, 6, 6, 6, 6, 6, 6, 6, 6, 6, 6, 6, 6, 6, 6, 6]}",,,,,
07038db5aac24bb7e823e742,N072,2c949e8f79d3db8e94006a1e043cf1865a85042263efe0e3794f0385ac4e8ff4,645ec4b5f11db7d843704080284a94872bc81e317cd1f3a9150949add7913874,N96_INDUCED_TRANSITION_LADDER_V1,f2f991d74dfbb2edf7f4475dcb7d82989de00a71e44bb11d4a6fbb49442577b6,"[0, 1, 2, 3]",0a97dafbbf7cec197eedf4a4e42a4a9c12016d00e6b90bbb1e3d91a527971fce,017641906e7f6fc870196e5ffd95c6cc58471502d4a162f385413926d500bcf0,tie_portfolio,COOP14_MIG_BRANCH_GROUP,1d2a6f95014703ca171206e42701c52355b89dab08ba0a9b72b3d193a3b620d4,WARM_SAME_SOURCE,FRESH_EXACT_SOLVE_WITH_INTERNAL_CHECKS_EXCLUDES_EXTERNAL_VERIFICATION,16,512,3,1,13,37446,8192,d5207e6b84fbabee961e83f3860a3bacaca585acd736c092903cacdfff692450,NUMPY_BATCHED_INVERSE_NTT_INTEGER_CRT,1,COMPLETE,OBSERVED_PATTERN,True,,,,,,5459968,1.1244570659473538,0.006868715048767626,0.053221361,0.018727809,0.0018803859129548073,0.007730949087045193,0.005198265076614916,0.081637483,,0.0,8b777c8d39398abd04cbe8f8f4708678831da85ebdd000cacf07d5dfe9606516,"{""N"": 72, ""source_family"": ""N96_INDUCED_TRANSITION_LADDER_V1"", ""graph_hash"": ""645ec4b5f11db7d843704080284a94872bc81e317cd1f3a9150949add7913874"", ""source_hash"": ""2c949e8f79d3db8e94006a1e043cf1865a85042263efe0e3794f0385ac4e8ff4"", ""edges"": 132, ""degree_min"": 1, ""degree_max"": 5, ""degree_mean"": 3.6666666666666665, ""degree_std"": 0.927960727138337, ""components"": 1, ""component_sizes"": [72], ""max_component"": 72, ""local_assignments"": 4722366482869645213696, ""minfill_width"": 13, ""minfill_work"": 43537, ""minfill_order"": [25, 1, 11, 62, 60, 15, 20, 29, 0, 3, 6, 23, 27, 31, 32, 34, 37, 39, 52, 41, 42, 43, 64, 48, 59, 68, 8, 50, 24, 17, 33, 38, 47, 66, 69, 7, 45, 63, 9, 70, 58, 18, 51, 61, 46, 16, 10, 2, 4, 5, 26, 12, 30, 65, 19, 14, 44, 54, 13, 21, 22, 28, 35, 36, 40, 49, 53, 55, 56, 57, 67, 71], ""energy_bound"": 349, ""root_bound"": 512, ""crt_primes"": 3, ""arithmetic_burden"": 66872832, ""coefficient_bound"": ""4722366482869645213696"", ""coupling_multiplicities"": {""3"": 30, ""-1"": 23, ""-2"": 23, ""1"": 24, ""-3"": 15, ""2"": 17}, ""symmetry"": ""not assumed"", ""degree_signature"": [1, 2, 2, 2, 2, 3, 3, 3, 3, 3, 3, 3, 3, 3, 3, 3, 3, 3, 3, 3, 3, 3, 3, 3, 3, 3, 3, 3, 3, 3, 3, 3, 3, 3, 4, 4, 4, 4, 4, 4, 4, 4, 4, 4, 4, 4, 4, 4, 4, 4, 4, 4, 4, 4, 4, 4, 5, 5, 5, 5, 5, 5, 5, 5, 5, 5, 5, 5, 5, 5, 5, 5]}",407280,"[52419, 52420, 52421, 52422, 52423, 52424, 52425, 52426, 52427, 52428, 52429, 52430, 52431, 52432]","[80, 96, 96, 96, 96, 112, 144, 112, 96, 96, 176, 80, 160, 96]",WARM_SAME_SOURCE,focused
07038db5aac24bb7e823e742,N072,2c949e8f79d3db8e94006a1e043cf1865a85042263efe0e3794f0385ac4e8ff4,645ec4b5f11db7d843704080284a94872bc81e317cd1f3a9150949add7913874,N96_INDUCED_TRANSITION_LADDER_V1,f2f991d74dfbb2edf7f4475dcb7d82989de00a71e44bb11d4a6fbb49442577b6,"[0, 1, 2, 3]",0a97dafbbf7cec197eedf4a4e42a4a9c12016d00e6b90bbb1e3d91a527971fce,017641906e7f6fc870196e5ffd95c6cc58471502d4a162f385413926d500bcf0,tie_portfolio,COOP14_MIG_BRANCH_GROUP,1d2a6f95014703ca171206e42701c52355b89dab08ba0a9b72b3d193a3b620d4,WARM_SAME_SOURCE,FRESH_EXACT_SOLVE_WITH_INTERNAL_CHECKS_EXCLUDES_EXTERNAL_VERIFICATION,16,512,3,1,13,37446,8192,d5207e6b84fbabee961e83f3860a3bacaca585acd736c092903cacdfff692450,NUMPY_BATCHED_INVERSE_NTT_INTEGER_CRT,2,COMPLETE,OBSERVED_PATTERN,True,,,,,,5459968,1.1244570659473538,0.006868715048767626,0.060579087,0.021110086,0.003318689181469381,0.012160858818530618,0.005447251023724675,0.097292079,,0.0,8b777c8d39398abd04cbe8f8f4708678831da85ebdd000cacf07d5dfe9606516,"{""N"": 72, ""source_family"": ""N96_INDUCED_TRANSITION_LADDER_V1"", ""graph_hash"": ""645ec4b5f11db7d843704080284a94872bc81e317cd1f3a9150949add7913874"", ""source_hash"": ""2c949e8f79d3db8e94006a1e043cf1865a85042263efe0e3794f0385ac4e8ff4"", ""edges"": 132, ""degree_min"": 1, ""degree_max"": 5, ""degree_mean"": 3.6666666666666665, ""degree_std"": 0.927960727138337, ""components"": 1, ""component_sizes"": [72], ""max_component"": 72, ""local_assignments"": 4722366482869645213696, ""minfill_width"": 13, ""minfill_work"": 43537, ""minfill_order"": [25, 1, 11, 62, 60, 15, 20, 29, 0, 3, 6, 23, 27, 31, 32, 34, 37, 39, 52, 41, 42, 43, 64, 48, 59, 68, 8, 50, 24, 17, 33, 38, 47, 66, 69, 7, 45, 63, 9, 70, 58, 18, 51, 61, 46, 16, 10, 2, 4, 5, 26, 12, 30, 65, 19, 14, 44, 54, 13, 21, 22, 28, 35, 36, 40, 49, 53, 55, 56, 57, 67, 71], ""energy_bound"": 349, ""root_bound"": 512, ""crt_primes"": 3, ""arithmetic_burden"": 66872832, ""coefficient_bound"": ""4722366482869645213696"", ""coupling_multiplicities"": {""3"": 30, ""-1"": 23, ""-2"": 23, ""1"": 24, ""-3"": 15, ""2"": 17}, ""symmetry"": ""not assumed"", ""degree_signature"": [1, 2, 2, 2, 2, 3, 3, 3, 3, 3, 3, 3, 3, 3, 3, 3, 3, 3, 3, 3, 3, 3, 3, 3, 3, 3, 3, 3, 3, 3, 3, 3, 3, 3, 4, 4, 4, 4, 4, 4, 4, 4, 4, 4, 4, 4, 4, 4, 4, 4, 4, 4, 4, 4, 4, 4, 5, 5, 5, 5, 5, 5, 5, 5, 5, 5, 5, 5, 5, 5, 5, 5]}",407280,"[52419, 52420, 52421, 52422, 52423, 52424, 52425, 52426, 52427, 52428, 52429, 52430, 52431, 52432]","[80, 176, 80, 128, 192, 80, 80, 80, 128, 112, 80, 128, 112, 80]",WARM_SAME_SOURCE,focused
07038db5aac24bb7e823e742,N072,2c949e8f79d3db8e94006a1e043cf1865a85042263efe0e3794f0385ac4e8ff4,645ec4b5f11db7d843704080284a94872bc81e317cd1f3a9150949add7913874,N96_INDUCED_TRANSITION_LADDER_V1,f2f991d74dfbb2edf7f4475dcb7d82989de00a71e44bb11d4a6fbb49442577b6,"[0, 1, 2, 3]",0a97dafbbf7cec197eedf4a4e42a4a9c12016d00e6b90bbb1e3d91a527971fce,017641906e7f6fc870196e5ffd95c6cc58471502d4a162f385413926d500bcf0,tie_portfolio,COOP14_MIG_BRANCH_GROUP,1d2a6f95014703ca171206e42701c52355b89dab08ba0a9b72b3d193a3b620d4,WARM_SAME_SOURCE,FRESH_EXACT_SOLVE_WITH_INTERNAL_CHECKS_EXCLUDES_EXTERNAL_VERIFICATION,16,512,3,1,13,37446,8192,d5207e6b84fbabee961e83f3860a3bacaca585acd736c092903cacdfff692450,NUMPY_BATCHED_INVERSE_NTT_INTEGER_CRT,3,COMPLETE,OBSERVED_PATTERN,True,,,,,,5459968,1.1244570659473538,0.006868715048767626,0.078354494,0.02137664,0.0034154088934883475,0.012200117106511652,0.005052878055721521,0.115476868,,0.0,8b777c8d39398abd04cbe8f8f4708678831da85ebdd000cacf07d5dfe9606516,"{""N"": 72, ""source_family"": ""N96_INDUCED_TRANSITION_LADDER_V1"", ""graph_hash"": ""645ec4b5f11db7d843704080284a94872bc81e317cd1f3a9150949add7913874"", ""source_hash"": ""2c949e8f79d3db8e94006a1e043cf1865a85042263efe0e3794f0385ac4e8ff4"", ""edges"": 132, ""degree_min"": 1, ""degree_max"": 5, ""degree_mean"": 3.6666666666666665, ""degree_std"": 0.927960727138337, ""components"": 1, ""component_sizes"": [72], ""max_component"": 72, ""local_assignments"": 4722366482869645213696, ""minfill_width"": 13, ""minfill_work"": 43537, ""minfill_order"": [25, 1, 11, 62, 60, 15, 20, 29, 0, 3, 6, 23, 27, 31, 32, 34, 37, 39, 52, 41, 42, 43, 64, 48, 59, 68, 8, 50, 24, 17, 33, 38, 47, 66, 69, 7, 45, 63, 9, 70, 58, 18, 51, 61, 46, 16, 10, 2, 4, 5, 26, 12, 30, 65, 19, 14, 44, 54, 13, 21, 22, 28, 35, 36, 40, 49, 53, 55, 56, 57, 67, 71], ""energy_bound"": 349, ""root_bound"": 512, ""crt_primes"": 3, ""arithmetic_burden"": 66872832, ""coefficient_bound"": ""4722366482869645213696"", ""coupling_multiplicities"": {""3"": 30, ""-1"": 23, ""-2"": 23, ""1"": 24, ""-3"": 15, ""2"": 17}, ""symmetry"": ""not assumed"", ""degree_signature"": [1, 2, 2, 2, 2, 3, 3, 3, 3, 3, 3, 3, 3, 3, 3, 3, 3, 3, 3, 3, 3, 3, 3, 3, 3, 3, 3, 3, 3, 3, 3, 3, 3, 3, 4, 4, 4, 4, 4, 4, 4, 4, 4, 4, 4, 4, 4, 4, 4, 4, 4, 4, 4, 4, 4, 4, 5, 5, 5, 5, 5, 5, 5, 5, 5, 5, 5, 5, 5, 5, 5, 5]}",407280,"[52419, 52420, 52421, 52422, 52423, 52424, 52425, 52426, 52427, 52428, 52429, 52430, 52431, 52432]","[144, 96, 96, 112, 160, 128, 80, 64, 176, 64, 144, 96, 96, 80]",WARM_SAME_SOURCE,focused
9dde4ca1719442aae86d0d44,N084,a9276261b491353b7a97dfe6fa8053ce22f644b61fc21d0b3c8e160a13727b0c,87e50f929aae0668d5104e5418201bb1a55e05f9990e161d8608b4272056b2f4,N96_INDUCED_TRANSITION_LADDER_V1,f2f991d74dfbb2edf7f4475dcb7d82989de00a71e44bb11d4a6fbb49442577b6,"[0, 1, 2, 3]",df459afe4918c4a5d2601a5fc00975c11aee6d4fd21a1ef6c4aa65578eb9404b,9f27ccc3889c6e14860e169491c096f1b7f9264d9e9daa25ad5d912e43e99648,expanded_portfolio,COOP14_MIG_BRANCH_GROUP,1d2a6f95014703ca171206e42701c52355b89dab08ba0a9b72b3d193a3b620d4,WARM_SAME_SOURCE,FRESH_EXACT_SOLVE_WITH_INTERNAL_CHECKS_EXCLUDES_EXTERNAL_VERIFICATION,16,512,3,8,16,4066208,65536,d5207e6b84fbabee961e83f3860a3bacaca585acd736c092903cacdfff692450,NUMPY_BATCHED_INVERSE_NTT_INTEGER_CRT,1,COMPLETE,OBSERVED_PATTERN,True,,,,,,72135680,2.756655086996034,0.017388643929734826,0.255524847,0.089185186,0.00477193295955658,0.02869194804044342,0.006994882016442716,0.37840726,,0.0,c3fd9c86bbc441f4e170d8c75189db0f271a4aaaaefeffffee315ea3b0aa0401,"{""N"": 84, ""source_family"": ""N96_INDUCED_TRANSITION_LADDER_V1"", ""graph_hash"": ""87e50f929aae0668d5104e5418201bb1a55e05f9990e161d8608b4272056b2f4"", ""source_hash"": ""a9276261b491353b7a97dfe6fa8053ce22f644b61fc21d0b3c8e160a13727b0c"", ""edges"": 183, ""degree_min"": 2, ""degree_max"": 5, ""degree_mean"": 4.357142857142857, ""degree_std"": 0.7342449497671083, ""components"": 1, ""component_sizes"": [84], ""max_component"": 84, ""local_assignments"": 19342813113834066795298816, ""minfill_width"": 22, ""minfill_work"": 15123219, ""minfill_order"": [60, 15, 20, 0, 6, 12, 32, 41, 51, 59, 64, 50, 34, 62, 11, 76, 82, 24, 3, 25, 33, 38, 48, 63, 67, 39, 8, 16, 47, 68, 19, 56, 37, 69, 55, 65, 7, 43, 2, 52, 40, 66, 17, 77, 22, 58, 72, 79, 42, 9, 61, 75, 10, 73, 78, 27, 74, 46, 57, 35, 36, 1, 4, 5, 13, 14, 18, 21, 23, 26, 28, 29, 30, 31, 44, 45, 49, 53, 54, 70, 71, 80, 81, 83], ""energy_bound"": 460, ""root_bound"": 512, ""crt_primes"": 3, ""arithmetic_burden"": 23229264384, ""coefficient_bound"": ""19342813113834066795298816"", ""coupling_multiplicities"": {""3"": 34, ""-1"": 35, ""-2"": 32, ""1"": 34, ""-3"": 24, ""2"": 24}, ""symmetry"": ""not assumed"", ""degree_signature"": [2, 3, 3, 3, 3, 3, 3, 3, 3, 3, 3, 4, 4, 4, 4, 4, 4, 4, 4, 4, 4, 4, 4, 4, 4, 4, 4, 4, 4, 4, 4, 4, 4, 4, 4, 4, 4, 4, 4, 4, 4, 4, 5, 5, 5, 5, 5, 5, 5, 5, 5, 5, 5, 5, 5, 5, 5, 5, 5, 5, 5, 5, 5, 5, 5, 5, 5, 5, 5, 5, 5, 5, 5, 5, 5, 5, 5, 5, 5, 5, 5, 5, 5, 5]}",5424144,"[52752, 52753, 52754, 52755, 52756, 52757, 52758, 52759, 52760, 52761, 52762, 52763, 52764, 52765]","[112, 112, 112, 112, 112, 96, 112, 112, 96, 112, 112, 112, 112, 112]",WARM_SAME_SOURCE,focused
9dde4ca1719442aae86d0d44,N084,a9276261b491353b7a97dfe6fa8053ce22f644b61fc21d0b3c8e160a13727b0c,87e50f929aae0668d5104e5418201bb1a55e05f9990e161d8608b4272056b2f4,N96_INDUCED_TRANSITION_LADDER_V1,f2f991d74dfbb2edf7f4475dcb7d82989de00a71e44bb11d4a6fbb49442577b6,"[0, 1, 2, 3]",df459afe4918c4a5d2601a5fc00975c11aee6d4fd21a1ef6c4aa65578eb9404b,9f27ccc3889c6e14860e169491c096f1b7f9264d9e9daa25ad5d912e43e99648,expanded_portfolio,COOP14_MIG_BRANCH_GROUP,1d2a6f95014703ca171206e42701c52355b89dab08ba0a9b72b3d193a3b620d4,WARM_SAME_SOURCE,FRESH_EXACT_SOLVE_WITH_INTERNAL_CHECKS_EXCLUDES_EXTERNAL_VERIFICATION,16,512,3,8,16,4066208,65536,d5207e6b84fbabee961e83f3860a3bacaca585acd736c092903cacdfff692450,NUMPY_BATCHED_INVERSE_NTT_INTEGER_CRT,2,COMPLETE,OBSERVED_PATTERN,True,,,,,,72135680,2.756655086996034,0.017388643929734826,0.226013704,0.090892155,0.004704055027104914,0.019051382972895086,0.006277475971728563,0.340809184,,0.0,c3fd9c86bbc441f4e170d8c75189db0f271a4aaaaefeffffee315ea3b0aa0401,"{""N"": 84, ""source_family"": ""N96_INDUCED_TRANSITION_LADDER_V1"", ""graph_hash"": ""87e50f929aae0668d5104e5418201bb1a55e05f9990e161d8608b4272056b2f4"", ""source_hash"": ""a9276261b491353b7a97dfe6fa8053ce22f644b61fc21d0b3c8e160a13727b0c"", ""edges"": 183, ""degree_min"": 2, ""degree_max"": 5, ""degree_mean"": 4.357142857142857, ""degree_std"": 0.7342449497671083, ""components"": 1, ""component_sizes"": [84], ""max_component"": 84, ""local_assignments"": 19342813113834066795298816, ""minfill_width"": 22, ""minfill_work"": 15123219, ""minfill_order"": [60, 15, 20, 0, 6, 12, 32, 41, 51, 59, 64, 50, 34, 62, 11, 76, 82, 24, 3, 25, 33, 38, 48, 63, 67, 39, 8, 16, 47, 68, 19, 56, 37, 69, 55, 65, 7, 43, 2, 52, 40, 66, 17, 77, 22, 58, 72, 79, 42, 9, 61, 75, 10, 73, 78, 27, 74, 46, 57, 35, 36, 1, 4, 5, 13, 14, 18, 21, 23, 26, 28, 29, 30, 31, 44, 45, 49, 53, 54, 70, 71, 80, 81, 83], ""energy_bound"": 460, ""root_bound"": 512, ""crt_primes"": 3, ""arithmetic_burden"": 23229264384, ""coefficient_bound"": ""19342813113834066795298816"", ""coupling_multiplicities"": {""3"": 34, ""-1"": 35, ""-2"": 32, ""1"": 34, ""-3"": 24, ""2"": 24}, ""symmetry"": ""not assumed"", ""degree_signature"": [2, 3, 3, 3, 3, 3, 3, 3, 3, 3, 3, 4, 4, 4, 4, 4, 4, 4, 4, 4, 4, 4, 4, 4, 4, 4, 4, 4, 4, 4, 4, 4, 4, 4, 4, 4, 4, 4, 4, 4, 4, 4, 5, 5, 5, 5, 5, 5, 5, 5, 5, 5, 5, 5, 5, 5, 5, 5, 5, 5, 5, 5, 5, 5, 5, 5, 5, 5, 5, 5, 5, 5, 5, 5, 5, 5, 5, 5, 5, 5, 5, 5, 5, 5]}",5424144,"[52752, 52753, 52754, 52755, 52756, 52757, 52758, 52759, 52760, 52761, 52762, 52763, 52764, 52765]","[112, 112, 112, 112, 112, 96, 96, 112, 112, 112, 112, 112, 112, 112]",WARM_SAME_SOURCE,focused
9dde4ca1719442aae86d0d44,N084,a9276261b491353b7a97dfe6fa8053ce22f644b61fc21d0b3c8e160a13727b0c,87e50f929aae0668d5104e5418201bb1a55e05f9990e161d8608b4272056b2f4,N96_INDUCED_TRANSITION_LADDER_V1,f2f991d74dfbb2edf7f4475dcb7d82989de00a71e44bb11d4a6fbb49442577b6,"[0, 1, 2, 3]",df459afe4918c4a5d2601a5fc00975c11aee6d4fd21a1ef6c4aa65578eb9404b,9f27ccc3889c6e14860e169491c096f1b7f9264d9e9daa25ad5d912e43e99648,expanded_portfolio,COOP14_MIG_BRANCH_GROUP,1d2a6f95014703ca171206e42701c52355b89dab08ba0a9b72b3d193a3b620d4,WARM_SAME_SOURCE,FRESH_EXACT_SOLVE_WITH_INTERNAL_CHECKS_EXCLUDES_EXTERNAL_VERIFICATION,16,512,3,8,16,4066208,65536,d5207e6b84fbabee961e83f3860a3bacaca585acd736c092903cacdfff692450,NUMPY_BATCHED_INVERSE_NTT_INTEGER_CRT,3,COMPLETE,OBSERVED_PATTERN,True,,,,,,72135680,2.756655086996034,0.017388643929734826,0.235665739,0.088775814,0.004749964107759297,0.019931505892240704,0.007053342065773904,0.34928297,,0.0,c3fd9c86bbc441f4e170d8c75189db0f271a4aaaaefeffffee315ea3b0aa0401,"{""N"": 84, ""source_family"": ""N96_INDUCED_TRANSITION_LADDER_V1"", ""graph_hash"": ""87e50f929aae0668d5104e5418201bb1a55e05f9990e161d8608b4272056b2f4"", ""source_hash"": ""a9276261b491353b7a97dfe6fa8053ce22f644b61fc21d0b3c8e160a13727b0c"", ""edges"": 183, ""degree_min"": 2, ""degree_max"": 5, ""degree_mean"": 4.357142857142857, ""degree_std"": 0.7342449497671083, ""components"": 1, ""component_sizes"": [84], ""max_component"": 84, ""local_assignments"": 19342813113834066795298816, ""minfill_width"": 22, ""minfill_work"": 15123219, ""minfill_order"": [60, 15, 20, 0, 6, 12, 32, 41, 51, 59, 64, 50, 34, 62, 11, 76, 82, 24, 3, 25, 33, 38, 48, 63, 67, 39, 8, 16, 47, 68, 19, 56, 37, 69, 55, 65, 7, 43, 2, 52, 40, 66, 17, 77, 22, 58, 72, 79, 42, 9, 61, 75, 10, 73, 78, 27, 74, 46, 57, 35, 36, 1, 4, 5, 13, 14, 18, 21, 23, 26, 28, 29, 30, 31, 44, 45, 49, 53, 54, 70, 71, 80, 81, 83], ""energy_bound"": 460, ""root_bound"": 512, ""crt_primes"": 3, ""arithmetic_burden"": 23229264384, ""coefficient_bound"": ""19342813113834066795298816"", ""coupling_multiplicities"": {""3"": 34, ""-1"": 35, ""-2"": 32, ""1"": 34, ""-3"": 24, ""2"": 24}, ""symmetry"": ""not assumed"", ""degree_signature"": [2, 3, 3, 3, 3, 3, 3, 3, 3, 3, 3, 4, 4, 4, 4, 4, 4, 4, 4, 4, 4, 4, 4, 4, 4, 4, 4, 4, 4, 4, 4, 4, 4, 4, 4, 4, 4, 4, 4, 4, 4, 4, 5, 5, 5, 5, 5, 5, 5, 5, 5, 5, 5, 5, 5, 5, 5, 5, 5, 5, 5, 5, 5, 5, 5, 5, 5, 5, 5, 5, 5, 5, 5, 5, 5, 5, 5, 5, 5, 5, 5, 5, 5, 5]}",5424144,"[52752, 52753, 52754, 52755, 52756, 52757, 52758, 52759, 52760, 52761, 52762, 52763, 52764, 52765]","[112, 112, 112, 112, 112, 96, 112, 96, 112, 112, 112, 112, 112, 112]",WARM_SAME_SOURCE,focused
197cc0f45f3d045624685aed,N090,6b3e60db691983154e059577c5a5e4ad912c1b3e9347d81507a90c49fe59e463,6eb160420fa48047e1e8b134dd33e3fd7cdf46a24a92f216b327b4e2515fa9fd,N96_INDUCED_TRANSITION_LADDER_V1,f2f991d74dfbb2edf7f4475dcb7d82989de00a71e44bb11d4a6fbb49442577b6,"[0, 1, 2, 3]",d0fbd9c30f0ddd4afca8c2fad3d9e2eca42d5ea75dcaf6641a37b6d3f5ad0783,85b855a31f767bfadf02a46d1eb9145d05754020437aca5ef6718b99130d4602,fresh_min_fill,COOP14_MIG_BRANCH_GROUP,1d2a6f95014703ca171206e42701c52355b89dab08ba0a9b72b3d193a3b620d4,WARM_SAME_SOURCE,FRESH_EXACT_SOLVE_WITH_INTERNAL_CHECKS_EXCLUDES_EXTERNAL_VERIFICATION,16,1024,4,32,18,58879232,262144,d5207e6b84fbabee961e83f3860a3bacaca585acd736c092903cacdfff692450,NUMPY_BATCHED_INVERSE_NTT_INTEGER_CRT,1,COMPLETE,OBSERVED_PATTERN,True,,,,,,262880768,0.0004215630469843745,0.06996255600824952,0.706897619,1.039831857,0.005538259167224169,0.01449592583277583,0.021443499019369483,1.766909158,,0.0,9c0fa4186a9acf3cbe491cac1da1a4dbb77efe64bb7917685fcdf0426acfd661,"{""N"": 90, ""source_family"": ""N96_INDUCED_TRANSITION_LADDER_V1"", ""graph_hash"": ""6eb160420fa48047e1e8b134dd33e3fd7cdf46a24a92f216b327b4e2515fa9fd"", ""source_hash"": ""6b3e60db691983154e059577c5a5e4ad912c1b3e9347d81507a90c49fe59e463"", ""edges"": 210, ""degree_min"": 2, ""degree_max"": 5, ""degree_mean"": 4.666666666666667, ""degree_std"": 0.5962847939999439, ""components"": 1, ""component_sizes"": [90], ""max_component"": 90, ""local_assignments"": 1237940039285380274899124224, ""minfill_width"": 28, ""minfill_work"": 951809499, ""minfill_order"": [60, 0, 20, 41, 15, 16, 34, 3, 12, 22, 25, 33, 48, 51, 59, 67, 81, 50, 68, 77, 11, 14, 23, 39, 63, 76, 78, 32, 6, 8, 38, 37, 4, 42, 61, 79, 52, 58, 31, 47, 84, 19, 73, 13, 17, 29, 55, 7, 89, 62, 9, 40, 2, 86, 10, 88, 46, 30, 75, 36, 69, 1, 5, 18, 21, 24, 26, 27, 28, 35, 43, 44, 45, 49, 53, 54, 56, 57, 64, 65, 66, 70, 71, 72, 74, 80, 82, 83, 85, 87], ""energy_bound"": 521, ""root_bound"": 1024, ""crt_primes"": 4, ""arithmetic_burden"": 3898611707904, ""coefficient_bound"": ""1237940039285380274899124224"", ""coupling_multiplicities"": {""3"": 40, ""-1"": 40, ""-2"": 37, ""1"": 39, ""-3"": 27, ""2"": 27}, ""symmetry"": ""not assumed"", ""degree_signature"": [2, 3, 3, 3, 4, 4, 4, 4, 4, 4, 4, 4, 4, 4, 4, 4, 4, 4, 4, 4, 4, 4, 4, 4, 4, 5, 5, 5, 5, 5, 5, 5, 5, 5, 5, 5, 5, 5, 5, 5, 5, 5, 5, 5, 5, 5, 5, 5, 5, 5, 5, 5, 5, 5, 5, 5, 5, 5, 5, 5, 5, 5, 5, 5, 5, 5, 5, 5, 5, 5, 5, 5, 5, 5, 5, 5, 5, 5, 5, 5, 5, 5, 5, 5, 5, 5, 5, 5, 5, 5]}",20657072,"[53052, 53053, 53054, 53055, 53056, 53057, 53059, 53060, 53061, 53062, 53063, 53064, 53065, 53066]","[304, 288, 288, 304, 288, 304, 288, 288, 288, 288, 288, 304, 288, 288]",WARM_SAME_SOURCE,focused
197cc0f45f3d045624685aed,N090,6b3e60db691983154e059577c5a5e4ad912c1b3e9347d81507a90c49fe59e463,6eb160420fa48047e1e8b134dd33e3fd7cdf46a24a92f216b327b4e2515fa9fd,N96_INDUCED_TRANSITION_LADDER_V1,f2f991d74dfbb2edf7f4475dcb7d82989de00a71e44bb11d4a6fbb49442577b6,"[0, 1, 2, 3]",d0fbd9c30f0ddd4afca8c2fad3d9e2eca42d5ea75dcaf6641a37b6d3f5ad0783,85b855a31f767bfadf02a46d1eb9145d05754020437aca5ef6718b99130d4602,fresh_min_fill,COOP14_MIG_BRANCH_GROUP,1d2a6f95014703ca171206e42701c52355b89dab08ba0a9b72b3d193a3b620d4,WARM_SAME_SOURCE,FRESH_EXACT_SOLVE_WITH_INTERNAL_CHECKS_EXCLUDES_EXTERNAL_VERIFICATION,16,1024,4,32,18,58879232,262144,d5207e6b84fbabee961e83f3860a3bacaca585acd736c092903cacdfff692450,NUMPY_BATCHED_INVERSE_NTT_INTEGER_CRT,2,COMPLETE,OBSERVED_PATTERN,True,,,,,,262880768,0.0004215630469843745,0.06996255600824952,0.699828878,1.041565305,0.012924913899041712,0.03039719710095829,0.00807968305889517,1.78494183,,0.0,9c0fa4186a9acf3cbe491cac1da1a4dbb77efe64bb7917685fcdf0426acfd661,"{""N"": 90, ""source_family"": ""N96_INDUCED_TRANSITION_LADDER_V1"", ""graph_hash"": ""6eb160420fa48047e1e8b134dd33e3fd7cdf46a24a92f216b327b4e2515fa9fd"", ""source_hash"": ""6b3e60db691983154e059577c5a5e4ad912c1b3e9347d81507a90c49fe59e463"", ""edges"": 210, ""degree_min"": 2, ""degree_max"": 5, ""degree_mean"": 4.666666666666667, ""degree_std"": 0.5962847939999439, ""components"": 1, ""component_sizes"": [90], ""max_component"": 90, ""local_assignments"": 1237940039285380274899124224, ""minfill_width"": 28, ""minfill_work"": 951809499, ""minfill_order"": [60, 0, 20, 41, 15, 16, 34, 3, 12, 22, 25, 33, 48, 51, 59, 67, 81, 50, 68, 77, 11, 14, 23, 39, 63, 76, 78, 32, 6, 8, 38, 37, 4, 42, 61, 79, 52, 58, 31, 47, 84, 19, 73, 13, 17, 29, 55, 7, 89, 62, 9, 40, 2, 86, 10, 88, 46, 30, 75, 36, 69, 1, 5, 18, 21, 24, 26, 27, 28, 35, 43, 44, 45, 49, 53, 54, 56, 57, 64, 65, 66, 70, 71, 72, 74, 80, 82, 83, 85, 87], ""energy_bound"": 521, ""root_bound"": 1024, ""crt_primes"": 4, ""arithmetic_burden"": 3898611707904, ""coefficient_bound"": ""1237940039285380274899124224"", ""coupling_multiplicities"": {""3"": 40, ""-1"": 40, ""-2"": 37, ""1"": 39, ""-3"": 27, ""2"": 27}, ""symmetry"": ""not assumed"", ""degree_signature"": [2, 3, 3, 3, 4, 4, 4, 4, 4, 4, 4, 4, 4, 4, 4, 4, 4, 4, 4, 4, 4, 4, 4, 4, 4, 5, 5, 5, 5, 5, 5, 5, 5, 5, 5, 5, 5, 5, 5, 5, 5, 5, 5, 5, 5, 5, 5, 5, 5, 5, 5, 5, 5, 5, 5, 5, 5, 5, 5, 5, 5, 5, 5, 5, 5, 5, 5, 5, 5, 5, 5, 5, 5, 5, 5, 5, 5, 5, 5, 5, 5, 5, 5, 5, 5, 5, 5, 5, 5, 5]}",20657072,"[53052, 53053, 53054, 53055, 53056, 53057, 53059, 53060, 53061, 53062, 53063, 53064, 53065, 53066]","[304, 288, 304, 304, 288, 288, 288, 288, 288, 288, 288, 288, 304, 288]",WARM_SAME_SOURCE,focused
197cc0f45f3d045624685aed,N090,6b3e60db691983154e059577c5a5e4ad912c1b3e9347d81507a90c49fe59e463,6eb160420fa48047e1e8b134dd33e3fd7cdf46a24a92f216b327b4e2515fa9fd,N96_INDUCED_TRANSITION_LADDER_V1,f2f991d74dfbb2edf7f4475dcb7d82989de00a71e44bb11d4a6fbb49442577b6,"[0, 1, 2, 3]",d0fbd9c30f0ddd4afca8c2fad3d9e2eca42d5ea75dcaf6641a37b6d3f5ad0783,85b855a31f767bfadf02a46d1eb9145d05754020437aca5ef6718b99130d4602,fresh_min_fill,COOP14_MIG_BRANCH_GROUP,1d2a6f95014703ca171206e42701c52355b89dab08ba0a9b72b3d193a3b620d4,WARM_SAME_SOURCE,FRESH_EXACT_SOLVE_WITH_INTERNAL_CHECKS_EXCLUDES_EXTERNAL_VERIFICATION,16,1024,4,32,18,58879232,262144,d5207e6b84fbabee961e83f3860a3bacaca585acd736c092903cacdfff692450,NUMPY_BATCHED_INVERSE_NTT_INTEGER_CRT,3,COMPLETE,OBSERVED_PATTERN,True,,,,,,262880768,0.0004215630469843745,0.06996255600824952,0.67605414,1.037553398,0.013587241875939071,0.02725584412406093,0.007190839038230479,1.75469151,,0.0,9c0fa4186a9acf3cbe491cac1da1a4dbb77efe64bb7917685fcdf0426acfd661,"{""N"": 90, ""source_family"": ""N96_INDUCED_TRANSITION_LADDER_V1"", ""graph_hash"": ""6eb160420fa48047e1e8b134dd33e3fd7cdf46a24a92f216b327b4e2515fa9fd"", ""source_hash"": ""6b3e60db691983154e059577c5a5e4ad912c1b3e9347d81507a90c49fe59e463"", ""edges"": 210, ""degree_min"": 2, ""degree_max"": 5, ""degree_mean"": 4.666666666666667, ""degree_std"": 0.5962847939999439, ""components"": 1, ""component_sizes"": [90], ""max_component"": 90, ""local_assignments"": 1237940039285380274899124224, ""minfill_width"": 28, ""minfill_work"": 951809499, ""minfill_order"": [60, 0, 20, 41, 15, 16, 34, 3, 12, 22, 25, 33, 48, 51, 59, 67, 81, 50, 68, 77, 11, 14, 23, 39, 63, 76, 78, 32, 6, 8, 38, 37, 4, 42, 61, 79, 52, 58, 31, 47, 84, 19, 73, 13, 17, 29, 55, 7, 89, 62, 9, 40, 2, 86, 10, 88, 46, 30, 75, 36, 69, 1, 5, 18, 21, 24, 26, 27, 28, 35, 43, 44, 45, 49, 53, 54, 56, 57, 64, 65, 66, 70, 71, 72, 74, 80, 82, 83, 85, 87], ""energy_bound"": 521, ""root_bound"": 1024, ""crt_primes"": 4, ""arithmetic_burden"": 3898611707904, ""coefficient_bound"": ""1237940039285380274899124224"", ""coupling_multiplicities"": {""3"": 40, ""-1"": 40, ""-2"": 37, ""1"": 39, ""-3"": 27, ""2"": 27}, ""symmetry"": ""not assumed"", ""degree_signature"": [2, 3, 3, 3, 4, 4, 4, 4, 4, 4, 4, 4, 4, 4, 4, 4, 4, 4, 4, 4, 4, 4, 4, 4, 4, 5, 5, 5, 5, 5, 5, 5, 5, 5, 5, 5, 5, 5, 5, 5, 5, 5, 5, 5, 5, 5, 5, 5, 5, 5, 5, 5, 5, 5, 5, 5, 5, 5, 5, 5, 5, 5, 5, 5, 5, 5, 5, 5, 5, 5, 5, 5, 5, 5, 5, 5, 5, 5, 5, 5, 5, 5, 5, 5, 5, 5, 5, 5, 5, 5]}",20657072,"[53052, 53053, 53054, 53055, 53056, 53057, 53059, 53060, 53061, 53062, 53063, 53064, 53065, 53066]","[304, 304, 304, 288, 288, 288, 304, 288, 288, 288, 288, 288, 288, 288]",WARM_SAME_SOURCE,focused
