question_id,source_key,source_hash,graph_hash,source_lineage,ordered_ports_hash,ordered_ports,plan_hash,retained_plan_hash,method,backend_id,worker_topology_id,cache_state,timing_scope,root_batch,root_count,CRT_prime_count,branch_count,retained_width,weighted_entries,estimated_factor_peak_entries,runtime_package_hash,readout_backend,repeat,cost_context,status,map_bytes,worker_pids,participation,worker_preparation_kind,warm_training_eligible,measured_memory_bytes,engine_mode,structural_planning_seconds,source_preparation_seconds,worker_preparation_seconds,modular_gpu_seconds,readout_seconds,crt_reconstruction_seconds,verification_seconds,end_to_end_solve_seconds,process_startup_seconds,verification_hash,PRE_features
07038db5aac24bb7e823e742,N072,2c949e8f79d3db8e94006a1e043cf1865a85042263efe0e3794f0385ac4e8ff4,645ec4b5f11db7d843704080284a94872bc81e317cd1f3a9150949add7913874,N96_INDUCED_TRANSITION_LADDER_V1,f2f991d74dfbb2edf7f4475dcb7d82989de00a71e44bb11d4a6fbb49442577b6,"[0, 1, 2, 3]",0a97dafbbf7cec197eedf4a4e42a4a9c12016d00e6b90bbb1e3d91a527971fce,017641906e7f6fc870196e5ffd95c6cc58471502d4a162f385413926d500bcf0,tie_portfolio,COOP14_MIG_BRANCH_GROUP,1d2a6f95014703ca171206e42701c52355b89dab08ba0a9b72b3d193a3b620d4,COLD,FRESH_EXACT_SOLVE_WITH_INTERNAL_CHECKS_EXCLUDES_EXTERNAL_VERIFICATION,16,512,3,1,13,37446,8192,d5207e6b84fbabee961e83f3860a3bacaca585acd736c092903cacdfff692450,NUMPY_BATCHED_INVERSE_NTT_INTEGER_CRT,0,COMPLETE,OBSERVED_PATTERN,407280,"[52419, 52420, 52421, 52422, 52423, 52424, 52425, 52426, 52427, 52428, 52429, 52430, 52431, 52432]","[112, 112, 128, 80, 80, 80, 64, 80, 128, 128, 144, 144, 128, 128]",COLD_WORKER_INITIALIZATION,False,5459968,focused,1.1244570659473538,0.006868715048767626,12.406772027,0.02309609,0.004651864874176681,0.015115565125823318,0.005233015050180256,12.449768805,0.0,8b777c8d39398abd04cbe8f8f4708678831da85ebdd000cacf07d5dfe9606516,"{""N"": 72, ""source_family"": ""N96_INDUCED_TRANSITION_LADDER_V1"", ""graph_hash"": ""645ec4b5f11db7d843704080284a94872bc81e317cd1f3a9150949add7913874"", ""source_hash"": ""2c949e8f79d3db8e94006a1e043cf1865a85042263efe0e3794f0385ac4e8ff4"", ""edges"": 132, ""degree_min"": 1, ""degree_max"": 5, ""degree_mean"": 3.6666666666666665, ""degree_std"": 0.927960727138337, ""components"": 1, ""component_sizes"": [72], ""max_component"": 72, ""local_assignments"": 4722366482869645213696, ""minfill_width"": 13, ""minfill_work"": 43537, ""minfill_order"": [25, 1, 11, 62, 60, 15, 20, 29, 0, 3, 6, 23, 27, 31, 32, 34, 37, 39, 52, 41, 42, 43, 64, 48, 59, 68, 8, 50, 24, 17, 33, 38, 47, 66, 69, 7, 45, 63, 9, 70, 58, 18, 51, 61, 46, 16, 10, 2, 4, 5, 26, 12, 30, 65, 19, 14, 44, 54, 13, 21, 22, 28, 35, 36, 40, 49, 53, 55, 56, 57, 67, 71], ""energy_bound"": 349, ""root_bound"": 512, ""crt_primes"": 3, ""arithmetic_burden"": 66872832, ""coefficient_bound"": ""4722366482869645213696"", ""coupling_multiplicities"": {""3"": 30, ""-1"": 23, ""-2"": 23, ""1"": 24, ""-3"": 15, ""2"": 17}, ""symmetry"": ""not assumed"", ""degree_signature"": [1, 2, 2, 2, 2, 3, 3, 3, 3, 3, 3, 3, 3, 3, 3, 3, 3, 3, 3, 3, 3, 3, 3, 3, 3, 3, 3, 3, 3, 3, 3, 3, 3, 3, 4, 4, 4, 4, 4, 4, 4, 4, 4, 4, 4, 4, 4, 4, 4, 4, 4, 4, 4, 4, 4, 4, 5, 5, 5, 5, 5, 5, 5, 5, 5, 5, 5, 5, 5, 5, 5, 5]}"
07038db5aac24bb7e823e742,N072,2c949e8f79d3db8e94006a1e043cf1865a85042263efe0e3794f0385ac4e8ff4,645ec4b5f11db7d843704080284a94872bc81e317cd1f3a9150949add7913874,N96_INDUCED_TRANSITION_LADDER_V1,f2f991d74dfbb2edf7f4475dcb7d82989de00a71e44bb11d4a6fbb49442577b6,"[0, 1, 2, 3]",0a97dafbbf7cec197eedf4a4e42a4a9c12016d00e6b90bbb1e3d91a527971fce,017641906e7f6fc870196e5ffd95c6cc58471502d4a162f385413926d500bcf0,tie_portfolio,COOP14_MIG_BRANCH_GROUP,1d2a6f95014703ca171206e42701c52355b89dab08ba0a9b72b3d193a3b620d4,WARM_SAME_SOURCE,FRESH_EXACT_SOLVE_WITH_INTERNAL_CHECKS_EXCLUDES_EXTERNAL_VERIFICATION,16,512,3,1,13,37446,8192,d5207e6b84fbabee961e83f3860a3bacaca585acd736c092903cacdfff692450,NUMPY_BATCHED_INVERSE_NTT_INTEGER_CRT,1,COMPLETE,OBSERVED_PATTERN,407280,"[52419, 52420, 52421, 52422, 52423, 52424, 52425, 52426, 52427, 52428, 52429, 52430, 52431, 52432]","[80, 96, 96, 96, 96, 112, 144, 112, 96, 96, 176, 80, 160, 96]",WARM_SAME_SOURCE,True,5459968,focused,1.1244570659473538,0.006868715048767626,0.053221361,0.018727809,0.0018803859129548073,0.007730949087045193,0.005198265076614916,0.081637483,0.0,8b777c8d39398abd04cbe8f8f4708678831da85ebdd000cacf07d5dfe9606516,"{""N"": 72, ""source_family"": ""N96_INDUCED_TRANSITION_LADDER_V1"", ""graph_hash"": ""645ec4b5f11db7d843704080284a94872bc81e317cd1f3a9150949add7913874"", ""source_hash"": ""2c949e8f79d3db8e94006a1e043cf1865a85042263efe0e3794f0385ac4e8ff4"", ""edges"": 132, ""degree_min"": 1, ""degree_max"": 5, ""degree_mean"": 3.6666666666666665, ""degree_std"": 0.927960727138337, ""components"": 1, ""component_sizes"": [72], ""max_component"": 72, ""local_assignments"": 4722366482869645213696, ""minfill_width"": 13, ""minfill_work"": 43537, ""minfill_order"": [25, 1, 11, 62, 60, 15, 20, 29, 0, 3, 6, 23, 27, 31, 32, 34, 37, 39, 52, 41, 42, 43, 64, 48, 59, 68, 8, 50, 24, 17, 33, 38, 47, 66, 69, 7, 45, 63, 9, 70, 58, 18, 51, 61, 46, 16, 10, 2, 4, 5, 26, 12, 30, 65, 19, 14, 44, 54, 13, 21, 22, 28, 35, 36, 40, 49, 53, 55, 56, 57, 67, 71], ""energy_bound"": 349, ""root_bound"": 512, ""crt_primes"": 3, ""arithmetic_burden"": 66872832, ""coefficient_bound"": ""4722366482869645213696"", ""coupling_multiplicities"": {""3"": 30, ""-1"": 23, ""-2"": 23, ""1"": 24, ""-3"": 15, ""2"": 17}, ""symmetry"": ""not assumed"", ""degree_signature"": [1, 2, 2, 2, 2, 3, 3, 3, 3, 3, 3, 3, 3, 3, 3, 3, 3, 3, 3, 3, 3, 3, 3, 3, 3, 3, 3, 3, 3, 3, 3, 3, 3, 3, 4, 4, 4, 4, 4, 4, 4, 4, 4, 4, 4, 4, 4, 4, 4, 4, 4, 4, 4, 4, 4, 4, 5, 5, 5, 5, 5, 5, 5, 5, 5, 5, 5, 5, 5, 5, 5, 5]}"
07038db5aac24bb7e823e742,N072,2c949e8f79d3db8e94006a1e043cf1865a85042263efe0e3794f0385ac4e8ff4,645ec4b5f11db7d843704080284a94872bc81e317cd1f3a9150949add7913874,N96_INDUCED_TRANSITION_LADDER_V1,f2f991d74dfbb2edf7f4475dcb7d82989de00a71e44bb11d4a6fbb49442577b6,"[0, 1, 2, 3]",0a97dafbbf7cec197eedf4a4e42a4a9c12016d00e6b90bbb1e3d91a527971fce,017641906e7f6fc870196e5ffd95c6cc58471502d4a162f385413926d500bcf0,tie_portfolio,COOP14_MIG_BRANCH_GROUP,1d2a6f95014703ca171206e42701c52355b89dab08ba0a9b72b3d193a3b620d4,WARM_SAME_SOURCE,FRESH_EXACT_SOLVE_WITH_INTERNAL_CHECKS_EXCLUDES_EXTERNAL_VERIFICATION,16,512,3,1,13,37446,8192,d5207e6b84fbabee961e83f3860a3bacaca585acd736c092903cacdfff692450,NUMPY_BATCHED_INVERSE_NTT_INTEGER_CRT,2,COMPLETE,OBSERVED_PATTERN,407280,"[52419, 52420, 52421, 52422, 52423, 52424, 52425, 52426, 52427, 52428, 52429, 52430, 52431, 52432]","[80, 176, 80, 128, 192, 80, 80, 80, 128, 112, 80, 128, 112, 80]",WARM_SAME_SOURCE,True,5459968,focused,1.1244570659473538,0.006868715048767626,0.060579087,0.021110086,0.003318689181469381,0.012160858818530618,0.005447251023724675,0.097292079,0.0,8b777c8d39398abd04cbe8f8f4708678831da85ebdd000cacf07d5dfe9606516,"{""N"": 72, ""source_family"": ""N96_INDUCED_TRANSITION_LADDER_V1"", ""graph_hash"": ""645ec4b5f11db7d843704080284a94872bc81e317cd1f3a9150949add7913874"", ""source_hash"": ""2c949e8f79d3db8e94006a1e043cf1865a85042263efe0e3794f0385ac4e8ff4"", ""edges"": 132, ""degree_min"": 1, ""degree_max"": 5, ""degree_mean"": 3.6666666666666665, ""degree_std"": 0.927960727138337, ""components"": 1, ""component_sizes"": [72], ""max_component"": 72, ""local_assignments"": 4722366482869645213696, ""minfill_width"": 13, ""minfill_work"": 43537, ""minfill_order"": [25, 1, 11, 62, 60, 15, 20, 29, 0, 3, 6, 23, 27, 31, 32, 34, 37, 39, 52, 41, 42, 43, 64, 48, 59, 68, 8, 50, 24, 17, 33, 38, 47, 66, 69, 7, 45, 63, 9, 70, 58, 18, 51, 61, 46, 16, 10, 2, 4, 5, 26, 12, 30, 65, 19, 14, 44, 54, 13, 21, 22, 28, 35, 36, 40, 49, 53, 55, 56, 57, 67, 71], ""energy_bound"": 349, ""root_bound"": 512, ""crt_primes"": 3, ""arithmetic_burden"": 66872832, ""coefficient_bound"": ""4722366482869645213696"", ""coupling_multiplicities"": {""3"": 30, ""-1"": 23, ""-2"": 23, ""1"": 24, ""-3"": 15, ""2"": 17}, ""symmetry"": ""not assumed"", ""degree_signature"": [1, 2, 2, 2, 2, 3, 3, 3, 3, 3, 3, 3, 3, 3, 3, 3, 3, 3, 3, 3, 3, 3, 3, 3, 3, 3, 3, 3, 3, 3, 3, 3, 3, 3, 4, 4, 4, 4, 4, 4, 4, 4, 4, 4, 4, 4, 4, 4, 4, 4, 4, 4, 4, 4, 4, 4, 5, 5, 5, 5, 5, 5, 5, 5, 5, 5, 5, 5, 5, 5, 5, 5]}"
07038db5aac24bb7e823e742,N072,2c949e8f79d3db8e94006a1e043cf1865a85042263efe0e3794f0385ac4e8ff4,645ec4b5f11db7d843704080284a94872bc81e317cd1f3a9150949add7913874,N96_INDUCED_TRANSITION_LADDER_V1,f2f991d74dfbb2edf7f4475dcb7d82989de00a71e44bb11d4a6fbb49442577b6,"[0, 1, 2, 3]",0a97dafbbf7cec197eedf4a4e42a4a9c12016d00e6b90bbb1e3d91a527971fce,017641906e7f6fc870196e5ffd95c6cc58471502d4a162f385413926d500bcf0,tie_portfolio,COOP14_MIG_BRANCH_GROUP,1d2a6f95014703ca171206e42701c52355b89dab08ba0a9b72b3d193a3b620d4,WARM_SAME_SOURCE,FRESH_EXACT_SOLVE_WITH_INTERNAL_CHECKS_EXCLUDES_EXTERNAL_VERIFICATION,16,512,3,1,13,37446,8192,d5207e6b84fbabee961e83f3860a3bacaca585acd736c092903cacdfff692450,NUMPY_BATCHED_INVERSE_NTT_INTEGER_CRT,3,COMPLETE,OBSERVED_PATTERN,407280,"[52419, 52420, 52421, 52422, 52423, 52424, 52425, 52426, 52427, 52428, 52429, 52430, 52431, 52432]","[144, 96, 96, 112, 160, 128, 80, 64, 176, 64, 144, 96, 96, 80]",WARM_SAME_SOURCE,True,5459968,focused,1.1244570659473538,0.006868715048767626,0.078354494,0.02137664,0.0034154088934883475,0.012200117106511652,0.005052878055721521,0.115476868,0.0,8b777c8d39398abd04cbe8f8f4708678831da85ebdd000cacf07d5dfe9606516,"{""N"": 72, ""source_family"": ""N96_INDUCED_TRANSITION_LADDER_V1"", ""graph_hash"": ""645ec4b5f11db7d843704080284a94872bc81e317cd1f3a9150949add7913874"", ""source_hash"": ""2c949e8f79d3db8e94006a1e043cf1865a85042263efe0e3794f0385ac4e8ff4"", ""edges"": 132, ""degree_min"": 1, ""degree_max"": 5, ""degree_mean"": 3.6666666666666665, ""degree_std"": 0.927960727138337, ""components"": 1, ""component_sizes"": [72], ""max_component"": 72, ""local_assignments"": 4722366482869645213696, ""minfill_width"": 13, ""minfill_work"": 43537, ""minfill_order"": [25, 1, 11, 62, 60, 15, 20, 29, 0, 3, 6, 23, 27, 31, 32, 34, 37, 39, 52, 41, 42, 43, 64, 48, 59, 68, 8, 50, 24, 17, 33, 38, 47, 66, 69, 7, 45, 63, 9, 70, 58, 18, 51, 61, 46, 16, 10, 2, 4, 5, 26, 12, 30, 65, 19, 14, 44, 54, 13, 21, 22, 28, 35, 36, 40, 49, 53, 55, 56, 57, 67, 71], ""energy_bound"": 349, ""root_bound"": 512, ""crt_primes"": 3, ""arithmetic_burden"": 66872832, ""coefficient_bound"": ""4722366482869645213696"", ""coupling_multiplicities"": {""3"": 30, ""-1"": 23, ""-2"": 23, ""1"": 24, ""-3"": 15, ""2"": 17}, ""symmetry"": ""not assumed"", ""degree_signature"": [1, 2, 2, 2, 2, 3, 3, 3, 3, 3, 3, 3, 3, 3, 3, 3, 3, 3, 3, 3, 3, 3, 3, 3, 3, 3, 3, 3, 3, 3, 3, 3, 3, 3, 4, 4, 4, 4, 4, 4, 4, 4, 4, 4, 4, 4, 4, 4, 4, 4, 4, 4, 4, 4, 4, 4, 5, 5, 5, 5, 5, 5, 5, 5, 5, 5, 5, 5, 5, 5, 5, 5]}"
9dde4ca1719442aae86d0d44,N084,a9276261b491353b7a97dfe6fa8053ce22f644b61fc21d0b3c8e160a13727b0c,87e50f929aae0668d5104e5418201bb1a55e05f9990e161d8608b4272056b2f4,N96_INDUCED_TRANSITION_LADDER_V1,f2f991d74dfbb2edf7f4475dcb7d82989de00a71e44bb11d4a6fbb49442577b6,"[0, 1, 2, 3]",df459afe4918c4a5d2601a5fc00975c11aee6d4fd21a1ef6c4aa65578eb9404b,9f27ccc3889c6e14860e169491c096f1b7f9264d9e9daa25ad5d912e43e99648,expanded_portfolio,COOP14_MIG_BRANCH_GROUP,1d2a6f95014703ca171206e42701c52355b89dab08ba0a9b72b3d193a3b620d4,COLD,FRESH_EXACT_SOLVE_WITH_INTERNAL_CHECKS_EXCLUDES_EXTERNAL_VERIFICATION,16,512,3,8,16,4066208,65536,d5207e6b84fbabee961e83f3860a3bacaca585acd736c092903cacdfff692450,NUMPY_BATCHED_INVERSE_NTT_INTEGER_CRT,0,COMPLETE,OBSERVED_PATTERN,5424144,"[52752, 52753, 52754, 52755, 52756, 52757, 52758, 52759, 52760, 52761, 52762, 52763, 52764, 52765]","[112, 112, 112, 96, 112, 96, 128, 112, 96, 112, 112, 96, 112, 128]",COLD_WORKER_INITIALIZATION,False,72135680,focused,2.756655086996034,0.017388643929734826,9.943080196,0.099829443,0.005019298056140542,0.04159166294385946,0.006387953995727003,10.089637768,0.0,c3fd9c86bbc441f4e170d8c75189db0f271a4aaaaefeffffee315ea3b0aa0401,"{""N"": 84, ""source_family"": ""N96_INDUCED_TRANSITION_LADDER_V1"", ""graph_hash"": ""87e50f929aae0668d5104e5418201bb1a55e05f9990e161d8608b4272056b2f4"", ""source_hash"": ""a9276261b491353b7a97dfe6fa8053ce22f644b61fc21d0b3c8e160a13727b0c"", ""edges"": 183, ""degree_min"": 2, ""degree_max"": 5, ""degree_mean"": 4.357142857142857, ""degree_std"": 0.7342449497671083, ""components"": 1, ""component_sizes"": [84], ""max_component"": 84, ""local_assignments"": 19342813113834066795298816, ""minfill_width"": 22, ""minfill_work"": 15123219, ""minfill_order"": [60, 15, 20, 0, 6, 12, 32, 41, 51, 59, 64, 50, 34, 62, 11, 76, 82, 24, 3, 25, 33, 38, 48, 63, 67, 39, 8, 16, 47, 68, 19, 56, 37, 69, 55, 65, 7, 43, 2, 52, 40, 66, 17, 77, 22, 58, 72, 79, 42, 9, 61, 75, 10, 73, 78, 27, 74, 46, 57, 35, 36, 1, 4, 5, 13, 14, 18, 21, 23, 26, 28, 29, 30, 31, 44, 45, 49, 53, 54, 70, 71, 80, 81, 83], ""energy_bound"": 460, ""root_bound"": 512, ""crt_primes"": 3, ""arithmetic_burden"": 23229264384, ""coefficient_bound"": ""19342813113834066795298816"", ""coupling_multiplicities"": {""3"": 34, ""-1"": 35, ""-2"": 32, ""1"": 34, ""-3"": 24, ""2"": 24}, ""symmetry"": ""not assumed"", ""degree_signature"": [2, 3, 3, 3, 3, 3, 3, 3, 3, 3, 3, 4, 4, 4, 4, 4, 4, 4, 4, 4, 4, 4, 4, 4, 4, 4, 4, 4, 4, 4, 4, 4, 4, 4, 4, 4, 4, 4, 4, 4, 4, 4, 5, 5, 5, 5, 5, 5, 5, 5, 5, 5, 5, 5, 5, 5, 5, 5, 5, 5, 5, 5, 5, 5, 5, 5, 5, 5, 5, 5, 5, 5, 5, 5, 5, 5, 5, 5, 5, 5, 5, 5, 5, 5]}"
9dde4ca1719442aae86d0d44,N084,a9276261b491353b7a97dfe6fa8053ce22f644b61fc21d0b3c8e160a13727b0c,87e50f929aae0668d5104e5418201bb1a55e05f9990e161d8608b4272056b2f4,N96_INDUCED_TRANSITION_LADDER_V1,f2f991d74dfbb2edf7f4475dcb7d82989de00a71e44bb11d4a6fbb49442577b6,"[0, 1, 2, 3]",df459afe4918c4a5d2601a5fc00975c11aee6d4fd21a1ef6c4aa65578eb9404b,9f27ccc3889c6e14860e169491c096f1b7f9264d9e9daa25ad5d912e43e99648,expanded_portfolio,COOP14_MIG_BRANCH_GROUP,1d2a6f95014703ca171206e42701c52355b89dab08ba0a9b72b3d193a3b620d4,WARM_SAME_SOURCE,FRESH_EXACT_SOLVE_WITH_INTERNAL_CHECKS_EXCLUDES_EXTERNAL_VERIFICATION,16,512,3,8,16,4066208,65536,d5207e6b84fbabee961e83f3860a3bacaca585acd736c092903cacdfff692450,NUMPY_BATCHED_INVERSE_NTT_INTEGER_CRT,1,COMPLETE,OBSERVED_PATTERN,5424144,"[52752, 52753, 52754, 52755, 52756, 52757, 52758, 52759, 52760, 52761, 52762, 52763, 52764, 52765]","[112, 112, 112, 112, 112, 96, 112, 112, 96, 112, 112, 112, 112, 112]",WARM_SAME_SOURCE,True,72135680,focused,2.756655086996034,0.017388643929734826,0.255524847,0.089185186,0.00477193295955658,0.02869194804044342,0.006994882016442716,0.37840726,0.0,c3fd9c86bbc441f4e170d8c75189db0f271a4aaaaefeffffee315ea3b0aa0401,"{""N"": 84, ""source_family"": ""N96_INDUCED_TRANSITION_LADDER_V1"", ""graph_hash"": ""87e50f929aae0668d5104e5418201bb1a55e05f9990e161d8608b4272056b2f4"", ""source_hash"": ""a9276261b491353b7a97dfe6fa8053ce22f644b61fc21d0b3c8e160a13727b0c"", ""edges"": 183, ""degree_min"": 2, ""degree_max"": 5, ""degree_mean"": 4.357142857142857, ""degree_std"": 0.7342449497671083, ""components"": 1, ""component_sizes"": [84], ""max_component"": 84, ""local_assignments"": 19342813113834066795298816, ""minfill_width"": 22, ""minfill_work"": 15123219, ""minfill_order"": [60, 15, 20, 0, 6, 12, 32, 41, 51, 59, 64, 50, 34, 62, 11, 76, 82, 24, 3, 25, 33, 38, 48, 63, 67, 39, 8, 16, 47, 68, 19, 56, 37, 69, 55, 65, 7, 43, 2, 52, 40, 66, 17, 77, 22, 58, 72, 79, 42, 9, 61, 75, 10, 73, 78, 27, 74, 46, 57, 35, 36, 1, 4, 5, 13, 14, 18, 21, 23, 26, 28, 29, 30, 31, 44, 45, 49, 53, 54, 70, 71, 80, 81, 83], ""energy_bound"": 460, ""root_bound"": 512, ""crt_primes"": 3, ""arithmetic_burden"": 23229264384, ""coefficient_bound"": ""19342813113834066795298816"", ""coupling_multiplicities"": {""3"": 34, ""-1"": 35, ""-2"": 32, ""1"": 34, ""-3"": 24, ""2"": 24}, ""symmetry"": ""not assumed"", ""degree_signature"": [2, 3, 3, 3, 3, 3, 3, 3, 3, 3, 3, 4, 4, 4, 4, 4, 4, 4, 4, 4, 4, 4, 4, 4, 4, 4, 4, 4, 4, 4, 4, 4, 4, 4, 4, 4, 4, 4, 4, 4, 4, 4, 5, 5, 5, 5, 5, 5, 5, 5, 5, 5, 5, 5, 5, 5, 5, 5, 5, 5, 5, 5, 5, 5, 5, 5, 5, 5, 5, 5, 5, 5, 5, 5, 5, 5, 5, 5, 5, 5, 5, 5, 5, 5]}"
9dde4ca1719442aae86d0d44,N084,a9276261b491353b7a97dfe6fa8053ce22f644b61fc21d0b3c8e160a13727b0c,87e50f929aae0668d5104e5418201bb1a55e05f9990e161d8608b4272056b2f4,N96_INDUCED_TRANSITION_LADDER_V1,f2f991d74dfbb2edf7f4475dcb7d82989de00a71e44bb11d4a6fbb49442577b6,"[0, 1, 2, 3]",df459afe4918c4a5d2601a5fc00975c11aee6d4fd21a1ef6c4aa65578eb9404b,9f27ccc3889c6e14860e169491c096f1b7f9264d9e9daa25ad5d912e43e99648,expanded_portfolio,COOP14_MIG_BRANCH_GROUP,1d2a6f95014703ca171206e42701c52355b89dab08ba0a9b72b3d193a3b620d4,WARM_SAME_SOURCE,FRESH_EXACT_SOLVE_WITH_INTERNAL_CHECKS_EXCLUDES_EXTERNAL_VERIFICATION,16,512,3,8,16,4066208,65536,d5207e6b84fbabee961e83f3860a3bacaca585acd736c092903cacdfff692450,NUMPY_BATCHED_INVERSE_NTT_INTEGER_CRT,2,COMPLETE,OBSERVED_PATTERN,5424144,"[52752, 52753, 52754, 52755, 52756, 52757, 52758, 52759, 52760, 52761, 52762, 52763, 52764, 52765]","[112, 112, 112, 112, 112, 96, 96, 112, 112, 112, 112, 112, 112, 112]",WARM_SAME_SOURCE,True,72135680,focused,2.756655086996034,0.017388643929734826,0.226013704,0.090892155,0.004704055027104914,0.019051382972895086,0.006277475971728563,0.340809184,0.0,c3fd9c86bbc441f4e170d8c75189db0f271a4aaaaefeffffee315ea3b0aa0401,"{""N"": 84, ""source_family"": ""N96_INDUCED_TRANSITION_LADDER_V1"", ""graph_hash"": ""87e50f929aae0668d5104e5418201bb1a55e05f9990e161d8608b4272056b2f4"", ""source_hash"": ""a9276261b491353b7a97dfe6fa8053ce22f644b61fc21d0b3c8e160a13727b0c"", ""edges"": 183, ""degree_min"": 2, ""degree_max"": 5, ""degree_mean"": 4.357142857142857, ""degree_std"": 0.7342449497671083, ""components"": 1, ""component_sizes"": [84], ""max_component"": 84, ""local_assignments"": 19342813113834066795298816, ""minfill_width"": 22, ""minfill_work"": 15123219, ""minfill_order"": [60, 15, 20, 0, 6, 12, 32, 41, 51, 59, 64, 50, 34, 62, 11, 76, 82, 24, 3, 25, 33, 38, 48, 63, 67, 39, 8, 16, 47, 68, 19, 56, 37, 69, 55, 65, 7, 43, 2, 52, 40, 66, 17, 77, 22, 58, 72, 79, 42, 9, 61, 75, 10, 73, 78, 27, 74, 46, 57, 35, 36, 1, 4, 5, 13, 14, 18, 21, 23, 26, 28, 29, 30, 31, 44, 45, 49, 53, 54, 70, 71, 80, 81, 83], ""energy_bound"": 460, ""root_bound"": 512, ""crt_primes"": 3, ""arithmetic_burden"": 23229264384, ""coefficient_bound"": ""19342813113834066795298816"", ""coupling_multiplicities"": {""3"": 34, ""-1"": 35, ""-2"": 32, ""1"": 34, ""-3"": 24, ""2"": 24}, ""symmetry"": ""not assumed"", ""degree_signature"": [2, 3, 3, 3, 3, 3, 3, 3, 3, 3, 3, 4, 4, 4, 4, 4, 4, 4, 4, 4, 4, 4, 4, 4, 4, 4, 4, 4, 4, 4, 4, 4, 4, 4, 4, 4, 4, 4, 4, 4, 4, 4, 5, 5, 5, 5, 5, 5, 5, 5, 5, 5, 5, 5, 5, 5, 5, 5, 5, 5, 5, 5, 5, 5, 5, 5, 5, 5, 5, 5, 5, 5, 5, 5, 5, 5, 5, 5, 5, 5, 5, 5, 5, 5]}"
9dde4ca1719442aae86d0d44,N084,a9276261b491353b7a97dfe6fa8053ce22f644b61fc21d0b3c8e160a13727b0c,87e50f929aae0668d5104e5418201bb1a55e05f9990e161d8608b4272056b2f4,N96_INDUCED_TRANSITION_LADDER_V1,f2f991d74dfbb2edf7f4475dcb7d82989de00a71e44bb11d4a6fbb49442577b6,"[0, 1, 2, 3]",df459afe4918c4a5d2601a5fc00975c11aee6d4fd21a1ef6c4aa65578eb9404b,9f27ccc3889c6e14860e169491c096f1b7f9264d9e9daa25ad5d912e43e99648,expanded_portfolio,COOP14_MIG_BRANCH_GROUP,1d2a6f95014703ca171206e42701c52355b89dab08ba0a9b72b3d193a3b620d4,WARM_SAME_SOURCE,FRESH_EXACT_SOLVE_WITH_INTERNAL_CHECKS_EXCLUDES_EXTERNAL_VERIFICATION,16,512,3,8,16,4066208,65536,d5207e6b84fbabee961e83f3860a3bacaca585acd736c092903cacdfff692450,NUMPY_BATCHED_INVERSE_NTT_INTEGER_CRT,3,COMPLETE,OBSERVED_PATTERN,5424144,"[52752, 52753, 52754, 52755, 52756, 52757, 52758, 52759, 52760, 52761, 52762, 52763, 52764, 52765]","[112, 112, 112, 112, 112, 96, 112, 96, 112, 112, 112, 112, 112, 112]",WARM_SAME_SOURCE,True,72135680,focused,2.756655086996034,0.017388643929734826,0.235665739,0.088775814,0.004749964107759297,0.019931505892240704,0.007053342065773904,0.34928297,0.0,c3fd9c86bbc441f4e170d8c75189db0f271a4aaaaefeffffee315ea3b0aa0401,"{""N"": 84, ""source_family"": ""N96_INDUCED_TRANSITION_LADDER_V1"", ""graph_hash"": ""87e50f929aae0668d5104e5418201bb1a55e05f9990e161d8608b4272056b2f4"", ""source_hash"": ""a9276261b491353b7a97dfe6fa8053ce22f644b61fc21d0b3c8e160a13727b0c"", ""edges"": 183, ""degree_min"": 2, ""degree_max"": 5, ""degree_mean"": 4.357142857142857, ""degree_std"": 0.7342449497671083, ""components"": 1, ""component_sizes"": [84], ""max_component"": 84, ""local_assignments"": 19342813113834066795298816, ""minfill_width"": 22, ""minfill_work"": 15123219, ""minfill_order"": [60, 15, 20, 0, 6, 12, 32, 41, 51, 59, 64, 50, 34, 62, 11, 76, 82, 24, 3, 25, 33, 38, 48, 63, 67, 39, 8, 16, 47, 68, 19, 56, 37, 69, 55, 65, 7, 43, 2, 52, 40, 66, 17, 77, 22, 58, 72, 79, 42, 9, 61, 75, 10, 73, 78, 27, 74, 46, 57, 35, 36, 1, 4, 5, 13, 14, 18, 21, 23, 26, 28, 29, 30, 31, 44, 45, 49, 53, 54, 70, 71, 80, 81, 83], ""energy_bound"": 460, ""root_bound"": 512, ""crt_primes"": 3, ""arithmetic_burden"": 23229264384, ""coefficient_bound"": ""19342813113834066795298816"", ""coupling_multiplicities"": {""3"": 34, ""-1"": 35, ""-2"": 32, ""1"": 34, ""-3"": 24, ""2"": 24}, ""symmetry"": ""not assumed"", ""degree_signature"": [2, 3, 3, 3, 3, 3, 3, 3, 3, 3, 3, 4, 4, 4, 4, 4, 4, 4, 4, 4, 4, 4, 4, 4, 4, 4, 4, 4, 4, 4, 4, 4, 4, 4, 4, 4, 4, 4, 4, 4, 4, 4, 5, 5, 5, 5, 5, 5, 5, 5, 5, 5, 5, 5, 5, 5, 5, 5, 5, 5, 5, 5, 5, 5, 5, 5, 5, 5, 5, 5, 5, 5, 5, 5, 5, 5, 5, 5, 5, 5, 5, 5, 5, 5]}"
197cc0f45f3d045624685aed,N090,6b3e60db691983154e059577c5a5e4ad912c1b3e9347d81507a90c49fe59e463,6eb160420fa48047e1e8b134dd33e3fd7cdf46a24a92f216b327b4e2515fa9fd,N96_INDUCED_TRANSITION_LADDER_V1,f2f991d74dfbb2edf7f4475dcb7d82989de00a71e44bb11d4a6fbb49442577b6,"[0, 1, 2, 3]",d0fbd9c30f0ddd4afca8c2fad3d9e2eca42d5ea75dcaf6641a37b6d3f5ad0783,85b855a31f767bfadf02a46d1eb9145d05754020437aca5ef6718b99130d4602,fresh_min_fill,COOP14_MIG_BRANCH_GROUP,1d2a6f95014703ca171206e42701c52355b89dab08ba0a9b72b3d193a3b620d4,COLD,FRESH_EXACT_SOLVE_WITH_INTERNAL_CHECKS_EXCLUDES_EXTERNAL_VERIFICATION,16,1024,4,32,18,58879232,262144,d5207e6b84fbabee961e83f3860a3bacaca585acd736c092903cacdfff692450,NUMPY_BATCHED_INVERSE_NTT_INTEGER_CRT,0,COMPLETE,OBSERVED_PATTERN,20657072,"[53052, 53053, 53054, 53055, 53056, 53057, 53059, 53060, 53061, 53062, 53063, 53064, 53065, 53066]","[288, 304, 288, 288, 288, 288, 288, 288, 304, 288, 288, 304, 288, 304]",COLD_WORKER_INITIALIZATION,False,262880768,focused,0.0004215630469843745,0.06996255600824952,10.453887706,1.051773739,0.009378057904541492,0.02267184809545851,0.008220749907195568,11.537881498,0.0,9c0fa4186a9acf3cbe491cac1da1a4dbb77efe64bb7917685fcdf0426acfd661,"{""N"": 90, ""source_family"": ""N96_INDUCED_TRANSITION_LADDER_V1"", ""graph_hash"": ""6eb160420fa48047e1e8b134dd33e3fd7cdf46a24a92f216b327b4e2515fa9fd"", ""source_hash"": ""6b3e60db691983154e059577c5a5e4ad912c1b3e9347d81507a90c49fe59e463"", ""edges"": 210, ""degree_min"": 2, ""degree_max"": 5, ""degree_mean"": 4.666666666666667, ""degree_std"": 0.5962847939999439, ""components"": 1, ""component_sizes"": [90], ""max_component"": 90, ""local_assignments"": 1237940039285380274899124224, ""minfill_width"": 28, ""minfill_work"": 951809499, ""minfill_order"": [60, 0, 20, 41, 15, 16, 34, 3, 12, 22, 25, 33, 48, 51, 59, 67, 81, 50, 68, 77, 11, 14, 23, 39, 63, 76, 78, 32, 6, 8, 38, 37, 4, 42, 61, 79, 52, 58, 31, 47, 84, 19, 73, 13, 17, 29, 55, 7, 89, 62, 9, 40, 2, 86, 10, 88, 46, 30, 75, 36, 69, 1, 5, 18, 21, 24, 26, 27, 28, 35, 43, 44, 45, 49, 53, 54, 56, 57, 64, 65, 66, 70, 71, 72, 74, 80, 82, 83, 85, 87], ""energy_bound"": 521, ""root_bound"": 1024, ""crt_primes"": 4, ""arithmetic_burden"": 3898611707904, ""coefficient_bound"": ""1237940039285380274899124224"", ""coupling_multiplicities"": {""3"": 40, ""-1"": 40, ""-2"": 37, ""1"": 39, ""-3"": 27, ""2"": 27}, ""symmetry"": ""not assumed"", ""degree_signature"": [2, 3, 3, 3, 4, 4, 4, 4, 4, 4, 4, 4, 4, 4, 4, 4, 4, 4, 4, 4, 4, 4, 4, 4, 4, 5, 5, 5, 5, 5, 5, 5, 5, 5, 5, 5, 5, 5, 5, 5, 5, 5, 5, 5, 5, 5, 5, 5, 5, 5, 5, 5, 5, 5, 5, 5, 5, 5, 5, 5, 5, 5, 5, 5, 5, 5, 5, 5, 5, 5, 5, 5, 5, 5, 5, 5, 5, 5, 5, 5, 5, 5, 5, 5, 5, 5, 5, 5, 5, 5]}"
197cc0f45f3d045624685aed,N090,6b3e60db691983154e059577c5a5e4ad912c1b3e9347d81507a90c49fe59e463,6eb160420fa48047e1e8b134dd33e3fd7cdf46a24a92f216b327b4e2515fa9fd,N96_INDUCED_TRANSITION_LADDER_V1,f2f991d74dfbb2edf7f4475dcb7d82989de00a71e44bb11d4a6fbb49442577b6,"[0, 1, 2, 3]",d0fbd9c30f0ddd4afca8c2fad3d9e2eca42d5ea75dcaf6641a37b6d3f5ad0783,85b855a31f767bfadf02a46d1eb9145d05754020437aca5ef6718b99130d4602,fresh_min_fill,COOP14_MIG_BRANCH_GROUP,1d2a6f95014703ca171206e42701c52355b89dab08ba0a9b72b3d193a3b620d4,WARM_SAME_SOURCE,FRESH_EXACT_SOLVE_WITH_INTERNAL_CHECKS_EXCLUDES_EXTERNAL_VERIFICATION,16,1024,4,32,18,58879232,262144,d5207e6b84fbabee961e83f3860a3bacaca585acd736c092903cacdfff692450,NUMPY_BATCHED_INVERSE_NTT_INTEGER_CRT,1,COMPLETE,OBSERVED_PATTERN,20657072,"[53052, 53053, 53054, 53055, 53056, 53057, 53059, 53060, 53061, 53062, 53063, 53064, 53065, 53066]","[304, 288, 288, 304, 288, 304, 288, 288, 288, 288, 288, 304, 288, 288]",WARM_SAME_SOURCE,True,262880768,focused,0.0004215630469843745,0.06996255600824952,0.706897619,1.039831857,0.005538259167224169,0.01449592583277583,0.021443499019369483,1.766909158,0.0,9c0fa4186a9acf3cbe491cac1da1a4dbb77efe64bb7917685fcdf0426acfd661,"{""N"": 90, ""source_family"": ""N96_INDUCED_TRANSITION_LADDER_V1"", ""graph_hash"": ""6eb160420fa48047e1e8b134dd33e3fd7cdf46a24a92f216b327b4e2515fa9fd"", ""source_hash"": ""6b3e60db691983154e059577c5a5e4ad912c1b3e9347d81507a90c49fe59e463"", ""edges"": 210, ""degree_min"": 2, ""degree_max"": 5, ""degree_mean"": 4.666666666666667, ""degree_std"": 0.5962847939999439, ""components"": 1, ""component_sizes"": [90], ""max_component"": 90, ""local_assignments"": 1237940039285380274899124224, ""minfill_width"": 28, ""minfill_work"": 951809499, ""minfill_order"": [60, 0, 20, 41, 15, 16, 34, 3, 12, 22, 25, 33, 48, 51, 59, 67, 81, 50, 68, 77, 11, 14, 23, 39, 63, 76, 78, 32, 6, 8, 38, 37, 4, 42, 61, 79, 52, 58, 31, 47, 84, 19, 73, 13, 17, 29, 55, 7, 89, 62, 9, 40, 2, 86, 10, 88, 46, 30, 75, 36, 69, 1, 5, 18, 21, 24, 26, 27, 28, 35, 43, 44, 45, 49, 53, 54, 56, 57, 64, 65, 66, 70, 71, 72, 74, 80, 82, 83, 85, 87], ""energy_bound"": 521, ""root_bound"": 1024, ""crt_primes"": 4, ""arithmetic_burden"": 3898611707904, ""coefficient_bound"": ""1237940039285380274899124224"", ""coupling_multiplicities"": {""3"": 40, ""-1"": 40, ""-2"": 37, ""1"": 39, ""-3"": 27, ""2"": 27}, ""symmetry"": ""not assumed"", ""degree_signature"": [2, 3, 3, 3, 4, 4, 4, 4, 4, 4, 4, 4, 4, 4, 4, 4, 4, 4, 4, 4, 4, 4, 4, 4, 4, 5, 5, 5, 5, 5, 5, 5, 5, 5, 5, 5, 5, 5, 5, 5, 5, 5, 5, 5, 5, 5, 5, 5, 5, 5, 5, 5, 5, 5, 5, 5, 5, 5, 5, 5, 5, 5, 5, 5, 5, 5, 5, 5, 5, 5, 5, 5, 5, 5, 5, 5, 5, 5, 5, 5, 5, 5, 5, 5, 5, 5, 5, 5, 5, 5]}"
197cc0f45f3d045624685aed,N090,6b3e60db691983154e059577c5a5e4ad912c1b3e9347d81507a90c49fe59e463,6eb160420fa48047e1e8b134dd33e3fd7cdf46a24a92f216b327b4e2515fa9fd,N96_INDUCED_TRANSITION_LADDER_V1,f2f991d74dfbb2edf7f4475dcb7d82989de00a71e44bb11d4a6fbb49442577b6,"[0, 1, 2, 3]",d0fbd9c30f0ddd4afca8c2fad3d9e2eca42d5ea75dcaf6641a37b6d3f5ad0783,85b855a31f767bfadf02a46d1eb9145d05754020437aca5ef6718b99130d4602,fresh_min_fill,COOP14_MIG_BRANCH_GROUP,1d2a6f95014703ca171206e42701c52355b89dab08ba0a9b72b3d193a3b620d4,WARM_SAME_SOURCE,FRESH_EXACT_SOLVE_WITH_INTERNAL_CHECKS_EXCLUDES_EXTERNAL_VERIFICATION,16,1024,4,32,18,58879232,262144,d5207e6b84fbabee961e83f3860a3bacaca585acd736c092903cacdfff692450,NUMPY_BATCHED_INVERSE_NTT_INTEGER_CRT,2,COMPLETE,OBSERVED_PATTERN,20657072,"[53052, 53053, 53054, 53055, 53056, 53057, 53059, 53060, 53061, 53062, 53063, 53064, 53065, 53066]","[304, 288, 304, 304, 288, 288, 288, 288, 288, 288, 288, 288, 304, 288]",WARM_SAME_SOURCE,True,262880768,focused,0.0004215630469843745,0.06996255600824952,0.699828878,1.041565305,0.012924913899041712,0.03039719710095829,0.00807968305889517,1.78494183,0.0,9c0fa4186a9acf3cbe491cac1da1a4dbb77efe64bb7917685fcdf0426acfd661,"{""N"": 90, ""source_family"": ""N96_INDUCED_TRANSITION_LADDER_V1"", ""graph_hash"": ""6eb160420fa48047e1e8b134dd33e3fd7cdf46a24a92f216b327b4e2515fa9fd"", ""source_hash"": ""6b3e60db691983154e059577c5a5e4ad912c1b3e9347d81507a90c49fe59e463"", ""edges"": 210, ""degree_min"": 2, ""degree_max"": 5, ""degree_mean"": 4.666666666666667, ""degree_std"": 0.5962847939999439, ""components"": 1, ""component_sizes"": [90], ""max_component"": 90, ""local_assignments"": 1237940039285380274899124224, ""minfill_width"": 28, ""minfill_work"": 951809499, ""minfill_order"": [60, 0, 20, 41, 15, 16, 34, 3, 12, 22, 25, 33, 48, 51, 59, 67, 81, 50, 68, 77, 11, 14, 23, 39, 63, 76, 78, 32, 6, 8, 38, 37, 4, 42, 61, 79, 52, 58, 31, 47, 84, 19, 73, 13, 17, 29, 55, 7, 89, 62, 9, 40, 2, 86, 10, 88, 46, 30, 75, 36, 69, 1, 5, 18, 21, 24, 26, 27, 28, 35, 43, 44, 45, 49, 53, 54, 56, 57, 64, 65, 66, 70, 71, 72, 74, 80, 82, 83, 85, 87], ""energy_bound"": 521, ""root_bound"": 1024, ""crt_primes"": 4, ""arithmetic_burden"": 3898611707904, ""coefficient_bound"": ""1237940039285380274899124224"", ""coupling_multiplicities"": {""3"": 40, ""-1"": 40, ""-2"": 37, ""1"": 39, ""-3"": 27, ""2"": 27}, ""symmetry"": ""not assumed"", ""degree_signature"": [2, 3, 3, 3, 4, 4, 4, 4, 4, 4, 4, 4, 4, 4, 4, 4, 4, 4, 4, 4, 4, 4, 4, 4, 4, 5, 5, 5, 5, 5, 5, 5, 5, 5, 5, 5, 5, 5, 5, 5, 5, 5, 5, 5, 5, 5, 5, 5, 5, 5, 5, 5, 5, 5, 5, 5, 5, 5, 5, 5, 5, 5, 5, 5, 5, 5, 5, 5, 5, 5, 5, 5, 5, 5, 5, 5, 5, 5, 5, 5, 5, 5, 5, 5, 5, 5, 5, 5, 5, 5]}"
197cc0f45f3d045624685aed,N090,6b3e60db691983154e059577c5a5e4ad912c1b3e9347d81507a90c49fe59e463,6eb160420fa48047e1e8b134dd33e3fd7cdf46a24a92f216b327b4e2515fa9fd,N96_INDUCED_TRANSITION_LADDER_V1,f2f991d74dfbb2edf7f4475dcb7d82989de00a71e44bb11d4a6fbb49442577b6,"[0, 1, 2, 3]",d0fbd9c30f0ddd4afca8c2fad3d9e2eca42d5ea75dcaf6641a37b6d3f5ad0783,85b855a31f767bfadf02a46d1eb9145d05754020437aca5ef6718b99130d4602,fresh_min_fill,COOP14_MIG_BRANCH_GROUP,1d2a6f95014703ca171206e42701c52355b89dab08ba0a9b72b3d193a3b620d4,WARM_SAME_SOURCE,FRESH_EXACT_SOLVE_WITH_INTERNAL_CHECKS_EXCLUDES_EXTERNAL_VERIFICATION,16,1024,4,32,18,58879232,262144,d5207e6b84fbabee961e83f3860a3bacaca585acd736c092903cacdfff692450,NUMPY_BATCHED_INVERSE_NTT_INTEGER_CRT,3,COMPLETE,OBSERVED_PATTERN,20657072,"[53052, 53053, 53054, 53055, 53056, 53057, 53059, 53060, 53061, 53062, 53063, 53064, 53065, 53066]","[304, 304, 304, 288, 288, 288, 304, 288, 288, 288, 288, 288, 288, 288]",WARM_SAME_SOURCE,True,262880768,focused,0.0004215630469843745,0.06996255600824952,0.67605414,1.037553398,0.013587241875939071,0.02725584412406093,0.007190839038230479,1.75469151,0.0,9c0fa4186a9acf3cbe491cac1da1a4dbb77efe64bb7917685fcdf0426acfd661,"{""N"": 90, ""source_family"": ""N96_INDUCED_TRANSITION_LADDER_V1"", ""graph_hash"": ""6eb160420fa48047e1e8b134dd33e3fd7cdf46a24a92f216b327b4e2515fa9fd"", ""source_hash"": ""6b3e60db691983154e059577c5a5e4ad912c1b3e9347d81507a90c49fe59e463"", ""edges"": 210, ""degree_min"": 2, ""degree_max"": 5, ""degree_mean"": 4.666666666666667, ""degree_std"": 0.5962847939999439, ""components"": 1, ""component_sizes"": [90], ""max_component"": 90, ""local_assignments"": 1237940039285380274899124224, ""minfill_width"": 28, ""minfill_work"": 951809499, ""minfill_order"": [60, 0, 20, 41, 15, 16, 34, 3, 12, 22, 25, 33, 48, 51, 59, 67, 81, 50, 68, 77, 11, 14, 23, 39, 63, 76, 78, 32, 6, 8, 38, 37, 4, 42, 61, 79, 52, 58, 31, 47, 84, 19, 73, 13, 17, 29, 55, 7, 89, 62, 9, 40, 2, 86, 10, 88, 46, 30, 75, 36, 69, 1, 5, 18, 21, 24, 26, 27, 28, 35, 43, 44, 45, 49, 53, 54, 56, 57, 64, 65, 66, 70, 71, 72, 74, 80, 82, 83, 85, 87], ""energy_bound"": 521, ""root_bound"": 1024, ""crt_primes"": 4, ""arithmetic_burden"": 3898611707904, ""coefficient_bound"": ""1237940039285380274899124224"", ""coupling_multiplicities"": {""3"": 40, ""-1"": 40, ""-2"": 37, ""1"": 39, ""-3"": 27, ""2"": 27}, ""symmetry"": ""not assumed"", ""degree_signature"": [2, 3, 3, 3, 4, 4, 4, 4, 4, 4, 4, 4, 4, 4, 4, 4, 4, 4, 4, 4, 4, 4, 4, 4, 4, 5, 5, 5, 5, 5, 5, 5, 5, 5, 5, 5, 5, 5, 5, 5, 5, 5, 5, 5, 5, 5, 5, 5, 5, 5, 5, 5, 5, 5, 5, 5, 5, 5, 5, 5, 5, 5, 5, 5, 5, 5, 5, 5, 5, 5, 5, 5, 5, 5, 5, 5, 5, 5, 5, 5, 5, 5, 5, 5, 5, 5, 5, 5, 5, 5]}"
