question_id,source_key,source_hash,graph_hash,source_lineage,ordered_ports_hash,ordered_ports,plan_hash,retained_plan_hash,method,backend_id,worker_topology_id,cache_state,timing_scope,root_batch,root_count,CRT_prime_count,branch_count,retained_width,weighted_entries,estimated_factor_peak_entries,runtime_package_hash,readout_backend,repeat,cost_context,status,warm_training_eligible,measured_work,cache_hits,cache_misses,timing_note,cpu_plan_kind,measured_memory_bytes,structural_planning_seconds,source_preparation_seconds,worker_preparation_seconds,modular_gpu_seconds,readout_seconds,crt_reconstruction_seconds,verification_seconds,end_to_end_solve_seconds,cpu_exact_seconds,process_startup_seconds,verification_hash,PRE_features
77a5604aad90c69d1eb0d3cc,N100,f4f512facb6a5b46acbf03543c91d6653cb961b30ea9f2a1c1af33255bb1aa0b,28e9e44506fd4dcd854bc2d2f36c432fa3694abe93af29e88f5beca98f42dfa0,N100_P2_PACKET_PLUS_DEPTH_V1,46f1f2fd7b1710ed745060e45f24f9db60f681e8010208e52e657f6e531da178,"[0, 1, 60, 61]",437347a4da455a5628500fe0cfe500a53a99be3e584c02eab7a4cafc95567497,,components,LOCAL_FLINT_CPU,LOCAL_SINGLE_COORDINATOR_FLINT_CPU,WARM_NEW_SOURCE,FRESH_EXACT_SOLVE_WITH_INTERNAL_CHECKS_EXCLUDES_EXTERNAL_VERIFICATION,0,0,0,1,14,165920,16384,d5207e6b84fbabee961e83f3860a3bacaca585acd736c092903cacdfff692450,FLINT_EXACT_POLYNOMIAL,0,COMPLETE,OBSERVED_PATTERN,True,166048,0,0,CPU exact route includes its native polynomial readout/count checks; independently timed external verification excluded; no subprocess startup,deterministic retained-port-aware elimination or explicit component enumeration,,0.00861549295950681,0.0,0.0,0.0,,0.0,0.002021063002757728,0.22740638896357268,0.22740638896357268,0.0,582a9c5ed1bfdf8f8d7dd1545a19c4ac6b30db574e46c3054621b9c78ef36e06,"{""N"": 100, ""source_family"": ""N100_P2_PACKET_PLUS_DEPTH_V1"", ""graph_hash"": ""28e9e44506fd4dcd854bc2d2f36c432fa3694abe93af29e88f5beca98f42dfa0"", ""source_hash"": ""f4f512facb6a5b46acbf03543c91d6653cb961b30ea9f2a1c1af33255bb1aa0b"", ""edges"": 260, ""degree_min"": 4, ""degree_max"": 6, ""degree_mean"": 5.2, ""degree_std"": 0.5099019513592785, ""components"": 8, ""component_sizes"": [5, 10, 10, 15, 15, 15, 15, 15], ""max_component"": 15, ""local_assignments"": 165920, ""minfill_width"": 5, ""minfill_work"": 2168, ""minfill_order"": [39, 40, 41, 86, 87, 0, 1, 2, 60, 61, 3, 4, 5, 62, 63, 6, 7, 8, 64, 65, 9, 10, 11, 66, 67, 12, 13, 14, 68, 69, 15, 16, 17, 70, 36, 37, 38, 71, 84, 85, 18, 19, 20, 72, 42, 43, 44, 73, 88, 89, 21, 22, 23, 74, 45, 46, 47, 75, 90, 91, 24, 25, 26, 76, 48, 49, 50, 77, 92, 93, 27, 28, 29, 78, 51, 52, 53, 79, 94, 95, 30, 31, 32, 80, 54, 55, 56, 81, 96, 97, 33, 34, 35, 82, 57, 58, 59, 83, 98, 99], ""energy_bound"": 260, ""root_bound"": 512, ""crt_primes"": 4, ""arithmetic_burden"": 4440064, ""coefficient_bound"": ""1267650600228229401496703205376"", ""coupling_multiplicities"": {""1"": 260}, ""symmetry"": ""not assumed"", ""degree_signature"": [4, 4, 4, 4, 4, 5, 5, 5, 5, 5, 5, 5, 5, 5, 5, 5, 5, 5, 5, 5, 5, 5, 5, 5, 5, 5, 5, 5, 5, 5, 5, 5, 5, 5, 5, 5, 5, 5, 5, 5, 5, 5, 5, 5, 5, 5, 5, 5, 5, 5, 5, 5, 5, 5, 5, 5, 5, 5, 5, 5, 5, 5, 5, 5, 5, 5, 5, 5, 5, 5, 5, 5, 5, 5, 5, 6, 6, 6, 6, 6, 6, 6, 6, 6, 6, 6, 6, 6, 6, 6, 6, 6, 6, 6, 6, 6, 6, 6, 6, 6]}"
77a5604aad90c69d1eb0d3cc,N100,f4f512facb6a5b46acbf03543c91d6653cb961b30ea9f2a1c1af33255bb1aa0b,28e9e44506fd4dcd854bc2d2f36c432fa3694abe93af29e88f5beca98f42dfa0,N100_P2_PACKET_PLUS_DEPTH_V1,46f1f2fd7b1710ed745060e45f24f9db60f681e8010208e52e657f6e531da178,"[0, 1, 60, 61]",da0c3ebe1a22b3ad2df71939cd5815aa6e1c35f645c366a9a0155ea98b1508b3,,variable_elimination,LOCAL_FLINT_CPU,LOCAL_SINGLE_COORDINATOR_FLINT_CPU,WARM_NEW_SOURCE,FRESH_EXACT_SOLVE_WITH_INTERNAL_CHECKS_EXCLUDES_EXTERNAL_VERIFICATION,0,0,0,1,5,2153,32,d5207e6b84fbabee961e83f3860a3bacaca585acd736c092903cacdfff692450,FLINT_EXACT_POLYNOMIAL,0,COMPLETE,OBSERVED_PATTERN,True,26658,0,0,CPU exact route includes its native polynomial readout/count checks; independently timed external verification excluded; no subprocess startup,deterministic retained-port-aware elimination or explicit component enumeration,,0.00861549295950681,0.0,0.0,0.0,,0.0,0.001973634003661573,0.024545022984966636,0.024545022984966636,0.0,582a9c5ed1bfdf8f8d7dd1545a19c4ac6b30db574e46c3054621b9c78ef36e06,"{""N"": 100, ""source_family"": ""N100_P2_PACKET_PLUS_DEPTH_V1"", ""graph_hash"": ""28e9e44506fd4dcd854bc2d2f36c432fa3694abe93af29e88f5beca98f42dfa0"", ""source_hash"": ""f4f512facb6a5b46acbf03543c91d6653cb961b30ea9f2a1c1af33255bb1aa0b"", ""edges"": 260, ""degree_min"": 4, ""degree_max"": 6, ""degree_mean"": 5.2, ""degree_std"": 0.5099019513592785, ""components"": 8, ""component_sizes"": [5, 10, 10, 15, 15, 15, 15, 15], ""max_component"": 15, ""local_assignments"": 165920, ""minfill_width"": 5, ""minfill_work"": 2168, ""minfill_order"": [39, 40, 41, 86, 87, 0, 1, 2, 60, 61, 3, 4, 5, 62, 63, 6, 7, 8, 64, 65, 9, 10, 11, 66, 67, 12, 13, 14, 68, 69, 15, 16, 17, 70, 36, 37, 38, 71, 84, 85, 18, 19, 20, 72, 42, 43, 44, 73, 88, 89, 21, 22, 23, 74, 45, 46, 47, 75, 90, 91, 24, 25, 26, 76, 48, 49, 50, 77, 92, 93, 27, 28, 29, 78, 51, 52, 53, 79, 94, 95, 30, 31, 32, 80, 54, 55, 56, 81, 96, 97, 33, 34, 35, 82, 57, 58, 59, 83, 98, 99], ""energy_bound"": 260, ""root_bound"": 512, ""crt_primes"": 4, ""arithmetic_burden"": 4440064, ""coefficient_bound"": ""1267650600228229401496703205376"", ""coupling_multiplicities"": {""1"": 260}, ""symmetry"": ""not assumed"", ""degree_signature"": [4, 4, 4, 4, 4, 5, 5, 5, 5, 5, 5, 5, 5, 5, 5, 5, 5, 5, 5, 5, 5, 5, 5, 5, 5, 5, 5, 5, 5, 5, 5, 5, 5, 5, 5, 5, 5, 5, 5, 5, 5, 5, 5, 5, 5, 5, 5, 5, 5, 5, 5, 5, 5, 5, 5, 5, 5, 5, 5, 5, 5, 5, 5, 5, 5, 5, 5, 5, 5, 5, 5, 5, 5, 5, 5, 6, 6, 6, 6, 6, 6, 6, 6, 6, 6, 6, 6, 6, 6, 6, 6, 6, 6, 6, 6, 6, 6, 6, 6, 6]}"
77a5604aad90c69d1eb0d3cc,N100,f4f512facb6a5b46acbf03543c91d6653cb961b30ea9f2a1c1af33255bb1aa0b,28e9e44506fd4dcd854bc2d2f36c432fa3694abe93af29e88f5beca98f42dfa0,N100_P2_PACKET_PLUS_DEPTH_V1,46f1f2fd7b1710ed745060e45f24f9db60f681e8010208e52e657f6e531da178,"[0, 1, 60, 61]",c779d4577c5256e4ed7e38b4f432a87223e28e88a2ddb7bb5af2611517e26176,,memo_components,LOCAL_FLINT_CPU,LOCAL_SINGLE_COORDINATOR_FLINT_CPU,WARM_NEW_SOURCE,FRESH_EXACT_SOLVE_WITH_INTERNAL_CHECKS_EXCLUDES_EXTERNAL_VERIFICATION,0,0,0,1,14,165920,16384,d5207e6b84fbabee961e83f3860a3bacaca585acd736c092903cacdfff692450,FLINT_EXACT_POLYNOMIAL,0,COMPLETE,OBSERVED_PATTERN,True,66611,4,4,CPU exact route includes its native polynomial readout/count checks; independently timed external verification excluded; no subprocess startup,deterministic retained-port-aware elimination or explicit component enumeration,,0.00861549295950681,0.0,0.0,0.0,,0.0,0.0020632429514080286,0.10403230600059032,0.10403230600059032,0.0,582a9c5ed1bfdf8f8d7dd1545a19c4ac6b30db574e46c3054621b9c78ef36e06,"{""N"": 100, ""source_family"": ""N100_P2_PACKET_PLUS_DEPTH_V1"", ""graph_hash"": ""28e9e44506fd4dcd854bc2d2f36c432fa3694abe93af29e88f5beca98f42dfa0"", ""source_hash"": ""f4f512facb6a5b46acbf03543c91d6653cb961b30ea9f2a1c1af33255bb1aa0b"", ""edges"": 260, ""degree_min"": 4, ""degree_max"": 6, ""degree_mean"": 5.2, ""degree_std"": 0.5099019513592785, ""components"": 8, ""component_sizes"": [5, 10, 10, 15, 15, 15, 15, 15], ""max_component"": 15, ""local_assignments"": 165920, ""minfill_width"": 5, ""minfill_work"": 2168, ""minfill_order"": [39, 40, 41, 86, 87, 0, 1, 2, 60, 61, 3, 4, 5, 62, 63, 6, 7, 8, 64, 65, 9, 10, 11, 66, 67, 12, 13, 14, 68, 69, 15, 16, 17, 70, 36, 37, 38, 71, 84, 85, 18, 19, 20, 72, 42, 43, 44, 73, 88, 89, 21, 22, 23, 74, 45, 46, 47, 75, 90, 91, 24, 25, 26, 76, 48, 49, 50, 77, 92, 93, 27, 28, 29, 78, 51, 52, 53, 79, 94, 95, 30, 31, 32, 80, 54, 55, 56, 81, 96, 97, 33, 34, 35, 82, 57, 58, 59, 83, 98, 99], ""energy_bound"": 260, ""root_bound"": 512, ""crt_primes"": 4, ""arithmetic_burden"": 4440064, ""coefficient_bound"": ""1267650600228229401496703205376"", ""coupling_multiplicities"": {""1"": 260}, ""symmetry"": ""not assumed"", ""degree_signature"": [4, 4, 4, 4, 4, 5, 5, 5, 5, 5, 5, 5, 5, 5, 5, 5, 5, 5, 5, 5, 5, 5, 5, 5, 5, 5, 5, 5, 5, 5, 5, 5, 5, 5, 5, 5, 5, 5, 5, 5, 5, 5, 5, 5, 5, 5, 5, 5, 5, 5, 5, 5, 5, 5, 5, 5, 5, 5, 5, 5, 5, 5, 5, 5, 5, 5, 5, 5, 5, 5, 5, 5, 5, 5, 5, 6, 6, 6, 6, 6, 6, 6, 6, 6, 6, 6, 6, 6, 6, 6, 6, 6, 6, 6, 6, 6, 6, 6, 6, 6]}"
77a5604aad90c69d1eb0d3cc,N100,f4f512facb6a5b46acbf03543c91d6653cb961b30ea9f2a1c1af33255bb1aa0b,28e9e44506fd4dcd854bc2d2f36c432fa3694abe93af29e88f5beca98f42dfa0,N100_P2_PACKET_PLUS_DEPTH_V1,46f1f2fd7b1710ed745060e45f24f9db60f681e8010208e52e657f6e531da178,"[0, 1, 60, 61]",a6ac15413a3704a551d9e56c682c6201a61d1ab4b927a9c5fb182fc84b45df57,,warm_components,LOCAL_FLINT_CPU,LOCAL_SINGLE_COORDINATOR_FLINT_CPU,WARM_NEW_SOURCE,FRESH_EXACT_SOLVE_WITH_INTERNAL_CHECKS_EXCLUDES_EXTERNAL_VERIFICATION,0,0,0,1,14,165920,16384,d5207e6b84fbabee961e83f3860a3bacaca585acd736c092903cacdfff692450,FLINT_EXACT_POLYNOMIAL,0,COMPLETE,OBSERVED_PATTERN,True,66611,4,4,CPU exact route includes its native polynomial readout/count checks; independently timed external verification excluded; no subprocess startup,deterministic retained-port-aware elimination or explicit component enumeration,,0.00861549295950681,0.0,0.0,0.0,,0.0,0.001989152980968356,0.1129202441079542,0.1129202441079542,0.0,582a9c5ed1bfdf8f8d7dd1545a19c4ac6b30db574e46c3054621b9c78ef36e06,"{""N"": 100, ""source_family"": ""N100_P2_PACKET_PLUS_DEPTH_V1"", ""graph_hash"": ""28e9e44506fd4dcd854bc2d2f36c432fa3694abe93af29e88f5beca98f42dfa0"", ""source_hash"": ""f4f512facb6a5b46acbf03543c91d6653cb961b30ea9f2a1c1af33255bb1aa0b"", ""edges"": 260, ""degree_min"": 4, ""degree_max"": 6, ""degree_mean"": 5.2, ""degree_std"": 0.5099019513592785, ""components"": 8, ""component_sizes"": [5, 10, 10, 15, 15, 15, 15, 15], ""max_component"": 15, ""local_assignments"": 165920, ""minfill_width"": 5, ""minfill_work"": 2168, ""minfill_order"": [39, 40, 41, 86, 87, 0, 1, 2, 60, 61, 3, 4, 5, 62, 63, 6, 7, 8, 64, 65, 9, 10, 11, 66, 67, 12, 13, 14, 68, 69, 15, 16, 17, 70, 36, 37, 38, 71, 84, 85, 18, 19, 20, 72, 42, 43, 44, 73, 88, 89, 21, 22, 23, 74, 45, 46, 47, 75, 90, 91, 24, 25, 26, 76, 48, 49, 50, 77, 92, 93, 27, 28, 29, 78, 51, 52, 53, 79, 94, 95, 30, 31, 32, 80, 54, 55, 56, 81, 96, 97, 33, 34, 35, 82, 57, 58, 59, 83, 98, 99], ""energy_bound"": 260, ""root_bound"": 512, ""crt_primes"": 4, ""arithmetic_burden"": 4440064, ""coefficient_bound"": ""1267650600228229401496703205376"", ""coupling_multiplicities"": {""1"": 260}, ""symmetry"": ""not assumed"", ""degree_signature"": [4, 4, 4, 4, 4, 5, 5, 5, 5, 5, 5, 5, 5, 5, 5, 5, 5, 5, 5, 5, 5, 5, 5, 5, 5, 5, 5, 5, 5, 5, 5, 5, 5, 5, 5, 5, 5, 5, 5, 5, 5, 5, 5, 5, 5, 5, 5, 5, 5, 5, 5, 5, 5, 5, 5, 5, 5, 5, 5, 5, 5, 5, 5, 5, 5, 5, 5, 5, 5, 5, 5, 5, 5, 5, 5, 6, 6, 6, 6, 6, 6, 6, 6, 6, 6, 6, 6, 6, 6, 6, 6, 6, 6, 6, 6, 6, 6, 6, 6, 6]}"
77a5604aad90c69d1eb0d3cc,N100,f4f512facb6a5b46acbf03543c91d6653cb961b30ea9f2a1c1af33255bb1aa0b,28e9e44506fd4dcd854bc2d2f36c432fa3694abe93af29e88f5beca98f42dfa0,N100_P2_PACKET_PLUS_DEPTH_V1,46f1f2fd7b1710ed745060e45f24f9db60f681e8010208e52e657f6e531da178,"[0, 1, 60, 61]",a6ac15413a3704a551d9e56c682c6201a61d1ab4b927a9c5fb182fc84b45df57,,warm_components,LOCAL_FLINT_CPU,LOCAL_SINGLE_COORDINATOR_FLINT_CPU,CACHE_REUSE,FRESH_EXACT_SOLVE_WITH_INTERNAL_CHECKS_EXCLUDES_EXTERNAL_VERIFICATION,0,0,0,1,14,165920,16384,d5207e6b84fbabee961e83f3860a3bacaca585acd736c092903cacdfff692450,FLINT_EXACT_POLYNOMIAL,1,COMPLETE,OBSERVED_PATTERN,True,0,8,0,CPU exact route includes its native polynomial readout/count checks; independently timed external verification excluded; no subprocess startup,deterministic retained-port-aware elimination or explicit component enumeration,,0.00861549295950681,0.0,0.0,0.0,,0.0,0.00199209398124367,0.013023882987909019,0.013023882987909019,0.0,582a9c5ed1bfdf8f8d7dd1545a19c4ac6b30db574e46c3054621b9c78ef36e06,"{""N"": 100, ""source_family"": ""N100_P2_PACKET_PLUS_DEPTH_V1"", ""graph_hash"": ""28e9e44506fd4dcd854bc2d2f36c432fa3694abe93af29e88f5beca98f42dfa0"", ""source_hash"": ""f4f512facb6a5b46acbf03543c91d6653cb961b30ea9f2a1c1af33255bb1aa0b"", ""edges"": 260, ""degree_min"": 4, ""degree_max"": 6, ""degree_mean"": 5.2, ""degree_std"": 0.5099019513592785, ""components"": 8, ""component_sizes"": [5, 10, 10, 15, 15, 15, 15, 15], ""max_component"": 15, ""local_assignments"": 165920, ""minfill_width"": 5, ""minfill_work"": 2168, ""minfill_order"": [39, 40, 41, 86, 87, 0, 1, 2, 60, 61, 3, 4, 5, 62, 63, 6, 7, 8, 64, 65, 9, 10, 11, 66, 67, 12, 13, 14, 68, 69, 15, 16, 17, 70, 36, 37, 38, 71, 84, 85, 18, 19, 20, 72, 42, 43, 44, 73, 88, 89, 21, 22, 23, 74, 45, 46, 47, 75, 90, 91, 24, 25, 26, 76, 48, 49, 50, 77, 92, 93, 27, 28, 29, 78, 51, 52, 53, 79, 94, 95, 30, 31, 32, 80, 54, 55, 56, 81, 96, 97, 33, 34, 35, 82, 57, 58, 59, 83, 98, 99], ""energy_bound"": 260, ""root_bound"": 512, ""crt_primes"": 4, ""arithmetic_burden"": 4440064, ""coefficient_bound"": ""1267650600228229401496703205376"", ""coupling_multiplicities"": {""1"": 260}, ""symmetry"": ""not assumed"", ""degree_signature"": [4, 4, 4, 4, 4, 5, 5, 5, 5, 5, 5, 5, 5, 5, 5, 5, 5, 5, 5, 5, 5, 5, 5, 5, 5, 5, 5, 5, 5, 5, 5, 5, 5, 5, 5, 5, 5, 5, 5, 5, 5, 5, 5, 5, 5, 5, 5, 5, 5, 5, 5, 5, 5, 5, 5, 5, 5, 5, 5, 5, 5, 5, 5, 5, 5, 5, 5, 5, 5, 5, 5, 5, 5, 5, 5, 6, 6, 6, 6, 6, 6, 6, 6, 6, 6, 6, 6, 6, 6, 6, 6, 6, 6, 6, 6, 6, 6, 6, 6, 6]}"
77a5604aad90c69d1eb0d3cc,N100,f4f512facb6a5b46acbf03543c91d6653cb961b30ea9f2a1c1af33255bb1aa0b,28e9e44506fd4dcd854bc2d2f36c432fa3694abe93af29e88f5beca98f42dfa0,N100_P2_PACKET_PLUS_DEPTH_V1,46f1f2fd7b1710ed745060e45f24f9db60f681e8010208e52e657f6e531da178,"[0, 1, 60, 61]",c779d4577c5256e4ed7e38b4f432a87223e28e88a2ddb7bb5af2611517e26176,,memo_components,LOCAL_FLINT_CPU,LOCAL_SINGLE_COORDINATOR_FLINT_CPU,WARM_SAME_SOURCE,FRESH_EXACT_SOLVE_WITH_INTERNAL_CHECKS_EXCLUDES_EXTERNAL_VERIFICATION,0,0,0,1,14,165920,16384,d5207e6b84fbabee961e83f3860a3bacaca585acd736c092903cacdfff692450,FLINT_EXACT_POLYNOMIAL,1,COMPLETE,OBSERVED_PATTERN,True,66611,4,4,CPU exact route includes its native polynomial readout/count checks; independently timed external verification excluded; no subprocess startup,deterministic retained-port-aware elimination or explicit component enumeration,,0.00861549295950681,0.0,0.0,0.0,,0.0,0.002068022033199668,0.10357969405595213,0.10357969405595213,0.0,582a9c5ed1bfdf8f8d7dd1545a19c4ac6b30db574e46c3054621b9c78ef36e06,"{""N"": 100, ""source_family"": ""N100_P2_PACKET_PLUS_DEPTH_V1"", ""graph_hash"": ""28e9e44506fd4dcd854bc2d2f36c432fa3694abe93af29e88f5beca98f42dfa0"", ""source_hash"": ""f4f512facb6a5b46acbf03543c91d6653cb961b30ea9f2a1c1af33255bb1aa0b"", ""edges"": 260, ""degree_min"": 4, ""degree_max"": 6, ""degree_mean"": 5.2, ""degree_std"": 0.5099019513592785, ""components"": 8, ""component_sizes"": [5, 10, 10, 15, 15, 15, 15, 15], ""max_component"": 15, ""local_assignments"": 165920, ""minfill_width"": 5, ""minfill_work"": 2168, ""minfill_order"": [39, 40, 41, 86, 87, 0, 1, 2, 60, 61, 3, 4, 5, 62, 63, 6, 7, 8, 64, 65, 9, 10, 11, 66, 67, 12, 13, 14, 68, 69, 15, 16, 17, 70, 36, 37, 38, 71, 84, 85, 18, 19, 20, 72, 42, 43, 44, 73, 88, 89, 21, 22, 23, 74, 45, 46, 47, 75, 90, 91, 24, 25, 26, 76, 48, 49, 50, 77, 92, 93, 27, 28, 29, 78, 51, 52, 53, 79, 94, 95, 30, 31, 32, 80, 54, 55, 56, 81, 96, 97, 33, 34, 35, 82, 57, 58, 59, 83, 98, 99], ""energy_bound"": 260, ""root_bound"": 512, ""crt_primes"": 4, ""arithmetic_burden"": 4440064, ""coefficient_bound"": ""1267650600228229401496703205376"", ""coupling_multiplicities"": {""1"": 260}, ""symmetry"": ""not assumed"", ""degree_signature"": [4, 4, 4, 4, 4, 5, 5, 5, 5, 5, 5, 5, 5, 5, 5, 5, 5, 5, 5, 5, 5, 5, 5, 5, 5, 5, 5, 5, 5, 5, 5, 5, 5, 5, 5, 5, 5, 5, 5, 5, 5, 5, 5, 5, 5, 5, 5, 5, 5, 5, 5, 5, 5, 5, 5, 5, 5, 5, 5, 5, 5, 5, 5, 5, 5, 5, 5, 5, 5, 5, 5, 5, 5, 5, 5, 6, 6, 6, 6, 6, 6, 6, 6, 6, 6, 6, 6, 6, 6, 6, 6, 6, 6, 6, 6, 6, 6, 6, 6, 6]}"
77a5604aad90c69d1eb0d3cc,N100,f4f512facb6a5b46acbf03543c91d6653cb961b30ea9f2a1c1af33255bb1aa0b,28e9e44506fd4dcd854bc2d2f36c432fa3694abe93af29e88f5beca98f42dfa0,N100_P2_PACKET_PLUS_DEPTH_V1,46f1f2fd7b1710ed745060e45f24f9db60f681e8010208e52e657f6e531da178,"[0, 1, 60, 61]",da0c3ebe1a22b3ad2df71939cd5815aa6e1c35f645c366a9a0155ea98b1508b3,,variable_elimination,LOCAL_FLINT_CPU,LOCAL_SINGLE_COORDINATOR_FLINT_CPU,WARM_SAME_SOURCE,FRESH_EXACT_SOLVE_WITH_INTERNAL_CHECKS_EXCLUDES_EXTERNAL_VERIFICATION,0,0,0,1,5,2153,32,d5207e6b84fbabee961e83f3860a3bacaca585acd736c092903cacdfff692450,FLINT_EXACT_POLYNOMIAL,1,COMPLETE,OBSERVED_PATTERN,True,26658,0,0,CPU exact route includes its native polynomial readout/count checks; independently timed external verification excluded; no subprocess startup,deterministic retained-port-aware elimination or explicit component enumeration,,0.00861549295950681,0.0,0.0,0.0,,0.0,0.002537564025260508,0.022735985927283764,0.022735985927283764,0.0,582a9c5ed1bfdf8f8d7dd1545a19c4ac6b30db574e46c3054621b9c78ef36e06,"{""N"": 100, ""source_family"": ""N100_P2_PACKET_PLUS_DEPTH_V1"", ""graph_hash"": ""28e9e44506fd4dcd854bc2d2f36c432fa3694abe93af29e88f5beca98f42dfa0"", ""source_hash"": ""f4f512facb6a5b46acbf03543c91d6653cb961b30ea9f2a1c1af33255bb1aa0b"", ""edges"": 260, ""degree_min"": 4, ""degree_max"": 6, ""degree_mean"": 5.2, ""degree_std"": 0.5099019513592785, ""components"": 8, ""component_sizes"": [5, 10, 10, 15, 15, 15, 15, 15], ""max_component"": 15, ""local_assignments"": 165920, ""minfill_width"": 5, ""minfill_work"": 2168, ""minfill_order"": [39, 40, 41, 86, 87, 0, 1, 2, 60, 61, 3, 4, 5, 62, 63, 6, 7, 8, 64, 65, 9, 10, 11, 66, 67, 12, 13, 14, 68, 69, 15, 16, 17, 70, 36, 37, 38, 71, 84, 85, 18, 19, 20, 72, 42, 43, 44, 73, 88, 89, 21, 22, 23, 74, 45, 46, 47, 75, 90, 91, 24, 25, 26, 76, 48, 49, 50, 77, 92, 93, 27, 28, 29, 78, 51, 52, 53, 79, 94, 95, 30, 31, 32, 80, 54, 55, 56, 81, 96, 97, 33, 34, 35, 82, 57, 58, 59, 83, 98, 99], ""energy_bound"": 260, ""root_bound"": 512, ""crt_primes"": 4, ""arithmetic_burden"": 4440064, ""coefficient_bound"": ""1267650600228229401496703205376"", ""coupling_multiplicities"": {""1"": 260}, ""symmetry"": ""not assumed"", ""degree_signature"": [4, 4, 4, 4, 4, 5, 5, 5, 5, 5, 5, 5, 5, 5, 5, 5, 5, 5, 5, 5, 5, 5, 5, 5, 5, 5, 5, 5, 5, 5, 5, 5, 5, 5, 5, 5, 5, 5, 5, 5, 5, 5, 5, 5, 5, 5, 5, 5, 5, 5, 5, 5, 5, 5, 5, 5, 5, 5, 5, 5, 5, 5, 5, 5, 5, 5, 5, 5, 5, 5, 5, 5, 5, 5, 5, 6, 6, 6, 6, 6, 6, 6, 6, 6, 6, 6, 6, 6, 6, 6, 6, 6, 6, 6, 6, 6, 6, 6, 6, 6]}"
77a5604aad90c69d1eb0d3cc,N100,f4f512facb6a5b46acbf03543c91d6653cb961b30ea9f2a1c1af33255bb1aa0b,28e9e44506fd4dcd854bc2d2f36c432fa3694abe93af29e88f5beca98f42dfa0,N100_P2_PACKET_PLUS_DEPTH_V1,46f1f2fd7b1710ed745060e45f24f9db60f681e8010208e52e657f6e531da178,"[0, 1, 60, 61]",437347a4da455a5628500fe0cfe500a53a99be3e584c02eab7a4cafc95567497,,components,LOCAL_FLINT_CPU,LOCAL_SINGLE_COORDINATOR_FLINT_CPU,WARM_SAME_SOURCE,FRESH_EXACT_SOLVE_WITH_INTERNAL_CHECKS_EXCLUDES_EXTERNAL_VERIFICATION,0,0,0,1,14,165920,16384,d5207e6b84fbabee961e83f3860a3bacaca585acd736c092903cacdfff692450,FLINT_EXACT_POLYNOMIAL,1,COMPLETE,OBSERVED_PATTERN,True,166048,0,0,CPU exact route includes its native polynomial readout/count checks; independently timed external verification excluded; no subprocess startup,deterministic retained-port-aware elimination or explicit component enumeration,,0.00861549295950681,0.0,0.0,0.0,,0.0,0.0021494809770956635,0.22580389806535095,0.22580389806535095,0.0,582a9c5ed1bfdf8f8d7dd1545a19c4ac6b30db574e46c3054621b9c78ef36e06,"{""N"": 100, ""source_family"": ""N100_P2_PACKET_PLUS_DEPTH_V1"", ""graph_hash"": ""28e9e44506fd4dcd854bc2d2f36c432fa3694abe93af29e88f5beca98f42dfa0"", ""source_hash"": ""f4f512facb6a5b46acbf03543c91d6653cb961b30ea9f2a1c1af33255bb1aa0b"", ""edges"": 260, ""degree_min"": 4, ""degree_max"": 6, ""degree_mean"": 5.2, ""degree_std"": 0.5099019513592785, ""components"": 8, ""component_sizes"": [5, 10, 10, 15, 15, 15, 15, 15], ""max_component"": 15, ""local_assignments"": 165920, ""minfill_width"": 5, ""minfill_work"": 2168, ""minfill_order"": [39, 40, 41, 86, 87, 0, 1, 2, 60, 61, 3, 4, 5, 62, 63, 6, 7, 8, 64, 65, 9, 10, 11, 66, 67, 12, 13, 14, 68, 69, 15, 16, 17, 70, 36, 37, 38, 71, 84, 85, 18, 19, 20, 72, 42, 43, 44, 73, 88, 89, 21, 22, 23, 74, 45, 46, 47, 75, 90, 91, 24, 25, 26, 76, 48, 49, 50, 77, 92, 93, 27, 28, 29, 78, 51, 52, 53, 79, 94, 95, 30, 31, 32, 80, 54, 55, 56, 81, 96, 97, 33, 34, 35, 82, 57, 58, 59, 83, 98, 99], ""energy_bound"": 260, ""root_bound"": 512, ""crt_primes"": 4, ""arithmetic_burden"": 4440064, ""coefficient_bound"": ""1267650600228229401496703205376"", ""coupling_multiplicities"": {""1"": 260}, ""symmetry"": ""not assumed"", ""degree_signature"": [4, 4, 4, 4, 4, 5, 5, 5, 5, 5, 5, 5, 5, 5, 5, 5, 5, 5, 5, 5, 5, 5, 5, 5, 5, 5, 5, 5, 5, 5, 5, 5, 5, 5, 5, 5, 5, 5, 5, 5, 5, 5, 5, 5, 5, 5, 5, 5, 5, 5, 5, 5, 5, 5, 5, 5, 5, 5, 5, 5, 5, 5, 5, 5, 5, 5, 5, 5, 5, 5, 5, 5, 5, 5, 5, 6, 6, 6, 6, 6, 6, 6, 6, 6, 6, 6, 6, 6, 6, 6, 6, 6, 6, 6, 6, 6, 6, 6, 6, 6]}"
77a5604aad90c69d1eb0d3cc,N100,f4f512facb6a5b46acbf03543c91d6653cb961b30ea9f2a1c1af33255bb1aa0b,28e9e44506fd4dcd854bc2d2f36c432fa3694abe93af29e88f5beca98f42dfa0,N100_P2_PACKET_PLUS_DEPTH_V1,46f1f2fd7b1710ed745060e45f24f9db60f681e8010208e52e657f6e531da178,"[0, 1, 60, 61]",437347a4da455a5628500fe0cfe500a53a99be3e584c02eab7a4cafc95567497,,components,LOCAL_FLINT_CPU,LOCAL_SINGLE_COORDINATOR_FLINT_CPU,WARM_SAME_SOURCE,FRESH_EXACT_SOLVE_WITH_INTERNAL_CHECKS_EXCLUDES_EXTERNAL_VERIFICATION,0,0,0,1,14,165920,16384,d5207e6b84fbabee961e83f3860a3bacaca585acd736c092903cacdfff692450,FLINT_EXACT_POLYNOMIAL,2,COMPLETE,OBSERVED_PATTERN,True,166048,0,0,CPU exact route includes its native polynomial readout/count checks; independently timed external verification excluded; no subprocess startup,deterministic retained-port-aware elimination or explicit component enumeration,,0.00861549295950681,0.0,0.0,0.0,,0.0,0.0021470210049301386,0.22225957293994725,0.22225957293994725,0.0,582a9c5ed1bfdf8f8d7dd1545a19c4ac6b30db574e46c3054621b9c78ef36e06,"{""N"": 100, ""source_family"": ""N100_P2_PACKET_PLUS_DEPTH_V1"", ""graph_hash"": ""28e9e44506fd4dcd854bc2d2f36c432fa3694abe93af29e88f5beca98f42dfa0"", ""source_hash"": ""f4f512facb6a5b46acbf03543c91d6653cb961b30ea9f2a1c1af33255bb1aa0b"", ""edges"": 260, ""degree_min"": 4, ""degree_max"": 6, ""degree_mean"": 5.2, ""degree_std"": 0.5099019513592785, ""components"": 8, ""component_sizes"": [5, 10, 10, 15, 15, 15, 15, 15], ""max_component"": 15, ""local_assignments"": 165920, ""minfill_width"": 5, ""minfill_work"": 2168, ""minfill_order"": [39, 40, 41, 86, 87, 0, 1, 2, 60, 61, 3, 4, 5, 62, 63, 6, 7, 8, 64, 65, 9, 10, 11, 66, 67, 12, 13, 14, 68, 69, 15, 16, 17, 70, 36, 37, 38, 71, 84, 85, 18, 19, 20, 72, 42, 43, 44, 73, 88, 89, 21, 22, 23, 74, 45, 46, 47, 75, 90, 91, 24, 25, 26, 76, 48, 49, 50, 77, 92, 93, 27, 28, 29, 78, 51, 52, 53, 79, 94, 95, 30, 31, 32, 80, 54, 55, 56, 81, 96, 97, 33, 34, 35, 82, 57, 58, 59, 83, 98, 99], ""energy_bound"": 260, ""root_bound"": 512, ""crt_primes"": 4, ""arithmetic_burden"": 4440064, ""coefficient_bound"": ""1267650600228229401496703205376"", ""coupling_multiplicities"": {""1"": 260}, ""symmetry"": ""not assumed"", ""degree_signature"": [4, 4, 4, 4, 4, 5, 5, 5, 5, 5, 5, 5, 5, 5, 5, 5, 5, 5, 5, 5, 5, 5, 5, 5, 5, 5, 5, 5, 5, 5, 5, 5, 5, 5, 5, 5, 5, 5, 5, 5, 5, 5, 5, 5, 5, 5, 5, 5, 5, 5, 5, 5, 5, 5, 5, 5, 5, 5, 5, 5, 5, 5, 5, 5, 5, 5, 5, 5, 5, 5, 5, 5, 5, 5, 5, 6, 6, 6, 6, 6, 6, 6, 6, 6, 6, 6, 6, 6, 6, 6, 6, 6, 6, 6, 6, 6, 6, 6, 6, 6]}"
77a5604aad90c69d1eb0d3cc,N100,f4f512facb6a5b46acbf03543c91d6653cb961b30ea9f2a1c1af33255bb1aa0b,28e9e44506fd4dcd854bc2d2f36c432fa3694abe93af29e88f5beca98f42dfa0,N100_P2_PACKET_PLUS_DEPTH_V1,46f1f2fd7b1710ed745060e45f24f9db60f681e8010208e52e657f6e531da178,"[0, 1, 60, 61]",da0c3ebe1a22b3ad2df71939cd5815aa6e1c35f645c366a9a0155ea98b1508b3,,variable_elimination,LOCAL_FLINT_CPU,LOCAL_SINGLE_COORDINATOR_FLINT_CPU,WARM_SAME_SOURCE,FRESH_EXACT_SOLVE_WITH_INTERNAL_CHECKS_EXCLUDES_EXTERNAL_VERIFICATION,0,0,0,1,5,2153,32,d5207e6b84fbabee961e83f3860a3bacaca585acd736c092903cacdfff692450,FLINT_EXACT_POLYNOMIAL,2,COMPLETE,OBSERVED_PATTERN,True,26658,0,0,CPU exact route includes its native polynomial readout/count checks; independently timed external verification excluded; no subprocess startup,deterministic retained-port-aware elimination or explicit component enumeration,,0.00861549295950681,0.0,0.0,0.0,,0.0,0.002014633035287261,0.022451872006058693,0.022451872006058693,0.0,582a9c5ed1bfdf8f8d7dd1545a19c4ac6b30db574e46c3054621b9c78ef36e06,"{""N"": 100, ""source_family"": ""N100_P2_PACKET_PLUS_DEPTH_V1"", ""graph_hash"": ""28e9e44506fd4dcd854bc2d2f36c432fa3694abe93af29e88f5beca98f42dfa0"", ""source_hash"": ""f4f512facb6a5b46acbf03543c91d6653cb961b30ea9f2a1c1af33255bb1aa0b"", ""edges"": 260, ""degree_min"": 4, ""degree_max"": 6, ""degree_mean"": 5.2, ""degree_std"": 0.5099019513592785, ""components"": 8, ""component_sizes"": [5, 10, 10, 15, 15, 15, 15, 15], ""max_component"": 15, ""local_assignments"": 165920, ""minfill_width"": 5, ""minfill_work"": 2168, ""minfill_order"": [39, 40, 41, 86, 87, 0, 1, 2, 60, 61, 3, 4, 5, 62, 63, 6, 7, 8, 64, 65, 9, 10, 11, 66, 67, 12, 13, 14, 68, 69, 15, 16, 17, 70, 36, 37, 38, 71, 84, 85, 18, 19, 20, 72, 42, 43, 44, 73, 88, 89, 21, 22, 23, 74, 45, 46, 47, 75, 90, 91, 24, 25, 26, 76, 48, 49, 50, 77, 92, 93, 27, 28, 29, 78, 51, 52, 53, 79, 94, 95, 30, 31, 32, 80, 54, 55, 56, 81, 96, 97, 33, 34, 35, 82, 57, 58, 59, 83, 98, 99], ""energy_bound"": 260, ""root_bound"": 512, ""crt_primes"": 4, ""arithmetic_burden"": 4440064, ""coefficient_bound"": ""1267650600228229401496703205376"", ""coupling_multiplicities"": {""1"": 260}, ""symmetry"": ""not assumed"", ""degree_signature"": [4, 4, 4, 4, 4, 5, 5, 5, 5, 5, 5, 5, 5, 5, 5, 5, 5, 5, 5, 5, 5, 5, 5, 5, 5, 5, 5, 5, 5, 5, 5, 5, 5, 5, 5, 5, 5, 5, 5, 5, 5, 5, 5, 5, 5, 5, 5, 5, 5, 5, 5, 5, 5, 5, 5, 5, 5, 5, 5, 5, 5, 5, 5, 5, 5, 5, 5, 5, 5, 5, 5, 5, 5, 5, 5, 6, 6, 6, 6, 6, 6, 6, 6, 6, 6, 6, 6, 6, 6, 6, 6, 6, 6, 6, 6, 6, 6, 6, 6, 6]}"
77a5604aad90c69d1eb0d3cc,N100,f4f512facb6a5b46acbf03543c91d6653cb961b30ea9f2a1c1af33255bb1aa0b,28e9e44506fd4dcd854bc2d2f36c432fa3694abe93af29e88f5beca98f42dfa0,N100_P2_PACKET_PLUS_DEPTH_V1,46f1f2fd7b1710ed745060e45f24f9db60f681e8010208e52e657f6e531da178,"[0, 1, 60, 61]",c779d4577c5256e4ed7e38b4f432a87223e28e88a2ddb7bb5af2611517e26176,,memo_components,LOCAL_FLINT_CPU,LOCAL_SINGLE_COORDINATOR_FLINT_CPU,WARM_SAME_SOURCE,FRESH_EXACT_SOLVE_WITH_INTERNAL_CHECKS_EXCLUDES_EXTERNAL_VERIFICATION,0,0,0,1,14,165920,16384,d5207e6b84fbabee961e83f3860a3bacaca585acd736c092903cacdfff692450,FLINT_EXACT_POLYNOMIAL,2,COMPLETE,OBSERVED_PATTERN,True,66611,4,4,CPU exact route includes its native polynomial readout/count checks; independently timed external verification excluded; no subprocess startup,deterministic retained-port-aware elimination or explicit component enumeration,,0.00861549295950681,0.0,0.0,0.0,,0.0,0.002040552906692028,0.10486053104978055,0.10486053104978055,0.0,582a9c5ed1bfdf8f8d7dd1545a19c4ac6b30db574e46c3054621b9c78ef36e06,"{""N"": 100, ""source_family"": ""N100_P2_PACKET_PLUS_DEPTH_V1"", ""graph_hash"": ""28e9e44506fd4dcd854bc2d2f36c432fa3694abe93af29e88f5beca98f42dfa0"", ""source_hash"": ""f4f512facb6a5b46acbf03543c91d6653cb961b30ea9f2a1c1af33255bb1aa0b"", ""edges"": 260, ""degree_min"": 4, ""degree_max"": 6, ""degree_mean"": 5.2, ""degree_std"": 0.5099019513592785, ""components"": 8, ""component_sizes"": [5, 10, 10, 15, 15, 15, 15, 15], ""max_component"": 15, ""local_assignments"": 165920, ""minfill_width"": 5, ""minfill_work"": 2168, ""minfill_order"": [39, 40, 41, 86, 87, 0, 1, 2, 60, 61, 3, 4, 5, 62, 63, 6, 7, 8, 64, 65, 9, 10, 11, 66, 67, 12, 13, 14, 68, 69, 15, 16, 17, 70, 36, 37, 38, 71, 84, 85, 18, 19, 20, 72, 42, 43, 44, 73, 88, 89, 21, 22, 23, 74, 45, 46, 47, 75, 90, 91, 24, 25, 26, 76, 48, 49, 50, 77, 92, 93, 27, 28, 29, 78, 51, 52, 53, 79, 94, 95, 30, 31, 32, 80, 54, 55, 56, 81, 96, 97, 33, 34, 35, 82, 57, 58, 59, 83, 98, 99], ""energy_bound"": 260, ""root_bound"": 512, ""crt_primes"": 4, ""arithmetic_burden"": 4440064, ""coefficient_bound"": ""1267650600228229401496703205376"", ""coupling_multiplicities"": {""1"": 260}, ""symmetry"": ""not assumed"", ""degree_signature"": [4, 4, 4, 4, 4, 5, 5, 5, 5, 5, 5, 5, 5, 5, 5, 5, 5, 5, 5, 5, 5, 5, 5, 5, 5, 5, 5, 5, 5, 5, 5, 5, 5, 5, 5, 5, 5, 5, 5, 5, 5, 5, 5, 5, 5, 5, 5, 5, 5, 5, 5, 5, 5, 5, 5, 5, 5, 5, 5, 5, 5, 5, 5, 5, 5, 5, 5, 5, 5, 5, 5, 5, 5, 5, 5, 6, 6, 6, 6, 6, 6, 6, 6, 6, 6, 6, 6, 6, 6, 6, 6, 6, 6, 6, 6, 6, 6, 6, 6, 6]}"
77a5604aad90c69d1eb0d3cc,N100,f4f512facb6a5b46acbf03543c91d6653cb961b30ea9f2a1c1af33255bb1aa0b,28e9e44506fd4dcd854bc2d2f36c432fa3694abe93af29e88f5beca98f42dfa0,N100_P2_PACKET_PLUS_DEPTH_V1,46f1f2fd7b1710ed745060e45f24f9db60f681e8010208e52e657f6e531da178,"[0, 1, 60, 61]",a6ac15413a3704a551d9e56c682c6201a61d1ab4b927a9c5fb182fc84b45df57,,warm_components,LOCAL_FLINT_CPU,LOCAL_SINGLE_COORDINATOR_FLINT_CPU,CACHE_REUSE,FRESH_EXACT_SOLVE_WITH_INTERNAL_CHECKS_EXCLUDES_EXTERNAL_VERIFICATION,0,0,0,1,14,165920,16384,d5207e6b84fbabee961e83f3860a3bacaca585acd736c092903cacdfff692450,FLINT_EXACT_POLYNOMIAL,2,COMPLETE,OBSERVED_PATTERN,True,0,8,0,CPU exact route includes its native polynomial readout/count checks; independently timed external verification excluded; no subprocess startup,deterministic retained-port-aware elimination or explicit component enumeration,,0.00861549295950681,0.0,0.0,0.0,,0.0,0.002165221027098596,0.01398330507799983,0.01398330507799983,0.0,582a9c5ed1bfdf8f8d7dd1545a19c4ac6b30db574e46c3054621b9c78ef36e06,"{""N"": 100, ""source_family"": ""N100_P2_PACKET_PLUS_DEPTH_V1"", ""graph_hash"": ""28e9e44506fd4dcd854bc2d2f36c432fa3694abe93af29e88f5beca98f42dfa0"", ""source_hash"": ""f4f512facb6a5b46acbf03543c91d6653cb961b30ea9f2a1c1af33255bb1aa0b"", ""edges"": 260, ""degree_min"": 4, ""degree_max"": 6, ""degree_mean"": 5.2, ""degree_std"": 0.5099019513592785, ""components"": 8, ""component_sizes"": [5, 10, 10, 15, 15, 15, 15, 15], ""max_component"": 15, ""local_assignments"": 165920, ""minfill_width"": 5, ""minfill_work"": 2168, ""minfill_order"": [39, 40, 41, 86, 87, 0, 1, 2, 60, 61, 3, 4, 5, 62, 63, 6, 7, 8, 64, 65, 9, 10, 11, 66, 67, 12, 13, 14, 68, 69, 15, 16, 17, 70, 36, 37, 38, 71, 84, 85, 18, 19, 20, 72, 42, 43, 44, 73, 88, 89, 21, 22, 23, 74, 45, 46, 47, 75, 90, 91, 24, 25, 26, 76, 48, 49, 50, 77, 92, 93, 27, 28, 29, 78, 51, 52, 53, 79, 94, 95, 30, 31, 32, 80, 54, 55, 56, 81, 96, 97, 33, 34, 35, 82, 57, 58, 59, 83, 98, 99], ""energy_bound"": 260, ""root_bound"": 512, ""crt_primes"": 4, ""arithmetic_burden"": 4440064, ""coefficient_bound"": ""1267650600228229401496703205376"", ""coupling_multiplicities"": {""1"": 260}, ""symmetry"": ""not assumed"", ""degree_signature"": [4, 4, 4, 4, 4, 5, 5, 5, 5, 5, 5, 5, 5, 5, 5, 5, 5, 5, 5, 5, 5, 5, 5, 5, 5, 5, 5, 5, 5, 5, 5, 5, 5, 5, 5, 5, 5, 5, 5, 5, 5, 5, 5, 5, 5, 5, 5, 5, 5, 5, 5, 5, 5, 5, 5, 5, 5, 5, 5, 5, 5, 5, 5, 5, 5, 5, 5, 5, 5, 5, 5, 5, 5, 5, 5, 6, 6, 6, 6, 6, 6, 6, 6, 6, 6, 6, 6, 6, 6, 6, 6, 6, 6, 6, 6, 6, 6, 6, 6, 6]}"
bfc4bd3883b43fe14ec2cfb4,N105,5776b29715e9a50cd9f500c1b53e676b5e8d4ed040d40ac02cad5f3eb90e7774,1a5a3f398978af9ec44f29e6dedde0caacb3eaa35df2a7da5f0aada620afb2bf,N105_P9G0_HISTORICAL_PACKET_RESTORATION_V1,46f1f2fd7b1710ed745060e45f24f9db60f681e8010208e52e657f6e531da178,"[0, 1, 60, 61]",a0463e01376b218bbaeba8761671595b4c8d31e88eee47ba51f35a7328d1bb51,,components,LOCAL_FLINT_CPU,LOCAL_SINGLE_COORDINATOR_FLINT_CPU,WARM_NEW_SOURCE,FRESH_EXACT_SOLVE_WITH_INTERNAL_CHECKS_EXCLUDES_EXTERNAL_VERIFICATION,0,0,0,1,14,166912,16384,d5207e6b84fbabee961e83f3860a3bacaca585acd736c092903cacdfff692450,FLINT_EXACT_POLYNOMIAL,0,COMPLETE,OBSERVED_PATTERN,True,167040,0,0,CPU exact route includes its native polynomial readout/count checks; independently timed external verification excluded; no subprocess startup,deterministic retained-port-aware elimination or explicit component enumeration,,0.0230485110078007,0.0,0.0,0.0,,0.0,0.0026260820450261235,0.24408199603203684,0.24408199603203684,0.0,9de7b208fe4f209920c654230adcf9f2dee04eb0623b668c36b69819079a50c3,"{""N"": 105, ""source_family"": ""N105_P9G0_HISTORICAL_PACKET_RESTORATION_V1"", ""graph_hash"": ""1a5a3f398978af9ec44f29e6dedde0caacb3eaa35df2a7da5f0aada620afb2bf"", ""source_hash"": ""5776b29715e9a50cd9f500c1b53e676b5e8d4ed040d40ac02cad5f3eb90e7774"", ""edges"": 275, ""degree_min"": 5, ""degree_max"": 6, ""degree_mean"": 5.238095238095238, ""degree_std"": 0.4259177099999599, ""components"": 8, ""component_sizes"": [10, 10, 10, 15, 15, 15, 15, 15], ""max_component"": 15, ""local_assignments"": 166912, ""minfill_width"": 5, ""minfill_work"": 2328, ""minfill_order"": [0, 1, 2, 60, 61, 3, 4, 5, 62, 63, 6, 7, 8, 64, 65, 9, 10, 11, 66, 67, 12, 13, 14, 68, 69, 15, 16, 17, 70, 36, 37, 38, 71, 84, 85, 18, 19, 20, 72, 42, 43, 44, 73, 88, 89, 21, 22, 23, 74, 45, 46, 47, 75, 90, 91, 24, 25, 26, 76, 48, 49, 50, 77, 92, 93, 27, 28, 29, 78, 51, 52, 53, 79, 94, 95, 30, 31, 32, 80, 54, 55, 56, 81, 96, 97, 33, 34, 35, 82, 57, 58, 59, 83, 98, 99, 39, 40, 41, 86, 87, 100, 101, 102, 103, 104], ""energy_bound"": 275, ""root_bound"": 512, ""crt_primes"": 4, ""arithmetic_burden"": 4767744, ""coefficient_bound"": ""40564819207303340847894502572032"", ""coupling_multiplicities"": {""1"": 275}, ""symmetry"": ""not assumed"", ""degree_signature"": [5, 5, 5, 5, 5, 5, 5, 5, 5, 5, 5, 5, 5, 5, 5, 5, 5, 5, 5, 5, 5, 5, 5, 5, 5, 5, 5, 5, 5, 5, 5, 5, 5, 5, 5, 5, 5, 5, 5, 5, 5, 5, 5, 5, 5, 5, 5, 5, 5, 5, 5, 5, 5, 5, 5, 5, 5, 5, 5, 5, 5, 5, 5, 5, 5, 5, 5, 5, 5, 5, 5, 5, 5, 5, 5, 5, 5, 5, 5, 5, 6, 6, 6, 6, 6, 6, 6, 6, 6, 6, 6, 6, 6, 6, 6, 6, 6, 6, 6, 6, 6, 6, 6, 6, 6]}"
bfc4bd3883b43fe14ec2cfb4,N105,5776b29715e9a50cd9f500c1b53e676b5e8d4ed040d40ac02cad5f3eb90e7774,1a5a3f398978af9ec44f29e6dedde0caacb3eaa35df2a7da5f0aada620afb2bf,N105_P9G0_HISTORICAL_PACKET_RESTORATION_V1,46f1f2fd7b1710ed745060e45f24f9db60f681e8010208e52e657f6e531da178,"[0, 1, 60, 61]",36f415dc55f796534a8292eff61c9d1ffba193f9b9c59e84c444064502b52234,,variable_elimination,LOCAL_FLINT_CPU,LOCAL_SINGLE_COORDINATOR_FLINT_CPU,WARM_NEW_SOURCE,FRESH_EXACT_SOLVE_WITH_INTERNAL_CHECKS_EXCLUDES_EXTERNAL_VERIFICATION,0,0,0,1,5,2313,32,d5207e6b84fbabee961e83f3860a3bacaca585acd736c092903cacdfff692450,FLINT_EXACT_POLYNOMIAL,0,COMPLETE,OBSERVED_PATTERN,True,28546,0,0,CPU exact route includes its native polynomial readout/count checks; independently timed external verification excluded; no subprocess startup,deterministic retained-port-aware elimination or explicit component enumeration,,0.0230485110078007,0.0,0.0,0.0,,0.0,0.0022978379856795073,0.024194170022383332,0.024194170022383332,0.0,9de7b208fe4f209920c654230adcf9f2dee04eb0623b668c36b69819079a50c3,"{""N"": 105, ""source_family"": ""N105_P9G0_HISTORICAL_PACKET_RESTORATION_V1"", ""graph_hash"": ""1a5a3f398978af9ec44f29e6dedde0caacb3eaa35df2a7da5f0aada620afb2bf"", ""source_hash"": ""5776b29715e9a50cd9f500c1b53e676b5e8d4ed040d40ac02cad5f3eb90e7774"", ""edges"": 275, ""degree_min"": 5, ""degree_max"": 6, ""degree_mean"": 5.238095238095238, ""degree_std"": 0.4259177099999599, ""components"": 8, ""component_sizes"": [10, 10, 10, 15, 15, 15, 15, 15], ""max_component"": 15, ""local_assignments"": 166912, ""minfill_width"": 5, ""minfill_work"": 2328, ""minfill_order"": [0, 1, 2, 60, 61, 3, 4, 5, 62, 63, 6, 7, 8, 64, 65, 9, 10, 11, 66, 67, 12, 13, 14, 68, 69, 15, 16, 17, 70, 36, 37, 38, 71, 84, 85, 18, 19, 20, 72, 42, 43, 44, 73, 88, 89, 21, 22, 23, 74, 45, 46, 47, 75, 90, 91, 24, 25, 26, 76, 48, 49, 50, 77, 92, 93, 27, 28, 29, 78, 51, 52, 53, 79, 94, 95, 30, 31, 32, 80, 54, 55, 56, 81, 96, 97, 33, 34, 35, 82, 57, 58, 59, 83, 98, 99, 39, 40, 41, 86, 87, 100, 101, 102, 103, 104], ""energy_bound"": 275, ""root_bound"": 512, ""crt_primes"": 4, ""arithmetic_burden"": 4767744, ""coefficient_bound"": ""40564819207303340847894502572032"", ""coupling_multiplicities"": {""1"": 275}, ""symmetry"": ""not assumed"", ""degree_signature"": [5, 5, 5, 5, 5, 5, 5, 5, 5, 5, 5, 5, 5, 5, 5, 5, 5, 5, 5, 5, 5, 5, 5, 5, 5, 5, 5, 5, 5, 5, 5, 5, 5, 5, 5, 5, 5, 5, 5, 5, 5, 5, 5, 5, 5, 5, 5, 5, 5, 5, 5, 5, 5, 5, 5, 5, 5, 5, 5, 5, 5, 5, 5, 5, 5, 5, 5, 5, 5, 5, 5, 5, 5, 5, 5, 5, 5, 5, 5, 5, 6, 6, 6, 6, 6, 6, 6, 6, 6, 6, 6, 6, 6, 6, 6, 6, 6, 6, 6, 6, 6, 6, 6, 6, 6]}"
bfc4bd3883b43fe14ec2cfb4,N105,5776b29715e9a50cd9f500c1b53e676b5e8d4ed040d40ac02cad5f3eb90e7774,1a5a3f398978af9ec44f29e6dedde0caacb3eaa35df2a7da5f0aada620afb2bf,N105_P9G0_HISTORICAL_PACKET_RESTORATION_V1,46f1f2fd7b1710ed745060e45f24f9db60f681e8010208e52e657f6e531da178,"[0, 1, 60, 61]",b5075449eeaa00176fa42f3da9fdff93ddfd4bef5a814729e28ce1d431fd5fc2,,memo_components,LOCAL_FLINT_CPU,LOCAL_SINGLE_COORDINATOR_FLINT_CPU,WARM_NEW_SOURCE,FRESH_EXACT_SOLVE_WITH_INTERNAL_CHECKS_EXCLUDES_EXTERNAL_VERIFICATION,0,0,0,1,14,166912,16384,d5207e6b84fbabee961e83f3860a3bacaca585acd736c092903cacdfff692450,FLINT_EXACT_POLYNOMIAL,0,COMPLETE,OBSERVED_PATTERN,True,67603,4,4,CPU exact route includes its native polynomial readout/count checks; independently timed external verification excluded; no subprocess startup,deterministic retained-port-aware elimination or explicit component enumeration,,0.0230485110078007,0.0,0.0,0.0,,0.0,0.002471904968842864,0.10651268099900335,0.10651268099900335,0.0,9de7b208fe4f209920c654230adcf9f2dee04eb0623b668c36b69819079a50c3,"{""N"": 105, ""source_family"": ""N105_P9G0_HISTORICAL_PACKET_RESTORATION_V1"", ""graph_hash"": ""1a5a3f398978af9ec44f29e6dedde0caacb3eaa35df2a7da5f0aada620afb2bf"", ""source_hash"": ""5776b29715e9a50cd9f500c1b53e676b5e8d4ed040d40ac02cad5f3eb90e7774"", ""edges"": 275, ""degree_min"": 5, ""degree_max"": 6, ""degree_mean"": 5.238095238095238, ""degree_std"": 0.4259177099999599, ""components"": 8, ""component_sizes"": [10, 10, 10, 15, 15, 15, 15, 15], ""max_component"": 15, ""local_assignments"": 166912, ""minfill_width"": 5, ""minfill_work"": 2328, ""minfill_order"": [0, 1, 2, 60, 61, 3, 4, 5, 62, 63, 6, 7, 8, 64, 65, 9, 10, 11, 66, 67, 12, 13, 14, 68, 69, 15, 16, 17, 70, 36, 37, 38, 71, 84, 85, 18, 19, 20, 72, 42, 43, 44, 73, 88, 89, 21, 22, 23, 74, 45, 46, 47, 75, 90, 91, 24, 25, 26, 76, 48, 49, 50, 77, 92, 93, 27, 28, 29, 78, 51, 52, 53, 79, 94, 95, 30, 31, 32, 80, 54, 55, 56, 81, 96, 97, 33, 34, 35, 82, 57, 58, 59, 83, 98, 99, 39, 40, 41, 86, 87, 100, 101, 102, 103, 104], ""energy_bound"": 275, ""root_bound"": 512, ""crt_primes"": 4, ""arithmetic_burden"": 4767744, ""coefficient_bound"": ""40564819207303340847894502572032"", ""coupling_multiplicities"": {""1"": 275}, ""symmetry"": ""not assumed"", ""degree_signature"": [5, 5, 5, 5, 5, 5, 5, 5, 5, 5, 5, 5, 5, 5, 5, 5, 5, 5, 5, 5, 5, 5, 5, 5, 5, 5, 5, 5, 5, 5, 5, 5, 5, 5, 5, 5, 5, 5, 5, 5, 5, 5, 5, 5, 5, 5, 5, 5, 5, 5, 5, 5, 5, 5, 5, 5, 5, 5, 5, 5, 5, 5, 5, 5, 5, 5, 5, 5, 5, 5, 5, 5, 5, 5, 5, 5, 5, 5, 5, 5, 6, 6, 6, 6, 6, 6, 6, 6, 6, 6, 6, 6, 6, 6, 6, 6, 6, 6, 6, 6, 6, 6, 6, 6, 6]}"
bfc4bd3883b43fe14ec2cfb4,N105,5776b29715e9a50cd9f500c1b53e676b5e8d4ed040d40ac02cad5f3eb90e7774,1a5a3f398978af9ec44f29e6dedde0caacb3eaa35df2a7da5f0aada620afb2bf,N105_P9G0_HISTORICAL_PACKET_RESTORATION_V1,46f1f2fd7b1710ed745060e45f24f9db60f681e8010208e52e657f6e531da178,"[0, 1, 60, 61]",9f381cca28e40506d8ac88dfbef352c29577c82dd8927bb442bafa0c14a1d713,,warm_components,LOCAL_FLINT_CPU,LOCAL_SINGLE_COORDINATOR_FLINT_CPU,WARM_NEW_SOURCE,FRESH_EXACT_SOLVE_WITH_INTERNAL_CHECKS_EXCLUDES_EXTERNAL_VERIFICATION,0,0,0,1,14,166912,16384,d5207e6b84fbabee961e83f3860a3bacaca585acd736c092903cacdfff692450,FLINT_EXACT_POLYNOMIAL,0,COMPLETE,OBSERVED_PATTERN,True,67603,4,4,CPU exact route includes its native polynomial readout/count checks; independently timed external verification excluded; no subprocess startup,deterministic retained-port-aware elimination or explicit component enumeration,,0.0230485110078007,0.0,0.0,0.0,,0.0,0.0030179449822753668,0.11094627995043993,0.11094627995043993,0.0,9de7b208fe4f209920c654230adcf9f2dee04eb0623b668c36b69819079a50c3,"{""N"": 105, ""source_family"": ""N105_P9G0_HISTORICAL_PACKET_RESTORATION_V1"", ""graph_hash"": ""1a5a3f398978af9ec44f29e6dedde0caacb3eaa35df2a7da5f0aada620afb2bf"", ""source_hash"": ""5776b29715e9a50cd9f500c1b53e676b5e8d4ed040d40ac02cad5f3eb90e7774"", ""edges"": 275, ""degree_min"": 5, ""degree_max"": 6, ""degree_mean"": 5.238095238095238, ""degree_std"": 0.4259177099999599, ""components"": 8, ""component_sizes"": [10, 10, 10, 15, 15, 15, 15, 15], ""max_component"": 15, ""local_assignments"": 166912, ""minfill_width"": 5, ""minfill_work"": 2328, ""minfill_order"": [0, 1, 2, 60, 61, 3, 4, 5, 62, 63, 6, 7, 8, 64, 65, 9, 10, 11, 66, 67, 12, 13, 14, 68, 69, 15, 16, 17, 70, 36, 37, 38, 71, 84, 85, 18, 19, 20, 72, 42, 43, 44, 73, 88, 89, 21, 22, 23, 74, 45, 46, 47, 75, 90, 91, 24, 25, 26, 76, 48, 49, 50, 77, 92, 93, 27, 28, 29, 78, 51, 52, 53, 79, 94, 95, 30, 31, 32, 80, 54, 55, 56, 81, 96, 97, 33, 34, 35, 82, 57, 58, 59, 83, 98, 99, 39, 40, 41, 86, 87, 100, 101, 102, 103, 104], ""energy_bound"": 275, ""root_bound"": 512, ""crt_primes"": 4, ""arithmetic_burden"": 4767744, ""coefficient_bound"": ""40564819207303340847894502572032"", ""coupling_multiplicities"": {""1"": 275}, ""symmetry"": ""not assumed"", ""degree_signature"": [5, 5, 5, 5, 5, 5, 5, 5, 5, 5, 5, 5, 5, 5, 5, 5, 5, 5, 5, 5, 5, 5, 5, 5, 5, 5, 5, 5, 5, 5, 5, 5, 5, 5, 5, 5, 5, 5, 5, 5, 5, 5, 5, 5, 5, 5, 5, 5, 5, 5, 5, 5, 5, 5, 5, 5, 5, 5, 5, 5, 5, 5, 5, 5, 5, 5, 5, 5, 5, 5, 5, 5, 5, 5, 5, 5, 5, 5, 5, 5, 6, 6, 6, 6, 6, 6, 6, 6, 6, 6, 6, 6, 6, 6, 6, 6, 6, 6, 6, 6, 6, 6, 6, 6, 6]}"
bfc4bd3883b43fe14ec2cfb4,N105,5776b29715e9a50cd9f500c1b53e676b5e8d4ed040d40ac02cad5f3eb90e7774,1a5a3f398978af9ec44f29e6dedde0caacb3eaa35df2a7da5f0aada620afb2bf,N105_P9G0_HISTORICAL_PACKET_RESTORATION_V1,46f1f2fd7b1710ed745060e45f24f9db60f681e8010208e52e657f6e531da178,"[0, 1, 60, 61]",9f381cca28e40506d8ac88dfbef352c29577c82dd8927bb442bafa0c14a1d713,,warm_components,LOCAL_FLINT_CPU,LOCAL_SINGLE_COORDINATOR_FLINT_CPU,CACHE_REUSE,FRESH_EXACT_SOLVE_WITH_INTERNAL_CHECKS_EXCLUDES_EXTERNAL_VERIFICATION,0,0,0,1,14,166912,16384,d5207e6b84fbabee961e83f3860a3bacaca585acd736c092903cacdfff692450,FLINT_EXACT_POLYNOMIAL,1,COMPLETE,OBSERVED_PATTERN,True,0,8,0,CPU exact route includes its native polynomial readout/count checks; independently timed external verification excluded; no subprocess startup,deterministic retained-port-aware elimination or explicit component enumeration,,0.0230485110078007,0.0,0.0,0.0,,0.0,0.005467350012622774,0.02587813895661384,0.02587813895661384,0.0,9de7b208fe4f209920c654230adcf9f2dee04eb0623b668c36b69819079a50c3,"{""N"": 105, ""source_family"": ""N105_P9G0_HISTORICAL_PACKET_RESTORATION_V1"", ""graph_hash"": ""1a5a3f398978af9ec44f29e6dedde0caacb3eaa35df2a7da5f0aada620afb2bf"", ""source_hash"": ""5776b29715e9a50cd9f500c1b53e676b5e8d4ed040d40ac02cad5f3eb90e7774"", ""edges"": 275, ""degree_min"": 5, ""degree_max"": 6, ""degree_mean"": 5.238095238095238, ""degree_std"": 0.4259177099999599, ""components"": 8, ""component_sizes"": [10, 10, 10, 15, 15, 15, 15, 15], ""max_component"": 15, ""local_assignments"": 166912, ""minfill_width"": 5, ""minfill_work"": 2328, ""minfill_order"": [0, 1, 2, 60, 61, 3, 4, 5, 62, 63, 6, 7, 8, 64, 65, 9, 10, 11, 66, 67, 12, 13, 14, 68, 69, 15, 16, 17, 70, 36, 37, 38, 71, 84, 85, 18, 19, 20, 72, 42, 43, 44, 73, 88, 89, 21, 22, 23, 74, 45, 46, 47, 75, 90, 91, 24, 25, 26, 76, 48, 49, 50, 77, 92, 93, 27, 28, 29, 78, 51, 52, 53, 79, 94, 95, 30, 31, 32, 80, 54, 55, 56, 81, 96, 97, 33, 34, 35, 82, 57, 58, 59, 83, 98, 99, 39, 40, 41, 86, 87, 100, 101, 102, 103, 104], ""energy_bound"": 275, ""root_bound"": 512, ""crt_primes"": 4, ""arithmetic_burden"": 4767744, ""coefficient_bound"": ""40564819207303340847894502572032"", ""coupling_multiplicities"": {""1"": 275}, ""symmetry"": ""not assumed"", ""degree_signature"": [5, 5, 5, 5, 5, 5, 5, 5, 5, 5, 5, 5, 5, 5, 5, 5, 5, 5, 5, 5, 5, 5, 5, 5, 5, 5, 5, 5, 5, 5, 5, 5, 5, 5, 5, 5, 5, 5, 5, 5, 5, 5, 5, 5, 5, 5, 5, 5, 5, 5, 5, 5, 5, 5, 5, 5, 5, 5, 5, 5, 5, 5, 5, 5, 5, 5, 5, 5, 5, 5, 5, 5, 5, 5, 5, 5, 5, 5, 5, 5, 6, 6, 6, 6, 6, 6, 6, 6, 6, 6, 6, 6, 6, 6, 6, 6, 6, 6, 6, 6, 6, 6, 6, 6, 6]}"
bfc4bd3883b43fe14ec2cfb4,N105,5776b29715e9a50cd9f500c1b53e676b5e8d4ed040d40ac02cad5f3eb90e7774,1a5a3f398978af9ec44f29e6dedde0caacb3eaa35df2a7da5f0aada620afb2bf,N105_P9G0_HISTORICAL_PACKET_RESTORATION_V1,46f1f2fd7b1710ed745060e45f24f9db60f681e8010208e52e657f6e531da178,"[0, 1, 60, 61]",b5075449eeaa00176fa42f3da9fdff93ddfd4bef5a814729e28ce1d431fd5fc2,,memo_components,LOCAL_FLINT_CPU,LOCAL_SINGLE_COORDINATOR_FLINT_CPU,WARM_SAME_SOURCE,FRESH_EXACT_SOLVE_WITH_INTERNAL_CHECKS_EXCLUDES_EXTERNAL_VERIFICATION,0,0,0,1,14,166912,16384,d5207e6b84fbabee961e83f3860a3bacaca585acd736c092903cacdfff692450,FLINT_EXACT_POLYNOMIAL,1,COMPLETE,OBSERVED_PATTERN,True,67603,4,4,CPU exact route includes its native polynomial readout/count checks; independently timed external verification excluded; no subprocess startup,deterministic retained-port-aware elimination or explicit component enumeration,,0.0230485110078007,0.0,0.0,0.0,,0.0,0.0024764250265434384,0.10873080999590456,0.10873080999590456,0.0,9de7b208fe4f209920c654230adcf9f2dee04eb0623b668c36b69819079a50c3,"{""N"": 105, ""source_family"": ""N105_P9G0_HISTORICAL_PACKET_RESTORATION_V1"", ""graph_hash"": ""1a5a3f398978af9ec44f29e6dedde0caacb3eaa35df2a7da5f0aada620afb2bf"", ""source_hash"": ""5776b29715e9a50cd9f500c1b53e676b5e8d4ed040d40ac02cad5f3eb90e7774"", ""edges"": 275, ""degree_min"": 5, ""degree_max"": 6, ""degree_mean"": 5.238095238095238, ""degree_std"": 0.4259177099999599, ""components"": 8, ""component_sizes"": [10, 10, 10, 15, 15, 15, 15, 15], ""max_component"": 15, ""local_assignments"": 166912, ""minfill_width"": 5, ""minfill_work"": 2328, ""minfill_order"": [0, 1, 2, 60, 61, 3, 4, 5, 62, 63, 6, 7, 8, 64, 65, 9, 10, 11, 66, 67, 12, 13, 14, 68, 69, 15, 16, 17, 70, 36, 37, 38, 71, 84, 85, 18, 19, 20, 72, 42, 43, 44, 73, 88, 89, 21, 22, 23, 74, 45, 46, 47, 75, 90, 91, 24, 25, 26, 76, 48, 49, 50, 77, 92, 93, 27, 28, 29, 78, 51, 52, 53, 79, 94, 95, 30, 31, 32, 80, 54, 55, 56, 81, 96, 97, 33, 34, 35, 82, 57, 58, 59, 83, 98, 99, 39, 40, 41, 86, 87, 100, 101, 102, 103, 104], ""energy_bound"": 275, ""root_bound"": 512, ""crt_primes"": 4, ""arithmetic_burden"": 4767744, ""coefficient_bound"": ""40564819207303340847894502572032"", ""coupling_multiplicities"": {""1"": 275}, ""symmetry"": ""not assumed"", ""degree_signature"": [5, 5, 5, 5, 5, 5, 5, 5, 5, 5, 5, 5, 5, 5, 5, 5, 5, 5, 5, 5, 5, 5, 5, 5, 5, 5, 5, 5, 5, 5, 5, 5, 5, 5, 5, 5, 5, 5, 5, 5, 5, 5, 5, 5, 5, 5, 5, 5, 5, 5, 5, 5, 5, 5, 5, 5, 5, 5, 5, 5, 5, 5, 5, 5, 5, 5, 5, 5, 5, 5, 5, 5, 5, 5, 5, 5, 5, 5, 5, 5, 6, 6, 6, 6, 6, 6, 6, 6, 6, 6, 6, 6, 6, 6, 6, 6, 6, 6, 6, 6, 6, 6, 6, 6, 6]}"
bfc4bd3883b43fe14ec2cfb4,N105,5776b29715e9a50cd9f500c1b53e676b5e8d4ed040d40ac02cad5f3eb90e7774,1a5a3f398978af9ec44f29e6dedde0caacb3eaa35df2a7da5f0aada620afb2bf,N105_P9G0_HISTORICAL_PACKET_RESTORATION_V1,46f1f2fd7b1710ed745060e45f24f9db60f681e8010208e52e657f6e531da178,"[0, 1, 60, 61]",36f415dc55f796534a8292eff61c9d1ffba193f9b9c59e84c444064502b52234,,variable_elimination,LOCAL_FLINT_CPU,LOCAL_SINGLE_COORDINATOR_FLINT_CPU,WARM_SAME_SOURCE,FRESH_EXACT_SOLVE_WITH_INTERNAL_CHECKS_EXCLUDES_EXTERNAL_VERIFICATION,0,0,0,1,5,2313,32,d5207e6b84fbabee961e83f3860a3bacaca585acd736c092903cacdfff692450,FLINT_EXACT_POLYNOMIAL,1,COMPLETE,OBSERVED_PATTERN,True,28546,0,0,CPU exact route includes its native polynomial readout/count checks; independently timed external verification excluded; no subprocess startup,deterministic retained-port-aware elimination or explicit component enumeration,,0.0230485110078007,0.0,0.0,0.0,,0.0,0.0022822479950264096,0.024796778918243945,0.024796778918243945,0.0,9de7b208fe4f209920c654230adcf9f2dee04eb0623b668c36b69819079a50c3,"{""N"": 105, ""source_family"": ""N105_P9G0_HISTORICAL_PACKET_RESTORATION_V1"", ""graph_hash"": ""1a5a3f398978af9ec44f29e6dedde0caacb3eaa35df2a7da5f0aada620afb2bf"", ""source_hash"": ""5776b29715e9a50cd9f500c1b53e676b5e8d4ed040d40ac02cad5f3eb90e7774"", ""edges"": 275, ""degree_min"": 5, ""degree_max"": 6, ""degree_mean"": 5.238095238095238, ""degree_std"": 0.4259177099999599, ""components"": 8, ""component_sizes"": [10, 10, 10, 15, 15, 15, 15, 15], ""max_component"": 15, ""local_assignments"": 166912, ""minfill_width"": 5, ""minfill_work"": 2328, ""minfill_order"": [0, 1, 2, 60, 61, 3, 4, 5, 62, 63, 6, 7, 8, 64, 65, 9, 10, 11, 66, 67, 12, 13, 14, 68, 69, 15, 16, 17, 70, 36, 37, 38, 71, 84, 85, 18, 19, 20, 72, 42, 43, 44, 73, 88, 89, 21, 22, 23, 74, 45, 46, 47, 75, 90, 91, 24, 25, 26, 76, 48, 49, 50, 77, 92, 93, 27, 28, 29, 78, 51, 52, 53, 79, 94, 95, 30, 31, 32, 80, 54, 55, 56, 81, 96, 97, 33, 34, 35, 82, 57, 58, 59, 83, 98, 99, 39, 40, 41, 86, 87, 100, 101, 102, 103, 104], ""energy_bound"": 275, ""root_bound"": 512, ""crt_primes"": 4, ""arithmetic_burden"": 4767744, ""coefficient_bound"": ""40564819207303340847894502572032"", ""coupling_multiplicities"": {""1"": 275}, ""symmetry"": ""not assumed"", ""degree_signature"": [5, 5, 5, 5, 5, 5, 5, 5, 5, 5, 5, 5, 5, 5, 5, 5, 5, 5, 5, 5, 5, 5, 5, 5, 5, 5, 5, 5, 5, 5, 5, 5, 5, 5, 5, 5, 5, 5, 5, 5, 5, 5, 5, 5, 5, 5, 5, 5, 5, 5, 5, 5, 5, 5, 5, 5, 5, 5, 5, 5, 5, 5, 5, 5, 5, 5, 5, 5, 5, 5, 5, 5, 5, 5, 5, 5, 5, 5, 5, 5, 6, 6, 6, 6, 6, 6, 6, 6, 6, 6, 6, 6, 6, 6, 6, 6, 6, 6, 6, 6, 6, 6, 6, 6, 6]}"
bfc4bd3883b43fe14ec2cfb4,N105,5776b29715e9a50cd9f500c1b53e676b5e8d4ed040d40ac02cad5f3eb90e7774,1a5a3f398978af9ec44f29e6dedde0caacb3eaa35df2a7da5f0aada620afb2bf,N105_P9G0_HISTORICAL_PACKET_RESTORATION_V1,46f1f2fd7b1710ed745060e45f24f9db60f681e8010208e52e657f6e531da178,"[0, 1, 60, 61]",a0463e01376b218bbaeba8761671595b4c8d31e88eee47ba51f35a7328d1bb51,,components,LOCAL_FLINT_CPU,LOCAL_SINGLE_COORDINATOR_FLINT_CPU,WARM_SAME_SOURCE,FRESH_EXACT_SOLVE_WITH_INTERNAL_CHECKS_EXCLUDES_EXTERNAL_VERIFICATION,0,0,0,1,14,166912,16384,d5207e6b84fbabee961e83f3860a3bacaca585acd736c092903cacdfff692450,FLINT_EXACT_POLYNOMIAL,1,COMPLETE,OBSERVED_PATTERN,True,167040,0,0,CPU exact route includes its native polynomial readout/count checks; independently timed external verification excluded; no subprocess startup,deterministic retained-port-aware elimination or explicit component enumeration,,0.0230485110078007,0.0,0.0,0.0,,0.0,0.002602452994324267,0.23669246095232666,0.23669246095232666,0.0,9de7b208fe4f209920c654230adcf9f2dee04eb0623b668c36b69819079a50c3,"{""N"": 105, ""source_family"": ""N105_P9G0_HISTORICAL_PACKET_RESTORATION_V1"", ""graph_hash"": ""1a5a3f398978af9ec44f29e6dedde0caacb3eaa35df2a7da5f0aada620afb2bf"", ""source_hash"": ""5776b29715e9a50cd9f500c1b53e676b5e8d4ed040d40ac02cad5f3eb90e7774"", ""edges"": 275, ""degree_min"": 5, ""degree_max"": 6, ""degree_mean"": 5.238095238095238, ""degree_std"": 0.4259177099999599, ""components"": 8, ""component_sizes"": [10, 10, 10, 15, 15, 15, 15, 15], ""max_component"": 15, ""local_assignments"": 166912, ""minfill_width"": 5, ""minfill_work"": 2328, ""minfill_order"": [0, 1, 2, 60, 61, 3, 4, 5, 62, 63, 6, 7, 8, 64, 65, 9, 10, 11, 66, 67, 12, 13, 14, 68, 69, 15, 16, 17, 70, 36, 37, 38, 71, 84, 85, 18, 19, 20, 72, 42, 43, 44, 73, 88, 89, 21, 22, 23, 74, 45, 46, 47, 75, 90, 91, 24, 25, 26, 76, 48, 49, 50, 77, 92, 93, 27, 28, 29, 78, 51, 52, 53, 79, 94, 95, 30, 31, 32, 80, 54, 55, 56, 81, 96, 97, 33, 34, 35, 82, 57, 58, 59, 83, 98, 99, 39, 40, 41, 86, 87, 100, 101, 102, 103, 104], ""energy_bound"": 275, ""root_bound"": 512, ""crt_primes"": 4, ""arithmetic_burden"": 4767744, ""coefficient_bound"": ""40564819207303340847894502572032"", ""coupling_multiplicities"": {""1"": 275}, ""symmetry"": ""not assumed"", ""degree_signature"": [5, 5, 5, 5, 5, 5, 5, 5, 5, 5, 5, 5, 5, 5, 5, 5, 5, 5, 5, 5, 5, 5, 5, 5, 5, 5, 5, 5, 5, 5, 5, 5, 5, 5, 5, 5, 5, 5, 5, 5, 5, 5, 5, 5, 5, 5, 5, 5, 5, 5, 5, 5, 5, 5, 5, 5, 5, 5, 5, 5, 5, 5, 5, 5, 5, 5, 5, 5, 5, 5, 5, 5, 5, 5, 5, 5, 5, 5, 5, 5, 6, 6, 6, 6, 6, 6, 6, 6, 6, 6, 6, 6, 6, 6, 6, 6, 6, 6, 6, 6, 6, 6, 6, 6, 6]}"
bfc4bd3883b43fe14ec2cfb4,N105,5776b29715e9a50cd9f500c1b53e676b5e8d4ed040d40ac02cad5f3eb90e7774,1a5a3f398978af9ec44f29e6dedde0caacb3eaa35df2a7da5f0aada620afb2bf,N105_P9G0_HISTORICAL_PACKET_RESTORATION_V1,46f1f2fd7b1710ed745060e45f24f9db60f681e8010208e52e657f6e531da178,"[0, 1, 60, 61]",a0463e01376b218bbaeba8761671595b4c8d31e88eee47ba51f35a7328d1bb51,,components,LOCAL_FLINT_CPU,LOCAL_SINGLE_COORDINATOR_FLINT_CPU,WARM_SAME_SOURCE,FRESH_EXACT_SOLVE_WITH_INTERNAL_CHECKS_EXCLUDES_EXTERNAL_VERIFICATION,0,0,0,1,14,166912,16384,d5207e6b84fbabee961e83f3860a3bacaca585acd736c092903cacdfff692450,FLINT_EXACT_POLYNOMIAL,2,COMPLETE,OBSERVED_PATTERN,True,167040,0,0,CPU exact route includes its native polynomial readout/count checks; independently timed external verification excluded; no subprocess startup,deterministic retained-port-aware elimination or explicit component enumeration,,0.0230485110078007,0.0,0.0,0.0,,0.0,0.0026286719366908073,0.22585434699431062,0.22585434699431062,0.0,9de7b208fe4f209920c654230adcf9f2dee04eb0623b668c36b69819079a50c3,"{""N"": 105, ""source_family"": ""N105_P9G0_HISTORICAL_PACKET_RESTORATION_V1"", ""graph_hash"": ""1a5a3f398978af9ec44f29e6dedde0caacb3eaa35df2a7da5f0aada620afb2bf"", ""source_hash"": ""5776b29715e9a50cd9f500c1b53e676b5e8d4ed040d40ac02cad5f3eb90e7774"", ""edges"": 275, ""degree_min"": 5, ""degree_max"": 6, ""degree_mean"": 5.238095238095238, ""degree_std"": 0.4259177099999599, ""components"": 8, ""component_sizes"": [10, 10, 10, 15, 15, 15, 15, 15], ""max_component"": 15, ""local_assignments"": 166912, ""minfill_width"": 5, ""minfill_work"": 2328, ""minfill_order"": [0, 1, 2, 60, 61, 3, 4, 5, 62, 63, 6, 7, 8, 64, 65, 9, 10, 11, 66, 67, 12, 13, 14, 68, 69, 15, 16, 17, 70, 36, 37, 38, 71, 84, 85, 18, 19, 20, 72, 42, 43, 44, 73, 88, 89, 21, 22, 23, 74, 45, 46, 47, 75, 90, 91, 24, 25, 26, 76, 48, 49, 50, 77, 92, 93, 27, 28, 29, 78, 51, 52, 53, 79, 94, 95, 30, 31, 32, 80, 54, 55, 56, 81, 96, 97, 33, 34, 35, 82, 57, 58, 59, 83, 98, 99, 39, 40, 41, 86, 87, 100, 101, 102, 103, 104], ""energy_bound"": 275, ""root_bound"": 512, ""crt_primes"": 4, ""arithmetic_burden"": 4767744, ""coefficient_bound"": ""40564819207303340847894502572032"", ""coupling_multiplicities"": {""1"": 275}, ""symmetry"": ""not assumed"", ""degree_signature"": [5, 5, 5, 5, 5, 5, 5, 5, 5, 5, 5, 5, 5, 5, 5, 5, 5, 5, 5, 5, 5, 5, 5, 5, 5, 5, 5, 5, 5, 5, 5, 5, 5, 5, 5, 5, 5, 5, 5, 5, 5, 5, 5, 5, 5, 5, 5, 5, 5, 5, 5, 5, 5, 5, 5, 5, 5, 5, 5, 5, 5, 5, 5, 5, 5, 5, 5, 5, 5, 5, 5, 5, 5, 5, 5, 5, 5, 5, 5, 5, 6, 6, 6, 6, 6, 6, 6, 6, 6, 6, 6, 6, 6, 6, 6, 6, 6, 6, 6, 6, 6, 6, 6, 6, 6]}"
bfc4bd3883b43fe14ec2cfb4,N105,5776b29715e9a50cd9f500c1b53e676b5e8d4ed040d40ac02cad5f3eb90e7774,1a5a3f398978af9ec44f29e6dedde0caacb3eaa35df2a7da5f0aada620afb2bf,N105_P9G0_HISTORICAL_PACKET_RESTORATION_V1,46f1f2fd7b1710ed745060e45f24f9db60f681e8010208e52e657f6e531da178,"[0, 1, 60, 61]",36f415dc55f796534a8292eff61c9d1ffba193f9b9c59e84c444064502b52234,,variable_elimination,LOCAL_FLINT_CPU,LOCAL_SINGLE_COORDINATOR_FLINT_CPU,WARM_SAME_SOURCE,FRESH_EXACT_SOLVE_WITH_INTERNAL_CHECKS_EXCLUDES_EXTERNAL_VERIFICATION,0,0,0,1,5,2313,32,d5207e6b84fbabee961e83f3860a3bacaca585acd736c092903cacdfff692450,FLINT_EXACT_POLYNOMIAL,2,COMPLETE,OBSERVED_PATTERN,True,28546,0,0,CPU exact route includes its native polynomial readout/count checks; independently timed external verification excluded; no subprocess startup,deterministic retained-port-aware elimination or explicit component enumeration,,0.0230485110078007,0.0,0.0,0.0,,0.0,0.0023156870156526566,0.024245589040219784,0.024245589040219784,0.0,9de7b208fe4f209920c654230adcf9f2dee04eb0623b668c36b69819079a50c3,"{""N"": 105, ""source_family"": ""N105_P9G0_HISTORICAL_PACKET_RESTORATION_V1"", ""graph_hash"": ""1a5a3f398978af9ec44f29e6dedde0caacb3eaa35df2a7da5f0aada620afb2bf"", ""source_hash"": ""5776b29715e9a50cd9f500c1b53e676b5e8d4ed040d40ac02cad5f3eb90e7774"", ""edges"": 275, ""degree_min"": 5, ""degree_max"": 6, ""degree_mean"": 5.238095238095238, ""degree_std"": 0.4259177099999599, ""components"": 8, ""component_sizes"": [10, 10, 10, 15, 15, 15, 15, 15], ""max_component"": 15, ""local_assignments"": 166912, ""minfill_width"": 5, ""minfill_work"": 2328, ""minfill_order"": [0, 1, 2, 60, 61, 3, 4, 5, 62, 63, 6, 7, 8, 64, 65, 9, 10, 11, 66, 67, 12, 13, 14, 68, 69, 15, 16, 17, 70, 36, 37, 38, 71, 84, 85, 18, 19, 20, 72, 42, 43, 44, 73, 88, 89, 21, 22, 23, 74, 45, 46, 47, 75, 90, 91, 24, 25, 26, 76, 48, 49, 50, 77, 92, 93, 27, 28, 29, 78, 51, 52, 53, 79, 94, 95, 30, 31, 32, 80, 54, 55, 56, 81, 96, 97, 33, 34, 35, 82, 57, 58, 59, 83, 98, 99, 39, 40, 41, 86, 87, 100, 101, 102, 103, 104], ""energy_bound"": 275, ""root_bound"": 512, ""crt_primes"": 4, ""arithmetic_burden"": 4767744, ""coefficient_bound"": ""40564819207303340847894502572032"", ""coupling_multiplicities"": {""1"": 275}, ""symmetry"": ""not assumed"", ""degree_signature"": [5, 5, 5, 5, 5, 5, 5, 5, 5, 5, 5, 5, 5, 5, 5, 5, 5, 5, 5, 5, 5, 5, 5, 5, 5, 5, 5, 5, 5, 5, 5, 5, 5, 5, 5, 5, 5, 5, 5, 5, 5, 5, 5, 5, 5, 5, 5, 5, 5, 5, 5, 5, 5, 5, 5, 5, 5, 5, 5, 5, 5, 5, 5, 5, 5, 5, 5, 5, 5, 5, 5, 5, 5, 5, 5, 5, 5, 5, 5, 5, 6, 6, 6, 6, 6, 6, 6, 6, 6, 6, 6, 6, 6, 6, 6, 6, 6, 6, 6, 6, 6, 6, 6, 6, 6]}"
bfc4bd3883b43fe14ec2cfb4,N105,5776b29715e9a50cd9f500c1b53e676b5e8d4ed040d40ac02cad5f3eb90e7774,1a5a3f398978af9ec44f29e6dedde0caacb3eaa35df2a7da5f0aada620afb2bf,N105_P9G0_HISTORICAL_PACKET_RESTORATION_V1,46f1f2fd7b1710ed745060e45f24f9db60f681e8010208e52e657f6e531da178,"[0, 1, 60, 61]",b5075449eeaa00176fa42f3da9fdff93ddfd4bef5a814729e28ce1d431fd5fc2,,memo_components,LOCAL_FLINT_CPU,LOCAL_SINGLE_COORDINATOR_FLINT_CPU,WARM_SAME_SOURCE,FRESH_EXACT_SOLVE_WITH_INTERNAL_CHECKS_EXCLUDES_EXTERNAL_VERIFICATION,0,0,0,1,14,166912,16384,d5207e6b84fbabee961e83f3860a3bacaca585acd736c092903cacdfff692450,FLINT_EXACT_POLYNOMIAL,2,COMPLETE,OBSERVED_PATTERN,True,67603,4,4,CPU exact route includes its native polynomial readout/count checks; independently timed external verification excluded; no subprocess startup,deterministic retained-port-aware elimination or explicit component enumeration,,0.0230485110078007,0.0,0.0,0.0,,0.0,0.0025046339724212885,0.10557593696285039,0.10557593696285039,0.0,9de7b208fe4f209920c654230adcf9f2dee04eb0623b668c36b69819079a50c3,"{""N"": 105, ""source_family"": ""N105_P9G0_HISTORICAL_PACKET_RESTORATION_V1"", ""graph_hash"": ""1a5a3f398978af9ec44f29e6dedde0caacb3eaa35df2a7da5f0aada620afb2bf"", ""source_hash"": ""5776b29715e9a50cd9f500c1b53e676b5e8d4ed040d40ac02cad5f3eb90e7774"", ""edges"": 275, ""degree_min"": 5, ""degree_max"": 6, ""degree_mean"": 5.238095238095238, ""degree_std"": 0.4259177099999599, ""components"": 8, ""component_sizes"": [10, 10, 10, 15, 15, 15, 15, 15], ""max_component"": 15, ""local_assignments"": 166912, ""minfill_width"": 5, ""minfill_work"": 2328, ""minfill_order"": [0, 1, 2, 60, 61, 3, 4, 5, 62, 63, 6, 7, 8, 64, 65, 9, 10, 11, 66, 67, 12, 13, 14, 68, 69, 15, 16, 17, 70, 36, 37, 38, 71, 84, 85, 18, 19, 20, 72, 42, 43, 44, 73, 88, 89, 21, 22, 23, 74, 45, 46, 47, 75, 90, 91, 24, 25, 26, 76, 48, 49, 50, 77, 92, 93, 27, 28, 29, 78, 51, 52, 53, 79, 94, 95, 30, 31, 32, 80, 54, 55, 56, 81, 96, 97, 33, 34, 35, 82, 57, 58, 59, 83, 98, 99, 39, 40, 41, 86, 87, 100, 101, 102, 103, 104], ""energy_bound"": 275, ""root_bound"": 512, ""crt_primes"": 4, ""arithmetic_burden"": 4767744, ""coefficient_bound"": ""40564819207303340847894502572032"", ""coupling_multiplicities"": {""1"": 275}, ""symmetry"": ""not assumed"", ""degree_signature"": [5, 5, 5, 5, 5, 5, 5, 5, 5, 5, 5, 5, 5, 5, 5, 5, 5, 5, 5, 5, 5, 5, 5, 5, 5, 5, 5, 5, 5, 5, 5, 5, 5, 5, 5, 5, 5, 5, 5, 5, 5, 5, 5, 5, 5, 5, 5, 5, 5, 5, 5, 5, 5, 5, 5, 5, 5, 5, 5, 5, 5, 5, 5, 5, 5, 5, 5, 5, 5, 5, 5, 5, 5, 5, 5, 5, 5, 5, 5, 5, 6, 6, 6, 6, 6, 6, 6, 6, 6, 6, 6, 6, 6, 6, 6, 6, 6, 6, 6, 6, 6, 6, 6, 6, 6]}"
bfc4bd3883b43fe14ec2cfb4,N105,5776b29715e9a50cd9f500c1b53e676b5e8d4ed040d40ac02cad5f3eb90e7774,1a5a3f398978af9ec44f29e6dedde0caacb3eaa35df2a7da5f0aada620afb2bf,N105_P9G0_HISTORICAL_PACKET_RESTORATION_V1,46f1f2fd7b1710ed745060e45f24f9db60f681e8010208e52e657f6e531da178,"[0, 1, 60, 61]",9f381cca28e40506d8ac88dfbef352c29577c82dd8927bb442bafa0c14a1d713,,warm_components,LOCAL_FLINT_CPU,LOCAL_SINGLE_COORDINATOR_FLINT_CPU,CACHE_REUSE,FRESH_EXACT_SOLVE_WITH_INTERNAL_CHECKS_EXCLUDES_EXTERNAL_VERIFICATION,0,0,0,1,14,166912,16384,d5207e6b84fbabee961e83f3860a3bacaca585acd736c092903cacdfff692450,FLINT_EXACT_POLYNOMIAL,2,COMPLETE,OBSERVED_PATTERN,True,0,8,0,CPU exact route includes its native polynomial readout/count checks; independently timed external verification excluded; no subprocess startup,deterministic retained-port-aware elimination or explicit component enumeration,,0.0230485110078007,0.0,0.0,0.0,,0.0,0.0022106600226834416,0.014049643999896944,0.014049643999896944,0.0,9de7b208fe4f209920c654230adcf9f2dee04eb0623b668c36b69819079a50c3,"{""N"": 105, ""source_family"": ""N105_P9G0_HISTORICAL_PACKET_RESTORATION_V1"", ""graph_hash"": ""1a5a3f398978af9ec44f29e6dedde0caacb3eaa35df2a7da5f0aada620afb2bf"", ""source_hash"": ""5776b29715e9a50cd9f500c1b53e676b5e8d4ed040d40ac02cad5f3eb90e7774"", ""edges"": 275, ""degree_min"": 5, ""degree_max"": 6, ""degree_mean"": 5.238095238095238, ""degree_std"": 0.4259177099999599, ""components"": 8, ""component_sizes"": [10, 10, 10, 15, 15, 15, 15, 15], ""max_component"": 15, ""local_assignments"": 166912, ""minfill_width"": 5, ""minfill_work"": 2328, ""minfill_order"": [0, 1, 2, 60, 61, 3, 4, 5, 62, 63, 6, 7, 8, 64, 65, 9, 10, 11, 66, 67, 12, 13, 14, 68, 69, 15, 16, 17, 70, 36, 37, 38, 71, 84, 85, 18, 19, 20, 72, 42, 43, 44, 73, 88, 89, 21, 22, 23, 74, 45, 46, 47, 75, 90, 91, 24, 25, 26, 76, 48, 49, 50, 77, 92, 93, 27, 28, 29, 78, 51, 52, 53, 79, 94, 95, 30, 31, 32, 80, 54, 55, 56, 81, 96, 97, 33, 34, 35, 82, 57, 58, 59, 83, 98, 99, 39, 40, 41, 86, 87, 100, 101, 102, 103, 104], ""energy_bound"": 275, ""root_bound"": 512, ""crt_primes"": 4, ""arithmetic_burden"": 4767744, ""coefficient_bound"": ""40564819207303340847894502572032"", ""coupling_multiplicities"": {""1"": 275}, ""symmetry"": ""not assumed"", ""degree_signature"": [5, 5, 5, 5, 5, 5, 5, 5, 5, 5, 5, 5, 5, 5, 5, 5, 5, 5, 5, 5, 5, 5, 5, 5, 5, 5, 5, 5, 5, 5, 5, 5, 5, 5, 5, 5, 5, 5, 5, 5, 5, 5, 5, 5, 5, 5, 5, 5, 5, 5, 5, 5, 5, 5, 5, 5, 5, 5, 5, 5, 5, 5, 5, 5, 5, 5, 5, 5, 5, 5, 5, 5, 5, 5, 5, 5, 5, 5, 5, 5, 6, 6, 6, 6, 6, 6, 6, 6, 6, 6, 6, 6, 6, 6, 6, 6, 6, 6, 6, 6, 6, 6, 6, 6, 6]}"
