family,method,repeat,duration_ns,comparison_ns,verification_hash,answer_hash,duration_ms
packet,PACKET_WARM,0,22448963,2606269,e92322bd9407d7f3ef50bf29c355d33f1370adaec05a2225c14f980a14a37a7a,bfd10d231b83da72d2e32429ad86ca82b4f2b8e573ae4de8dad0331afcea90f8,22.448963
signed_packet,PACKET_WARM,0,16431334,2322146,8c193e7be6bf80dec47c650e146e6a3670e470907185d488431d6717abad3972,fbea5b255b32db2596358c3f122c49eea98f10026d0e32f8c430dc73a36e44ed,16.431334
signed_packet_chain,PACKET_WARM,0,23410859,2301131,05dc5d471e0c664a7bba7df02c4d5d0bf17c7e9f1b5a029ea93ee77c6757afec,f6e469e19d46c4f326cbcc5870deae89d57659092dae72b200a9b5dc6cb9f830,23.410859
signed_packet,PACKET_WARM,1,18072014,2406796,8c193e7be6bf80dec47c650e146e6a3670e470907185d488431d6717abad3972,fbea5b255b32db2596358c3f122c49eea98f10026d0e32f8c430dc73a36e44ed,18.072014
signed_packet_chain,PACKET_WARM,1,20752605,2775830,05dc5d471e0c664a7bba7df02c4d5d0bf17c7e9f1b5a029ea93ee77c6757afec,f6e469e19d46c4f326cbcc5870deae89d57659092dae72b200a9b5dc6cb9f830,20.752605
packet,PACKET_WARM,1,16535572,2739097,e92322bd9407d7f3ef50bf29c355d33f1370adaec05a2225c14f980a14a37a7a,bfd10d231b83da72d2e32429ad86ca82b4f2b8e573ae4de8dad0331afcea90f8,16.535572
signed_packet_chain,PACKET_WARM,2,20735584,2692314,05dc5d471e0c664a7bba7df02c4d5d0bf17c7e9f1b5a029ea93ee77c6757afec,f6e469e19d46c4f326cbcc5870deae89d57659092dae72b200a9b5dc6cb9f830,20.735584
packet,PACKET_WARM,2,16177826,2831430,e92322bd9407d7f3ef50bf29c355d33f1370adaec05a2225c14f980a14a37a7a,bfd10d231b83da72d2e32429ad86ca82b4f2b8e573ae4de8dad0331afcea90f8,16.177826
signed_packet,PACKET_WARM,2,16450992,2819369,8c193e7be6bf80dec47c650e146e6a3670e470907185d488431d6717abad3972,fbea5b255b32db2596358c3f122c49eea98f10026d0e32f8c430dc73a36e44ed,16.450992
packet,PACKET_WARM,3,25412886,2653868,e92322bd9407d7f3ef50bf29c355d33f1370adaec05a2225c14f980a14a37a7a,bfd10d231b83da72d2e32429ad86ca82b4f2b8e573ae4de8dad0331afcea90f8,25.412886
signed_packet,PACKET_WARM,3,18392137,3410908,8c193e7be6bf80dec47c650e146e6a3670e470907185d488431d6717abad3972,fbea5b255b32db2596358c3f122c49eea98f10026d0e32f8c430dc73a36e44ed,18.392137
signed_packet_chain,PACKET_WARM,3,20227364,2775956,05dc5d471e0c664a7bba7df02c4d5d0bf17c7e9f1b5a029ea93ee77c6757afec,f6e469e19d46c4f326cbcc5870deae89d57659092dae72b200a9b5dc6cb9f830,20.227364
signed_packet,PACKET_WARM,4,16770135,3211498,8c193e7be6bf80dec47c650e146e6a3670e470907185d488431d6717abad3972,fbea5b255b32db2596358c3f122c49eea98f10026d0e32f8c430dc73a36e44ed,16.770135
signed_packet_chain,PACKET_WARM,4,19667318,2970342,05dc5d471e0c664a7bba7df02c4d5d0bf17c7e9f1b5a029ea93ee77c6757afec,f6e469e19d46c4f326cbcc5870deae89d57659092dae72b200a9b5dc6cb9f830,19.667318
packet,PACKET_WARM,4,16366555,3082096,e92322bd9407d7f3ef50bf29c355d33f1370adaec05a2225c14f980a14a37a7a,bfd10d231b83da72d2e32429ad86ca82b4f2b8e573ae4de8dad0331afcea90f8,16.366555
signed_packet_chain,PACKET_WARM,5,20230908,2682322,05dc5d471e0c664a7bba7df02c4d5d0bf17c7e9f1b5a029ea93ee77c6757afec,f6e469e19d46c4f326cbcc5870deae89d57659092dae72b200a9b5dc6cb9f830,20.230908
packet,PACKET_WARM,5,16994276,3079325,e92322bd9407d7f3ef50bf29c355d33f1370adaec05a2225c14f980a14a37a7a,bfd10d231b83da72d2e32429ad86ca82b4f2b8e573ae4de8dad0331afcea90f8,16.994276
signed_packet,PACKET_WARM,5,16390143,2671417,8c193e7be6bf80dec47c650e146e6a3670e470907185d488431d6717abad3972,fbea5b255b32db2596358c3f122c49eea98f10026d0e32f8c430dc73a36e44ed,16.390143
packet,PACKET_WARM,6,21787020,2740442,e92322bd9407d7f3ef50bf29c355d33f1370adaec05a2225c14f980a14a37a7a,bfd10d231b83da72d2e32429ad86ca82b4f2b8e573ae4de8dad0331afcea90f8,21.78702
signed_packet,PACKET_WARM,6,16934190,2802905,8c193e7be6bf80dec47c650e146e6a3670e470907185d488431d6717abad3972,fbea5b255b32db2596358c3f122c49eea98f10026d0e32f8c430dc73a36e44ed,16.93419
signed_packet_chain,PACKET_WARM,6,28536505,2930862,05dc5d471e0c664a7bba7df02c4d5d0bf17c7e9f1b5a029ea93ee77c6757afec,f6e469e19d46c4f326cbcc5870deae89d57659092dae72b200a9b5dc6cb9f830,28.536505
signed_packet,PACKET_WARM,7,16421727,2640416,8c193e7be6bf80dec47c650e146e6a3670e470907185d488431d6717abad3972,fbea5b255b32db2596358c3f122c49eea98f10026d0e32f8c430dc73a36e44ed,16.421727
signed_packet_chain,PACKET_WARM,7,20632264,2714967,05dc5d471e0c664a7bba7df02c4d5d0bf17c7e9f1b5a029ea93ee77c6757afec,f6e469e19d46c4f326cbcc5870deae89d57659092dae72b200a9b5dc6cb9f830,20.632264
packet,PACKET_WARM,7,16674805,2738522,e92322bd9407d7f3ef50bf29c355d33f1370adaec05a2225c14f980a14a37a7a,bfd10d231b83da72d2e32429ad86ca82b4f2b8e573ae4de8dad0331afcea90f8,16.674805
signed_packet_chain,PACKET_WARM,8,19840285,3173966,05dc5d471e0c664a7bba7df02c4d5d0bf17c7e9f1b5a029ea93ee77c6757afec,f6e469e19d46c4f326cbcc5870deae89d57659092dae72b200a9b5dc6cb9f830,19.840285
packet,PACKET_WARM,8,16027244,2917683,e92322bd9407d7f3ef50bf29c355d33f1370adaec05a2225c14f980a14a37a7a,bfd10d231b83da72d2e32429ad86ca82b4f2b8e573ae4de8dad0331afcea90f8,16.027244
signed_packet,PACKET_WARM,8,17008529,2663795,8c193e7be6bf80dec47c650e146e6a3670e470907185d488431d6717abad3972,fbea5b255b32db2596358c3f122c49eea98f10026d0e32f8c430dc73a36e44ed,17.008529
packet,PACKET_WARM,9,16429338,3060398,e92322bd9407d7f3ef50bf29c355d33f1370adaec05a2225c14f980a14a37a7a,bfd10d231b83da72d2e32429ad86ca82b4f2b8e573ae4de8dad0331afcea90f8,16.429338
signed_packet,PACKET_WARM,9,16407117,2736180,8c193e7be6bf80dec47c650e146e6a3670e470907185d488431d6717abad3972,fbea5b255b32db2596358c3f122c49eea98f10026d0e32f8c430dc73a36e44ed,16.407117
signed_packet_chain,PACKET_WARM,9,20637421,2953160,05dc5d471e0c664a7bba7df02c4d5d0bf17c7e9f1b5a029ea93ee77c6757afec,f6e469e19d46c4f326cbcc5870deae89d57659092dae72b200a9b5dc6cb9f830,20.637421
signed_packet,PACKET_WARM,10,29020615,2871676,8c193e7be6bf80dec47c650e146e6a3670e470907185d488431d6717abad3972,fbea5b255b32db2596358c3f122c49eea98f10026d0e32f8c430dc73a36e44ed,29.020615
signed_packet_chain,PACKET_WARM,10,20443505,2742527,05dc5d471e0c664a7bba7df02c4d5d0bf17c7e9f1b5a029ea93ee77c6757afec,f6e469e19d46c4f326cbcc5870deae89d57659092dae72b200a9b5dc6cb9f830,20.443505
packet,PACKET_WARM,10,16898468,3021760,e92322bd9407d7f3ef50bf29c355d33f1370adaec05a2225c14f980a14a37a7a,bfd10d231b83da72d2e32429ad86ca82b4f2b8e573ae4de8dad0331afcea90f8,16.898468
signed_packet_chain,PACKET_WARM,11,20168267,2718425,05dc5d471e0c664a7bba7df02c4d5d0bf17c7e9f1b5a029ea93ee77c6757afec,f6e469e19d46c4f326cbcc5870deae89d57659092dae72b200a9b5dc6cb9f830,20.168267
packet,PACKET_WARM,11,16400599,3167757,e92322bd9407d7f3ef50bf29c355d33f1370adaec05a2225c14f980a14a37a7a,bfd10d231b83da72d2e32429ad86ca82b4f2b8e573ae4de8dad0331afcea90f8,16.400599
signed_packet,PACKET_WARM,11,19382099,2685847,8c193e7be6bf80dec47c650e146e6a3670e470907185d488431d6717abad3972,fbea5b255b32db2596358c3f122c49eea98f10026d0e32f8c430dc73a36e44ed,19.382099
packet,PACKET_WARM,12,16088977,3050479,e92322bd9407d7f3ef50bf29c355d33f1370adaec05a2225c14f980a14a37a7a,bfd10d231b83da72d2e32429ad86ca82b4f2b8e573ae4de8dad0331afcea90f8,16.088977
signed_packet,PACKET_WARM,12,16729173,2726634,8c193e7be6bf80dec47c650e146e6a3670e470907185d488431d6717abad3972,fbea5b255b32db2596358c3f122c49eea98f10026d0e32f8c430dc73a36e44ed,16.729173
signed_packet_chain,PACKET_WARM,12,22157538,2973351,05dc5d471e0c664a7bba7df02c4d5d0bf17c7e9f1b5a029ea93ee77c6757afec,f6e469e19d46c4f326cbcc5870deae89d57659092dae72b200a9b5dc6cb9f830,22.157538
signed_packet,PACKET_WARM,13,17123154,2820436,8c193e7be6bf80dec47c650e146e6a3670e470907185d488431d6717abad3972,fbea5b255b32db2596358c3f122c49eea98f10026d0e32f8c430dc73a36e44ed,17.123154
signed_packet_chain,PACKET_WARM,13,31814017,2774650,05dc5d471e0c664a7bba7df02c4d5d0bf17c7e9f1b5a029ea93ee77c6757afec,f6e469e19d46c4f326cbcc5870deae89d57659092dae72b200a9b5dc6cb9f830,31.814017
packet,PACKET_WARM,13,16400612,3482421,e92322bd9407d7f3ef50bf29c355d33f1370adaec05a2225c14f980a14a37a7a,bfd10d231b83da72d2e32429ad86ca82b4f2b8e573ae4de8dad0331afcea90f8,16.400612
signed_packet_chain,PACKET_WARM,14,21716813,2822332,05dc5d471e0c664a7bba7df02c4d5d0bf17c7e9f1b5a029ea93ee77c6757afec,f6e469e19d46c4f326cbcc5870deae89d57659092dae72b200a9b5dc6cb9f830,21.716813
packet,PACKET_WARM,14,19295488,3130036,e92322bd9407d7f3ef50bf29c355d33f1370adaec05a2225c14f980a14a37a7a,bfd10d231b83da72d2e32429ad86ca82b4f2b8e573ae4de8dad0331afcea90f8,19.295488
signed_packet,PACKET_WARM,14,16979916,2971516,8c193e7be6bf80dec47c650e146e6a3670e470907185d488431d6717abad3972,fbea5b255b32db2596358c3f122c49eea98f10026d0e32f8c430dc73a36e44ed,16.979916
packet,PACKET_WARM,15,16163126,2855400,e92322bd9407d7f3ef50bf29c355d33f1370adaec05a2225c14f980a14a37a7a,bfd10d231b83da72d2e32429ad86ca82b4f2b8e573ae4de8dad0331afcea90f8,16.163126
signed_packet,PACKET_WARM,15,17145253,2747893,8c193e7be6bf80dec47c650e146e6a3670e470907185d488431d6717abad3972,fbea5b255b32db2596358c3f122c49eea98f10026d0e32f8c430dc73a36e44ed,17.145253
signed_packet_chain,PACKET_WARM,15,20090550,2784838,05dc5d471e0c664a7bba7df02c4d5d0bf17c7e9f1b5a029ea93ee77c6757afec,f6e469e19d46c4f326cbcc5870deae89d57659092dae72b200a9b5dc6cb9f830,20.09055
signed_packet,PACKET_WARM,16,16296901,2624169,8c193e7be6bf80dec47c650e146e6a3670e470907185d488431d6717abad3972,fbea5b255b32db2596358c3f122c49eea98f10026d0e32f8c430dc73a36e44ed,16.296901
signed_packet_chain,PACKET_WARM,16,19734409,2696747,05dc5d471e0c664a7bba7df02c4d5d0bf17c7e9f1b5a029ea93ee77c6757afec,f6e469e19d46c4f326cbcc5870deae89d57659092dae72b200a9b5dc6cb9f830,19.734409
packet,PACKET_WARM,16,25028447,2666009,e92322bd9407d7f3ef50bf29c355d33f1370adaec05a2225c14f980a14a37a7a,bfd10d231b83da72d2e32429ad86ca82b4f2b8e573ae4de8dad0331afcea90f8,25.028447
signed_packet_chain,PACKET_WARM,17,20372338,2811318,05dc5d471e0c664a7bba7df02c4d5d0bf17c7e9f1b5a029ea93ee77c6757afec,f6e469e19d46c4f326cbcc5870deae89d57659092dae72b200a9b5dc6cb9f830,20.372338
packet,PACKET_WARM,17,16784287,2992436,e92322bd9407d7f3ef50bf29c355d33f1370adaec05a2225c14f980a14a37a7a,bfd10d231b83da72d2e32429ad86ca82b4f2b8e573ae4de8dad0331afcea90f8,16.784287
signed_packet,PACKET_WARM,17,16367170,2689217,8c193e7be6bf80dec47c650e146e6a3670e470907185d488431d6717abad3972,fbea5b255b32db2596358c3f122c49eea98f10026d0e32f8c430dc73a36e44ed,16.36717
packet,PACKET_WARM,18,18433163,2741805,e92322bd9407d7f3ef50bf29c355d33f1370adaec05a2225c14f980a14a37a7a,bfd10d231b83da72d2e32429ad86ca82b4f2b8e573ae4de8dad0331afcea90f8,18.433163
signed_packet,PACKET_WARM,18,16696108,2635209,8c193e7be6bf80dec47c650e146e6a3670e470907185d488431d6717abad3972,fbea5b255b32db2596358c3f122c49eea98f10026d0e32f8c430dc73a36e44ed,16.696108
signed_packet_chain,PACKET_WARM,18,20530885,2901133,05dc5d471e0c664a7bba7df02c4d5d0bf17c7e9f1b5a029ea93ee77c6757afec,f6e469e19d46c4f326cbcc5870deae89d57659092dae72b200a9b5dc6cb9f830,20.530885
signed_packet,PACKET_WARM,19,17265080,2778339,8c193e7be6bf80dec47c650e146e6a3670e470907185d488431d6717abad3972,fbea5b255b32db2596358c3f122c49eea98f10026d0e32f8c430dc73a36e44ed,17.26508
signed_packet_chain,PACKET_WARM,19,20035235,2779180,05dc5d471e0c664a7bba7df02c4d5d0bf17c7e9f1b5a029ea93ee77c6757afec,f6e469e19d46c4f326cbcc5870deae89d57659092dae72b200a9b5dc6cb9f830,20.035235
packet,PACKET_WARM,19,17388490,2824344,e92322bd9407d7f3ef50bf29c355d33f1370adaec05a2225c14f980a14a37a7a,bfd10d231b83da72d2e32429ad86ca82b4f2b8e573ae4de8dad0331afcea90f8,17.38849
signed_packet_chain,PACKET_WARM,20,32674469,2881339,05dc5d471e0c664a7bba7df02c4d5d0bf17c7e9f1b5a029ea93ee77c6757afec,f6e469e19d46c4f326cbcc5870deae89d57659092dae72b200a9b5dc6cb9f830,32.674469
packet,PACKET_WARM,20,18087479,2811414,e92322bd9407d7f3ef50bf29c355d33f1370adaec05a2225c14f980a14a37a7a,bfd10d231b83da72d2e32429ad86ca82b4f2b8e573ae4de8dad0331afcea90f8,18.087479
signed_packet,PACKET_WARM,20,16414086,2676701,8c193e7be6bf80dec47c650e146e6a3670e470907185d488431d6717abad3972,fbea5b255b32db2596358c3f122c49eea98f10026d0e32f8c430dc73a36e44ed,16.414086
packet,PACKET_WARM,21,16091537,2751692,e92322bd9407d7f3ef50bf29c355d33f1370adaec05a2225c14f980a14a37a7a,bfd10d231b83da72d2e32429ad86ca82b4f2b8e573ae4de8dad0331afcea90f8,16.091537
signed_packet,PACKET_WARM,21,17187647,2806278,8c193e7be6bf80dec47c650e146e6a3670e470907185d488431d6717abad3972,fbea5b255b32db2596358c3f122c49eea98f10026d0e32f8c430dc73a36e44ed,17.187647
signed_packet_chain,PACKET_WARM,21,19825721,3676503,05dc5d471e0c664a7bba7df02c4d5d0bf17c7e9f1b5a029ea93ee77c6757afec,f6e469e19d46c4f326cbcc5870deae89d57659092dae72b200a9b5dc6cb9f830,19.825721
signed_packet,PACKET_WARM,22,18093984,2703322,8c193e7be6bf80dec47c650e146e6a3670e470907185d488431d6717abad3972,fbea5b255b32db2596358c3f122c49eea98f10026d0e32f8c430dc73a36e44ed,18.093984
signed_packet_chain,PACKET_WARM,22,20737008,2777561,05dc5d471e0c664a7bba7df02c4d5d0bf17c7e9f1b5a029ea93ee77c6757afec,f6e469e19d46c4f326cbcc5870deae89d57659092dae72b200a9b5dc6cb9f830,20.737008
packet,PACKET_WARM,22,16993134,2876510,e92322bd9407d7f3ef50bf29c355d33f1370adaec05a2225c14f980a14a37a7a,bfd10d231b83da72d2e32429ad86ca82b4f2b8e573ae4de8dad0331afcea90f8,16.993134
signed_packet_chain,PACKET_WARM,23,20382512,4428519,05dc5d471e0c664a7bba7df02c4d5d0bf17c7e9f1b5a029ea93ee77c6757afec,f6e469e19d46c4f326cbcc5870deae89d57659092dae72b200a9b5dc6cb9f830,20.382512
packet,PACKET_WARM,23,16298828,2772820,e92322bd9407d7f3ef50bf29c355d33f1370adaec05a2225c14f980a14a37a7a,bfd10d231b83da72d2e32429ad86ca82b4f2b8e573ae4de8dad0331afcea90f8,16.298828
signed_packet,PACKET_WARM,23,29402628,2819630,8c193e7be6bf80dec47c650e146e6a3670e470907185d488431d6717abad3972,fbea5b255b32db2596358c3f122c49eea98f10026d0e32f8c430dc73a36e44ed,29.402628
packet,PACKET_WARM,24,17299643,2831025,e92322bd9407d7f3ef50bf29c355d33f1370adaec05a2225c14f980a14a37a7a,bfd10d231b83da72d2e32429ad86ca82b4f2b8e573ae4de8dad0331afcea90f8,17.299643
signed_packet,PACKET_WARM,24,19378651,2901932,8c193e7be6bf80dec47c650e146e6a3670e470907185d488431d6717abad3972,fbea5b255b32db2596358c3f122c49eea98f10026d0e32f8c430dc73a36e44ed,19.378651
signed_packet_chain,PACKET_WARM,24,20071873,3410532,05dc5d471e0c664a7bba7df02c4d5d0bf17c7e9f1b5a029ea93ee77c6757afec,f6e469e19d46c4f326cbcc5870deae89d57659092dae72b200a9b5dc6cb9f830,20.071873
signed_packet,PACKET_WARM,25,17174394,2756636,8c193e7be6bf80dec47c650e146e6a3670e470907185d488431d6717abad3972,fbea5b255b32db2596358c3f122c49eea98f10026d0e32f8c430dc73a36e44ed,17.174394
signed_packet_chain,PACKET_WARM,25,20422502,2894960,05dc5d471e0c664a7bba7df02c4d5d0bf17c7e9f1b5a029ea93ee77c6757afec,f6e469e19d46c4f326cbcc5870deae89d57659092dae72b200a9b5dc6cb9f830,20.422502
packet,PACKET_WARM,25,19921936,4442011,e92322bd9407d7f3ef50bf29c355d33f1370adaec05a2225c14f980a14a37a7a,bfd10d231b83da72d2e32429ad86ca82b4f2b8e573ae4de8dad0331afcea90f8,19.921936
signed_packet_chain,PACKET_WARM,26,20708635,3273223,05dc5d471e0c664a7bba7df02c4d5d0bf17c7e9f1b5a029ea93ee77c6757afec,f6e469e19d46c4f326cbcc5870deae89d57659092dae72b200a9b5dc6cb9f830,20.708635
packet,PACKET_WARM,26,16261470,2774572,e92322bd9407d7f3ef50bf29c355d33f1370adaec05a2225c14f980a14a37a7a,bfd10d231b83da72d2e32429ad86ca82b4f2b8e573ae4de8dad0331afcea90f8,16.26147
signed_packet,PACKET_WARM,26,17202325,2945927,8c193e7be6bf80dec47c650e146e6a3670e470907185d488431d6717abad3972,fbea5b255b32db2596358c3f122c49eea98f10026d0e32f8c430dc73a36e44ed,17.202325
packet,PACKET_WARM,27,28474665,2993565,e92322bd9407d7f3ef50bf29c355d33f1370adaec05a2225c14f980a14a37a7a,bfd10d231b83da72d2e32429ad86ca82b4f2b8e573ae4de8dad0331afcea90f8,28.474665
signed_packet,PACKET_WARM,27,17867754,3011087,8c193e7be6bf80dec47c650e146e6a3670e470907185d488431d6717abad3972,fbea5b255b32db2596358c3f122c49eea98f10026d0e32f8c430dc73a36e44ed,17.867754
signed_packet_chain,PACKET_WARM,27,20337773,3580753,05dc5d471e0c664a7bba7df02c4d5d0bf17c7e9f1b5a029ea93ee77c6757afec,f6e469e19d46c4f326cbcc5870deae89d57659092dae72b200a9b5dc6cb9f830,20.337773
signed_packet,PACKET_WARM,28,16634926,2705205,8c193e7be6bf80dec47c650e146e6a3670e470907185d488431d6717abad3972,fbea5b255b32db2596358c3f122c49eea98f10026d0e32f8c430dc73a36e44ed,16.634926
signed_packet_chain,PACKET_WARM,28,22548837,2840035,05dc5d471e0c664a7bba7df02c4d5d0bf17c7e9f1b5a029ea93ee77c6757afec,f6e469e19d46c4f326cbcc5870deae89d57659092dae72b200a9b5dc6cb9f830,22.548837
packet,PACKET_WARM,28,18320597,2780424,e92322bd9407d7f3ef50bf29c355d33f1370adaec05a2225c14f980a14a37a7a,bfd10d231b83da72d2e32429ad86ca82b4f2b8e573ae4de8dad0331afcea90f8,18.320597
signed_packet_chain,PACKET_WARM,29,19934884,4190881,05dc5d471e0c664a7bba7df02c4d5d0bf17c7e9f1b5a029ea93ee77c6757afec,f6e469e19d46c4f326cbcc5870deae89d57659092dae72b200a9b5dc6cb9f830,19.934884
packet,PACKET_WARM,29,17128256,2729994,e92322bd9407d7f3ef50bf29c355d33f1370adaec05a2225c14f980a14a37a7a,bfd10d231b83da72d2e32429ad86ca82b4f2b8e573ae4de8dad0331afcea90f8,17.128256
signed_packet,PACKET_WARM,29,20956549,2723256,8c193e7be6bf80dec47c650e146e6a3670e470907185d488431d6717abad3972,fbea5b255b32db2596358c3f122c49eea98f10026d0e32f8c430dc73a36e44ed,20.956549
packet,PACKET_WARM,30,18939926,3226432,e92322bd9407d7f3ef50bf29c355d33f1370adaec05a2225c14f980a14a37a7a,bfd10d231b83da72d2e32429ad86ca82b4f2b8e573ae4de8dad0331afcea90f8,18.939926
signed_packet,PACKET_WARM,30,26688959,2894991,8c193e7be6bf80dec47c650e146e6a3670e470907185d488431d6717abad3972,fbea5b255b32db2596358c3f122c49eea98f10026d0e32f8c430dc73a36e44ed,26.688959
signed_packet_chain,PACKET_WARM,30,20132513,3556956,05dc5d471e0c664a7bba7df02c4d5d0bf17c7e9f1b5a029ea93ee77c6757afec,f6e469e19d46c4f326cbcc5870deae89d57659092dae72b200a9b5dc6cb9f830,20.132513
packet,PACKET_EMPTY_CACHE,0,31545711,,e92322bd9407d7f3ef50bf29c355d33f1370adaec05a2225c14f980a14a37a7a,,31.545711
packet,PACKET_EMPTY_CACHE,1,21587212,,e92322bd9407d7f3ef50bf29c355d33f1370adaec05a2225c14f980a14a37a7a,,21.587212
packet,PACKET_EMPTY_CACHE,2,20460709,,e92322bd9407d7f3ef50bf29c355d33f1370adaec05a2225c14f980a14a37a7a,,20.460709
packet,PACKET_EMPTY_CACHE,3,21058971,,e92322bd9407d7f3ef50bf29c355d33f1370adaec05a2225c14f980a14a37a7a,,21.058971
packet,PACKET_EMPTY_CACHE,4,20428855,,e92322bd9407d7f3ef50bf29c355d33f1370adaec05a2225c14f980a14a37a7a,,20.428855
signed_packet,PACKET_EMPTY_CACHE,0,21122594,,8c193e7be6bf80dec47c650e146e6a3670e470907185d488431d6717abad3972,,21.122594
signed_packet,PACKET_EMPTY_CACHE,1,21682530,,8c193e7be6bf80dec47c650e146e6a3670e470907185d488431d6717abad3972,,21.68253
signed_packet,PACKET_EMPTY_CACHE,2,23044085,,8c193e7be6bf80dec47c650e146e6a3670e470907185d488431d6717abad3972,,23.044085
signed_packet,PACKET_EMPTY_CACHE,3,21448879,,8c193e7be6bf80dec47c650e146e6a3670e470907185d488431d6717abad3972,,21.448879
signed_packet,PACKET_EMPTY_CACHE,4,22633488,,8c193e7be6bf80dec47c650e146e6a3670e470907185d488431d6717abad3972,,22.633488
signed_packet_chain,PACKET_EMPTY_CACHE,0,37258548,,05dc5d471e0c664a7bba7df02c4d5d0bf17c7e9f1b5a029ea93ee77c6757afec,,37.258548
signed_packet_chain,PACKET_EMPTY_CACHE,1,25718021,,05dc5d471e0c664a7bba7df02c4d5d0bf17c7e9f1b5a029ea93ee77c6757afec,,25.718021
signed_packet_chain,PACKET_EMPTY_CACHE,2,24707978,,05dc5d471e0c664a7bba7df02c4d5d0bf17c7e9f1b5a029ea93ee77c6757afec,,24.707978
signed_packet_chain,PACKET_EMPTY_CACHE,3,25226990,,05dc5d471e0c664a7bba7df02c4d5d0bf17c7e9f1b5a029ea93ee77c6757afec,,25.22699
signed_packet_chain,PACKET_EMPTY_CACHE,4,27944643,,05dc5d471e0c664a7bba7df02c4d5d0bf17c7e9f1b5a029ea93ee77c6757afec,,27.944643
signed_packet_chain,BOUNDARY_REFINEMENT_SECONDARY,0,17390869,,05dc5d471e0c664a7bba7df02c4d5d0bf17c7e9f1b5a029ea93ee77c6757afec,,17.390869
signed_packet_chain,BOUNDARY_REFINEMENT_SECONDARY,1,17368932,,05dc5d471e0c664a7bba7df02c4d5d0bf17c7e9f1b5a029ea93ee77c6757afec,,17.368932
signed_packet_chain,BOUNDARY_REFINEMENT_SECONDARY,2,18141972,,05dc5d471e0c664a7bba7df02c4d5d0bf17c7e9f1b5a029ea93ee77c6757afec,,18.141972
signed_packet_chain,BOUNDARY_REFINEMENT_SECONDARY,3,17998392,,05dc5d471e0c664a7bba7df02c4d5d0bf17c7e9f1b5a029ea93ee77c6757afec,,17.998392
signed_packet_chain,BOUNDARY_REFINEMENT_SECONDARY,4,17916761,,05dc5d471e0c664a7bba7df02c4d5d0bf17c7e9f1b5a029ea93ee77c6757afec,,17.916761
signed_packet_chain,BOUNDARY_REFINEMENT_SECONDARY,5,29916710,,05dc5d471e0c664a7bba7df02c4d5d0bf17c7e9f1b5a029ea93ee77c6757afec,,29.91671
signed_packet_chain,BOUNDARY_REFINEMENT_SECONDARY,6,17930990,,05dc5d471e0c664a7bba7df02c4d5d0bf17c7e9f1b5a029ea93ee77c6757afec,,17.93099
signed_packet_chain,BOUNDARY_REFINEMENT_SECONDARY,7,17751997,,05dc5d471e0c664a7bba7df02c4d5d0bf17c7e9f1b5a029ea93ee77c6757afec,,17.751997
signed_packet_chain,BOUNDARY_REFINEMENT_SECONDARY,8,18545457,,05dc5d471e0c664a7bba7df02c4d5d0bf17c7e9f1b5a029ea93ee77c6757afec,,18.545457
signed_packet_chain,BOUNDARY_REFINEMENT_SECONDARY,9,17322788,,05dc5d471e0c664a7bba7df02c4d5d0bf17c7e9f1b5a029ea93ee77c6757afec,,17.322788
signed_packet_chain,BOUNDARY_REFINEMENT_SECONDARY,10,17649398,,05dc5d471e0c664a7bba7df02c4d5d0bf17c7e9f1b5a029ea93ee77c6757afec,,17.649398
